Fecha;Día de Max.Fecha;Cantidad Pruebas;Confirmados en albergues;Confirmados Total;Fallecidos;Internados Generales;Internados UTI;Recuperados
7/3/2020;19 de noviembre de 2022;1;0;1;0;0;0;0
8/3/2020;19 de noviembre de 2022;0;0;0;0;0;0;0
9/3/2020;19 de noviembre de 2022;0;0;0;0;0;0;0
10/3/2020;19 de noviembre de 2022;8;0;4;0;3;2;0
11/3/2020;19 de noviembre de 2022;7;0;0;0;0;0;0
12/3/2020;19 de noviembre de 2022;6;0;1;0;0;0;0
13/3/2020;19 de noviembre de 2022;17;0;1;0;0;0;0
14/3/2020;19 de noviembre de 2022;15;0;0;0;0;0;0
15/3/2020;19 de noviembre de 2022;33;0;1;0;0;0;0
16/3/2020;19 de noviembre de 2022;27;0;1;0;0;0;0
17/3/2020;19 de noviembre de 2022;26;0;2;0;0;0;0
18/3/2020;19 de noviembre de 2022;24;0;0;0;0;0;0
19/3/2020;19 de noviembre de 2022;32;0;2;0;0;0;0
20/3/2020;19 de noviembre de 2022;44;0;5;1;0;0;0
21/3/2020;19 de noviembre de 2022;68;0;4;0;0;0;0
22/3/2020;19 de noviembre de 2022;37;0;0;0;0;0;0
23/3/2020;19 de noviembre de 2022;89;0;5;1;0;0;0
24/3/2020;19 de noviembre de 2022;91;0;10;1;2;0;0
25/3/2020;19 de noviembre de 2022;51;0;4;0;4;0;0
26/3/2020;19 de noviembre de 2022;78;0;11;0;4;0;1
27/3/2020;19 de noviembre de 2022;101;0;4;0;4;0;0
28/3/2020;19 de noviembre de 2022;60;0;3;0;4;0;0
29/3/2020;19 de noviembre de 2022;105;0;5;0;4;0;0
30/3/2020;19 de noviembre de 2022;68;0;1;0;4;0;0
31/3/2020;19 de noviembre de 2022;90;0;4;0;4;0;0
1/4/2020;19 de noviembre de 2022;95;0;8;0;5;0;2
2/4/2020;19 de noviembre de 2022;116;0;15;0;5;0;3
3/4/2020;19 de noviembre de 2022;165;0;4;0;5;0;6
4/4/2020;19 de noviembre de 2022;192;0;8;0;8;2;0
5/4/2020;19 de noviembre de 2022;200;2;9;2;8;2;0
6/4/2020;19 de noviembre de 2022;162;0;2;0;6;1;3
7/4/2020;19 de noviembre de 2022;212;0;4;0;6;2;0
8/4/2020;19 de noviembre de 2022;242;1;5;0;6;2;3
9/4/2020;19 de noviembre de 2022;223;0;5;1;5;1;0
10/4/2020;19 de noviembre de 2022;220;0;4;0;3;1;0
11/4/2020;19 de noviembre de 2022;230;0;1;0;3;1;4
12/4/2020;19 de noviembre de 2022;259;0;13;0;3;1;0
13/4/2020;19 de noviembre de 2022;248;0;12;1;3;1;0
14/4/2020;19 de noviembre de 2022;246;1;2;1;4;0;1
15/4/2020;19 de noviembre de 2022;379;0;13;0;4;0;7
16/4/2020;19 de noviembre de 2022;345;9;25;0;5;0;0
17/4/2020;19 de noviembre de 2022;338;0;3;0;6;0;5
18/4/2020;19 de noviembre de 2022;304;0;4;0;7;0;6
19/4/2020;19 de noviembre de 2022;247;2;2;0;10;0;5
20/4/2020;19 de noviembre de 2022;377;0;0;0;10;0;7
21/4/2020;19 de noviembre de 2022;414;1;5;1;6;0;9
22/4/2020;19 de noviembre de 2022;306;0;0;0;6;0;5
23/4/2020;19 de noviembre de 2022;319;4;7;0;3;0;3
24/4/2020;19 de noviembre de 2022;405;1;3;0;3;0;8
25/4/2020;19 de noviembre de 2022;308;2;5;0;4;0;7
26/4/2020;19 de noviembre de 2022;295;0;0;0;2;0;8
27/4/2020;19 de noviembre de 2022;519;1;2;0;2;0;2
28/4/2020;19 de noviembre de 2022;447;7;9;0;2;0;7
29/4/2020;19 de noviembre de 2022;563;5;10;0;3;0;9
30/4/2020;19 de noviembre de 2022;449;14;17;1;5;0;2
1/5/2020;19 de noviembre de 2022;439;66;67;0;5;0;2
2/5/2020;19 de noviembre de 2022;424;35;37;0;4;0;4
3/5/2020;19 de noviembre de 2022;340;24;26;0;7;0;7
4/5/2020;19 de noviembre de 2022;349;19;19;0;7;0;4
5/5/2020;19 de noviembre de 2022;458;16;16;0;7;0;5
6/5/2020;19 de noviembre de 2022;584;8;9;0;9;0;7
7/5/2020;19 de noviembre de 2022;599;15;22;0;8;0;6
8/5/2020;19 de noviembre de 2022;750;97;101;0;7;0;4
9/5/2020;19 de noviembre de 2022;800;124;126;0;10;0;3
10/5/2020;19 de noviembre de 2022;800;20;24;0;9;0;10
11/5/2020;19 de noviembre de 2022;709;10;11;0;10;0;5
12/5/2020;19 de noviembre de 2022;762;13;13;0;10;0;3
13/5/2020;19 de noviembre de 2022;672;3;3;1;9;0;9
14/5/2020;19 de noviembre de 2022;595;12;14;0;8;0;2
15/5/2020;19 de noviembre de 2022;672;5;5;0;7;0;9
16/5/2020;19 de noviembre de 2022;452;18;19;0;7;0;5
17/5/2020;19 de noviembre de 2022;816;8;8;0;7;0;4
18/5/2020;19 de noviembre de 2022;305;2;2;0;7;0;17
19/5/2020;19 de noviembre de 2022;692;41;41;0;5;0;11
20/5/2020;19 de noviembre de 2022;421;4;4;0;7;0;12
21/5/2020;19 de noviembre de 2022;445;1;3;0;8;0;14
22/5/2020;19 de noviembre de 2022;881;2;2;0;7;0;8
23/5/2020;19 de noviembre de 2022;937;9;12;0;7;0;34
24/5/2020;19 de noviembre de 2022;1007;11;12;0;7;0;9
25/5/2020;19 de noviembre de 2022;404;1;3;0;7;0;37
26/5/2020;19 de noviembre de 2022;953;11;12;0;8;0;38
27/5/2020;19 de noviembre de 2022;591;6;7;0;8;0;10
28/5/2020;19 de noviembre de 2022;665;5;16;0;7;1;10
29/5/2020;19 de noviembre de 2022;912;1;17;0;8;1;11
30/5/2020;19 de noviembre de 2022;816;25;47;0;7;2;53
31/5/2020;19 de noviembre de 2022;851;17;22;0;7;2;11
1/6/2020;19 de noviembre de 2022;830;2;9;0;8;2;11
2/6/2020;19 de noviembre de 2022;1272;15;18;0;8;2;10
3/6/2020;19 de noviembre de 2022;975;39;57;0;11;2;13
4/6/2020;19 de noviembre de 2022;1159;4;16;0;10;2;0
5/6/2020;19 de noviembre de 2022;1018;0;1;0;8;2;5
6/6/2020;19 de noviembre de 2022;1115;1;3;0;8;2;16
7/6/2020;19 de noviembre de 2022;1159;6;45;0;6;2;43
8/6/2020;19 de noviembre de 2022;1410;7;10;0;6;2;28
9/6/2020;19 de noviembre de 2022;1090;1;42;0;6;2;1
10/6/2020;19 de noviembre de 2022;1670;11;15;0;7;2;15
11/6/2020;19 de noviembre de 2022;1590;18;28;0;9;2;5
12/6/2020;19 de noviembre de 2022;1840;18;24;0;8;2;9
13/6/2020;19 de noviembre de 2022;1476;1;7;0;7;2;14
14/6/2020;19 de noviembre de 2022;1473;12;28;0;7;2;3
15/6/2020;19 de noviembre de 2022;648;1;7;1;8;2;23
16/6/2020;19 de noviembre de 2022;1249;1;7;1;7;2;26
17/6/2020;19 de noviembre de 2022;1200;2;5;0;8;1;12
18/6/2020;19 de noviembre de 2022;1471;3;22;0;10;1;6
19/6/2020;19 de noviembre de 2022;1629;0;6;0;10;1;24
20/6/2020;19 de noviembre de 2022;1549;0;26;0;9;1;50
21/6/2020;19 de noviembre de 2022;1165;2;17;0;8;1;80
22/6/2020;19 de noviembre de 2022;903;0;13;0;8;1;32
23/6/2020;19 de noviembre de 2022;1559;3;30;0;8;1;23
24/6/2020;19 de noviembre de 2022;1357;4;106;0;11;1;18
25/6/2020;19 de noviembre de 2022;1573;11;41;0;10;2;32
26/6/2020;19 de noviembre de 2022;1590;9;142;0;9;2;37
27/6/2020;19 de noviembre de 2022;1631;1;231;2;20;3;32
28/6/2020;19 de noviembre de 2022;1361;9;185;0;23;3;20
29/6/2020;19 de noviembre de 2022;1061;0;64;1;23;4;15
30/6/2020;19 de noviembre de 2022;1316;1;30;1;25;3;9
1/7/2020;19 de noviembre de 2022;1347;4;39;2;27;3;13
2/7/2020;19 de noviembre de 2022;1629;15;43;0;26;4;6
3/7/2020;19 de noviembre de 2022;1769;11;46;0;28;4;5
4/7/2020;19 de noviembre de 2022;1989;0;36;1;30;5;21
5/7/2020;19 de noviembre de 2022;1802;2;42;0;29;5;32
6/7/2020;19 de noviembre de 2022;1486;4;29;0;26;7;14
7/7/2020;19 de noviembre de 2022;2076;1;46;0;23;8;13
8/7/2020;19 de noviembre de 2022;1533;5;52;0;25;10;19
9/7/2020;19 de noviembre de 2022;2017;23;84;0;21;10;17
10/7/2020;19 de noviembre de 2022;2212;21;98;0;23;9;27
11/7/2020;19 de noviembre de 2022;2141;2;84;1;18;10;5
12/7/2020;19 de noviembre de 2022;1937;24;128;1;17;11;14
13/7/2020;19 de noviembre de 2022;1161;3;32;3;17;10;18
14/7/2020;19 de noviembre de 2022;1886;6;94;0;19;10;15
15/7/2020;19 de noviembre de 2022;1732;1;124;0;14;11;30
16/7/2020;19 de noviembre de 2022;2028;31;144;2;18;12;41
17/7/2020;19 de noviembre de 2022;2227;13;115;1;18;11;102
18/7/2020;19 de noviembre de 2022;2469;3;172;1;19;12;162
19/7/2020;19 de noviembre de 2022;2338;4;92;2;17;10;275
20/7/2020;19 de noviembre de 2022;1223;3;27;2;23;10;253
21/7/2020;19 de noviembre de 2022;1688;2;69;2;20;10;136
22/7/2020;19 de noviembre de 2022;1841;8;183;1;18;10;84
23/7/2020;19 de noviembre de 2022;2165;7;113;0;18;12;96
24/7/2020;19 de noviembre de 2022;2006;2;111;2;25;12;109
25/7/2020;19 de noviembre de 2022;1861;1;104;2;29;12;83
26/7/2020;19 de noviembre de 2022;1656;11;116;1;32;13;115
27/7/2020;19 de noviembre de 2022;1694;3;104;2;32;10;111
28/7/2020;19 de noviembre de 2022;1687;0;126;2;32;8;134
29/7/2020;19 de noviembre de 2022;1886;10;192;1;39;8;130
30/7/2020;19 de noviembre de 2022;2532;12;341;1;41;10;81
31/7/2020;19 de noviembre de 2022;2249;20;131;2;43;11;298
1/8/2020;19 de noviembre de 2022;1099;0;147;3;47;12;238
2/8/2020;19 de noviembre de 2022;1015;2;159;0;49;14;180
3/8/2020;19 de noviembre de 2022;1062;4;80;3;54;14;283
4/8/2020;19 de noviembre de 2022;1325;1;128;4;39;16;396
5/8/2020;19 de noviembre de 2022;1711;0;208;2;39;18;194
6/8/2020;19 de noviembre de 2022;1455;16;315;5;43;23;135
7/8/2020;19 de noviembre de 2022;1002;2;133;3;52;25;149
8/8/2020;19 de noviembre de 2022;1021;0;197;3;53;31;58
9/8/2020;19 de noviembre de 2022;1115;3;202;3;52;32;41
10/8/2020;19 de noviembre de 2022;1821;14;327;7;53;34;54
11/8/2020;19 de noviembre de 2022;2158;5;285;4;56;33;50
12/8/2020;19 de noviembre de 2022;2123;20;499;7;58;35;58
13/8/2020;19 de noviembre de 2022;1767;7;371;4;87;36;132
14/8/2020;19 de noviembre de 2022;3065;7;633;11;89;38;141
15/8/2020;19 de noviembre de 2022;2078;2;359;19;91;40;184
16/8/2020;19 de noviembre de 2022;2965;7;410;11;119;46;193
17/8/2020;19 de noviembre de 2022;2219;7;344;7;127;59;176
18/8/2020;19 de noviembre de 2022;3055;8;471;16;126;54;192
19/8/2020;19 de noviembre de 2022;2657;39;527;4;142;54;180
20/8/2020;19 de noviembre de 2022;3787;9;684;5;155;63;201
21/8/2020;19 de noviembre de 2022;3150;8;719;12;191;62;224
22/8/2020;19 de noviembre de 2022;2292;8;438;10;193;64;190
23/8/2020;19 de noviembre de 2022;1788;2;259;13;222;69;220
24/8/2020;19 de noviembre de 2022;2312;26;369;14;200;66;232
25/8/2020;19 de noviembre de 2022;2119;4;626;12;209;68;234
26/8/2020;19 de noviembre de 2022;2835;10;644;16;213;67;251
27/8/2020;19 de noviembre de 2022;2185;1;418;18;241;71;214
28/8/2020;19 de noviembre de 2022;3130;7;583;15;262;76;247
29/8/2020;19 de noviembre de 2022;2638;13;601;14;282;85;259
30/8/2020;19 de noviembre de 2022;1610;12;631;14;291;85;292
31/8/2020;19 de noviembre de 2022;2296;1;557;18;315;83;275
1/9/2020;19 de noviembre de 2022;3089;17;676;22;303;85;300
2/9/2020;19 de noviembre de 2022;3066;6;800;10;311;87;260
3/9/2020;19 de noviembre de 2022;3130;3;821;15;337;85;270
4/9/2020;19 de noviembre de 2022;2470;12;695;25;356;87;272
5/9/2020;19 de noviembre de 2022;2263;17;1217;14;356;88;287
6/9/2020;19 de noviembre de 2022;2719;20;615;23;377;96;323
7/9/2020;19 de noviembre de 2022;2754;1;867;14;400;101;391
8/9/2020;19 de noviembre de 2022;3020;16;861;14;385;108;396
9/9/2020;19 de noviembre de 2022;2667;6;812;11;387;113;389
10/9/2020;19 de noviembre de 2022;2650;2;605;11;408;129;420
11/9/2020;19 de noviembre de 2022;3010;6;881;11;404;134;452
12/9/2020;19 de noviembre de 2022;3708;2;813;18;438;134;498
13/9/2020;19 de noviembre de 2022;2981;0;493;11;449;136;609
14/9/2020;19 de noviembre de 2022;2523;0;669;14;461;144;526
15/9/2020;19 de noviembre de 2022;3105;5;811;13;457;148;447
16/9/2020;19 de noviembre de 2022;3552;11;1121;14;456;145;479
17/9/2020;19 de noviembre de 2022;2665;1;694;18;461;137;573
18/9/2020;19 de noviembre de 2022;3434;4;1014;27;475;143;608
19/9/2020;19 de noviembre de 2022;3105;6;888;25;483;144;614
20/9/2020;19 de noviembre de 2022;2506;2;505;23;498;147;582
21/9/2020;19 de noviembre de 2022;2061;1;740;17;509;149;512
22/9/2020;19 de noviembre de 2022;2908;5;568;29;523;157;628
23/9/2020;19 de noviembre de 2022;2977;9;743;22;528;157;610
24/9/2020;19 de noviembre de 2022;2735;30;833;16;520;157;635
25/9/2020;19 de noviembre de 2022;2468;12;822;18;519;165;615
26/9/2020;19 de noviembre de 2022;3031;0;696;21;517;155;640
27/9/2020;19 de noviembre de 2022;2648;7;762;21;524;154;662
28/9/2020;19 de noviembre de 2022;2784;3;748;15;559;161;644
29/9/2020;19 de noviembre de 2022;2061;2;669;23;550;160;685
30/9/2020;19 de noviembre de 2022;2937;4;657;16;552;152;701
1/10/2020;19 de noviembre de 2022;3417;2;1041;12;552;150;718
2/10/2020;19 de noviembre de 2022;2628;5;885;21;561;140;636
3/10/2020;19 de noviembre de 2022;2725;1;768;23;550;143;709
4/10/2020;19 de noviembre de 2022;2240;0;730;16;550;145;691
5/10/2020;19 de noviembre de 2022;2005;0;533;18;548;152;684
6/10/2020;19 de noviembre de 2022;2867;1;932;19;541;152;659
7/10/2020;19 de noviembre de 2022;3162;1;788;23;551;151;724
8/10/2020;19 de noviembre de 2022;3021;4;881;23;583;143;706
9/10/2020;19 de noviembre de 2022;3100;0;959;33;610;144;667
10/10/2020;19 de noviembre de 2022;2895;2;703;20;609;145;708
11/10/2020;19 de noviembre de 2022;2891;0;697;12;624;144;739
12/10/2020;19 de noviembre de 2022;2883;7;669;19;631;146;661
13/10/2020;19 de noviembre de 2022;2727;4;853;12;624;156;574
14/10/2020;19 de noviembre de 2022;3031;2;648;23;605;155;596
15/10/2020;19 de noviembre de 2022;2922;1;751;19;572;149;506
16/10/2020;19 de noviembre de 2022;2972;4;886;15;591;145;500
17/10/2020;19 de noviembre de 2022;2931;2;533;14;617;142;597
18/10/2020;19 de noviembre de 2022;2691;3;709;9;614;146;544
19/10/2020;19 de noviembre de 2022;2254;0;728;19;621;143;595
20/10/2020;19 de noviembre de 2022;3031;5;621;24;617;135;504
21/10/2020;19 de noviembre de 2022;2754;3;746;19;599;142;506
22/10/2020;19 de noviembre de 2022;2838;0;707;17;603;140;541
23/10/2020;19 de noviembre de 2022;2854;2;733;11;523;135;583
24/10/2020;19 de noviembre de 2022;3005;1;784;15;523;136;444
25/10/2020;19 de noviembre de 2022;2527;2;551;16;524;134;494
26/10/2020;19 de noviembre de 2022;2426;0;515;24;518;121;512
27/10/2020;19 de noviembre de 2022;2422;1;448;14;531;120;501
28/10/2020;19 de noviembre de 2022;2842;0;733;12;498;121;540
29/10/2020;19 de noviembre de 2022;3141;2;760;14;510;119;512
30/10/2020;19 de noviembre de 2022;3002;1;546;14;506;122;537
31/10/2020;19 de noviembre de 2022;2861;0;589;17;487;123;563
1/11/2020;19 de noviembre de 2022;2667;2;546;14;485;118;503
2/11/2020;19 de noviembre de 2022;1535;1;425;11;469;120;603
3/11/2020;19 de noviembre de 2022;3003;3;472;12;460;125;517
4/11/2020;19 de noviembre de 2022;2724;2;630;13;472;121;620
5/11/2020;19 de noviembre de 2022;2823;1;520;8;475;119;651
6/11/2020;19 de noviembre de 2022;2928;2;703;10;493;114;672
7/11/2020;19 de noviembre de 2022;2635;0;460;7;490;111;688
8/11/2020;19 de noviembre de 2022;2581;4;648;11;494;107;668
9/11/2020;19 de noviembre de 2022;2488;1;359;12;481;115;615
10/11/2020;19 de noviembre de 2022;2239;3;549;14;501;116;602
11/11/2020;19 de noviembre de 2022;2696;0;609;16;486;112;506
12/11/2020;19 de noviembre de 2022;2642;1;547;11;492;108;500
13/11/2020;19 de noviembre de 2022;2910;0;739;13;487;109;469
14/11/2020;19 de noviembre de 2022;2589;3;673;13;489;112;451
15/11/2020;19 de noviembre de 2022;1547;0;509;18;489;107;410
16/11/2020;19 de noviembre de 2022;3252;1;525;15;491;112;401
17/11/2020;19 de noviembre de 2022;2901;0;758;11;518;116;406
18/11/2020;19 de noviembre de 2022;3010;2;782;11;516;121;426
19/11/2020;19 de noviembre de 2022;3261;1;856;12;510;131;452
20/11/2020;19 de noviembre de 2022;2522;0;563;11;528;127;442
21/11/2020;19 de noviembre de 2022;2748;5;799;5;530;126;486
22/11/2020;19 de noviembre de 2022;2884;0;619;5;546;127;503
23/11/2020;19 de noviembre de 2022;2760;2;596;8;557;124;555
24/11/2020;19 de noviembre de 2022;3010;1;819;12;574;119;485
25/11/2020;19 de noviembre de 2022;3136;0;987;14;596;125;494
26/11/2020;19 de noviembre de 2022;3619;2;639;13;596;125;485
27/11/2020;19 de noviembre de 2022;3508;0;919;16;613;132;481
28/11/2020;19 de noviembre de 2022;3657;0;695;11;610;131;505
29/11/2020;19 de noviembre de 2022;3154;0;775;12;623;127;451
30/11/2020;19 de noviembre de 2022;3071;0;518;13;670;133;506
1/12/2020;19 de noviembre de 2022;3794;3;1055;15;713;142;496
2/12/2020;19 de noviembre de 2022;4065;0;1003;12;697;143;516
3/12/2020;19 de noviembre de 2022;4195;3;995;13;631;145;621
4/12/2020;19 de noviembre de 2022;4155;5;1022;17;598;144;558
5/12/2020;19 de noviembre de 2022;4080;0;714;20;588;140;639
6/12/2020;19 de noviembre de 2022;4092;1;707;20;598;139;665
7/12/2020;19 de noviembre de 2022;3912;1;803;19;623;149;655
8/12/2020;19 de noviembre de 2022;3830;0;698;15;631;145;640
9/12/2020;19 de noviembre de 2022;3920;0;725;14;613;149;648
10/12/2020;19 de noviembre de 2022;3970;1;812;13;632;151;636
11/12/2020;19 de noviembre de 2022;4010;3;1155;13;633;150;649
12/12/2020;19 de noviembre de 2022;3810;0;800;10;637;147;676
13/12/2020;19 de noviembre de 2022;3854;0;669;16;654;143;691
14/12/2020;19 de noviembre de 2022;3540;0;641;18;623;160;699
15/12/2020;19 de noviembre de 2022;3510;3;1130;20;662;172;711
16/12/2020;19 de noviembre de 2022;3724;2;856;23;680;166;705
17/12/2020;19 de noviembre de 2022;3627;2;819;18;677;179;693
18/12/2020;19 de noviembre de 2022;3880;0;1268;18;645;182;750
19/12/2020;19 de noviembre de 2022;3761;1;861;22;644;177;842
20/12/2020;19 de noviembre de 2022;3244;3;632;16;650;174;864
21/12/2020;19 de noviembre de 2022;3683;0;823;15;668;181;914
22/12/2020;19 de noviembre de 2022;3568;0;932;17;641;182;925
23/12/2020;19 de noviembre de 2022;3549;0;827;18;658;174;927
24/12/2020;19 de noviembre de 2022;3627;1;958;16;651;179;936
25/12/2020;19 de noviembre de 2022;3911;4;559;0;651;179;0
26/12/2020;19 de noviembre de 2022;1745;0;274;20;634;172;1850
27/12/2020;19 de noviembre de 2022;2150;2;260;14;639;163;903
28/12/2020;19 de noviembre de 2022;2927;1;952;14;638;174;909
29/12/2020;19 de noviembre de 2022;3297;0;762;18;630;162;926
30/12/2020;19 de noviembre de 2022;2628;0;822;22;647;157;937
31/12/2020;19 de noviembre de 2022;3274;2;974;20;651;163;943
1/1/2021;19 de noviembre de 2022;3107;1;417;0;651;163;0
2/1/2021;19 de noviembre de 2022;1040;0;369;17;630;160;1903
3/1/2021;19 de noviembre de 2022;1267;0;355;13;633;156;957
4/1/2021;19 de noviembre de 2022;2568;0;764;13;655;162;963
5/1/2021;19 de noviembre de 2022;2844;5;959;16;682;165;986
6/1/2021;19 de noviembre de 2022;3011;0;898;17;705;170;961
7/1/2021;19 de noviembre de 2022;3003;0;1162;15;732;170;977
8/1/2021;19 de noviembre de 2022;3257;0;1138;20;674;181;922
9/1/2021;19 de noviembre de 2022;3147;1;1032;15;683;184;901
10/1/2021;19 de noviembre de 2022;3008;0;707;18;670;180;896
11/1/2021;19 de noviembre de 2022;2481;1;802;15;682;181;881
12/1/2021;19 de noviembre de 2022;2906;3;1055;17;697;182;934
13/1/2021;19 de noviembre de 2022;3119;0;1002;14;695;185;882
14/1/2021;19 de noviembre de 2022;3157;0;1048;15;672;186;843
15/1/2021;19 de noviembre de 2022;3107;1;1149;13;655;187;832
16/1/2021;19 de noviembre de 2022;3402;2;859;16;641;187;872
17/1/2021;19 de noviembre de 2022;3120;0;512;10;638;186;901
18/1/2021;19 de noviembre de 2022;3135;0;428;13;650;204;877
19/1/2021;19 de noviembre de 2022;3239;0;771;17;616;209;838
20/1/2021;19 de noviembre de 2022;3449;4;1088;21;600;220;782
21/1/2021;19 de noviembre de 2022;3232;0;1071;14;602;238;763
22/1/2021;19 de noviembre de 2022;3412;0;852;15;583;250;751
23/1/2021;19 de noviembre de 2022;3144;0;711;22;573;243;745
24/1/2021;19 de noviembre de 2022;2887;0;571;10;574;245;739
25/1/2021;19 de noviembre de 2022;2717;0;714;15;584;244;728
26/1/2021;19 de noviembre de 2022;3161;0;1028;19;578;242;759
27/1/2021;19 de noviembre de 2022;3415;0;769;17;535;251;783
28/1/2021;19 de noviembre de 2022;3113;1;754;13;530;242;756
29/1/2021;19 de noviembre de 2022;3275;0;969;12;519;255;774
30/1/2021;19 de noviembre de 2022;3241;1;662;11;514;251;751
31/1/2021;19 de noviembre de 2022;3232;0;679;14;519;247;792
1/2/2021;19 de noviembre de 2022;3403;0;554;15;527;247;801
2/2/2021;19 de noviembre de 2022;3428;2;701;17;510;238;814
3/2/2021;19 de noviembre de 2022;3358;2;748;15;503;232;791
4/2/2021;19 de noviembre de 2022;3491;1;794;13;513;231;835
5/2/2021;19 de noviembre de 2022;3569;6;867;12;515;233;821
6/2/2021;19 de noviembre de 2022;3547;2;713;16;506;235;878
7/2/2021;19 de noviembre de 2022;3007;2;515;19;496;234;892
8/2/2021;19 de noviembre de 2022;3003;0;827;20;488;237;899
9/2/2021;19 de noviembre de 2022;3539;5;874;16;518;232;903
10/2/2021;19 de noviembre de 2022;3549;0;978;14;527;230;891
11/2/2021;19 de noviembre de 2022;3794;0;978;15;518;237;904
12/2/2021;19 de noviembre de 2022;3530;3;823;13;525;243;895
13/2/2021;19 de noviembre de 2022;3486;1;845;16;531;242;919
14/2/2021;19 de noviembre de 2022;3474;2;599;16;530;240;942
15/2/2021;19 de noviembre de 2022;3443;5;1053;17;555;233;931
16/2/2021;19 de noviembre de 2022;3619;9;1121;18;581;231;951
17/2/2021;19 de noviembre de 2022;3773;1;1037;20;581;232;800
18/2/2021;19 de noviembre de 2022;3796;0;1369;17;618;240;812
19/2/2021;19 de noviembre de 2022;3703;3;1062;18;609;239;923
20/2/2021;19 de noviembre de 2022;3613;0;1047;19;606;237;939
21/2/2021;19 de noviembre de 2022;3754;0;987;20;613;228;952
22/2/2021;19 de noviembre de 2022;3677;0;940;15;645;242;900
23/2/2021;19 de noviembre de 2022;3739;6;1132;21;676;250;912
24/2/2021;19 de noviembre de 2022;3309;0;1114;18;685;256;900
25/2/2021;19 de noviembre de 2022;3494;0;1285;16;697;256;900
26/2/2021;19 de noviembre de 2022;3573;0;1415;17;700;255;930
27/2/2021;19 de noviembre de 2022;3532;1;934;15;706;254;984
28/2/2021;19 de noviembre de 2022;3792;1;937;14;716;257;990
1/3/2021;19 de noviembre de 2022;3735;1;974;17;770;262;957
2/3/2021;19 de noviembre de 2022;3463;3;1084;20;790;261;981
3/3/2021;19 de noviembre de 2022;3551;0;1341;21;833;270;993
4/3/2021;19 de noviembre de 2022;3531;0;1440;17;863;293;1002
5/3/2021;19 de noviembre de 2022;3814;2;1501;22;893;294;1015
6/3/2021;19 de noviembre de 2022;3825;1;1158;16;878;300;1100
7/3/2021;19 de noviembre de 2022;4113;0;1074;24;884;293;1078
8/3/2021;19 de noviembre de 2022;4302;3;1817;25;889;296;1121
9/3/2021;19 de noviembre de 2022;4709;8;2125;17;926;324;1211
10/3/2021;19 de noviembre de 2022;4637;4;2028;27;959;327;1251
11/3/2021;19 de noviembre de 2022;5083;3;1814;24;985;331;1326
12/3/2021;19 de noviembre de 2022;5029;2;1766;25;1024;341;1301
13/3/2021;19 de noviembre de 2022;4961;4;1479;20;1038;342;1350
14/3/2021;19 de noviembre de 2022;4842;6;942;20;1038;349;1308
15/3/2021;19 de noviembre de 2022;5097;2;1401;41;1073;353;1441
16/3/2021;19 de noviembre de 2022;5118;3;1934;37;1148;354;1410
17/3/2021;19 de noviembre de 2022;5187;3;2540;34;1208;352;1501
18/3/2021;19 de noviembre de 2022;5810;6;2606;32;1277;368;1463
19/3/2021;19 de noviembre de 2022;6035;7;2006;42;1334;382;1510
20/3/2021;19 de noviembre de 2022;6021;3;2100;33;1368;377;1490
21/3/2021;19 de noviembre de 2022;6005;5;1523;35;1372;377;1530
22/3/2021;19 de noviembre de 2022;6070;3;1997;39;1453;404;1545
23/3/2021;19 de noviembre de 2022;6028;7;2023;49;1508;424;1560
24/3/2021;19 de noviembre de 2022;6374;4;2688;51;1570;413;1522
25/3/2021;19 de noviembre de 2022;6104;4;1882;41;1596;405;1601
26/3/2021;19 de noviembre de 2022;6109;6;2004;48;1680;420;1601
27/3/2021;19 de noviembre de 2022;6407;4;1893;45;1747;423;1594
28/3/2021;19 de noviembre de 2022;6477;4;2058;60;1785;407;1605
29/3/2021;19 de noviembre de 2022;6091;4;1770;50;1815;405;1584
30/3/2021;19 de noviembre de 2022;6461;2;2267;48;1864;397;1608
31/3/2021;19 de noviembre de 2022;6169;3;1977;45;1916;408;1620
1/4/2021;19 de noviembre de 2022;6011;4;1620;44;1954;428;1588
2/4/2021;19 de noviembre de 2022;5811;1;1609;44;1936;431;1602
3/4/2021;19 de noviembre de 2022;5779;3;1518;50;1932;428;1565
4/4/2021;19 de noviembre de 2022;5008;3;1822;55;1922;431;1580
5/4/2021;19 de noviembre de 2022;5139;1;1463;64;2028;429;1603
6/4/2021;19 de noviembre de 2022;5002;2;2073;59;2100;427;1579
7/4/2021;19 de noviembre de 2022;5716;3;2380;62;2170;436;1599
8/4/2021;19 de noviembre de 2022;5811;1;2479;60;2256;438;1610
9/4/2021;19 de noviembre de 2022;5958;4;2547;54;2344;445;1631
10/4/2021;19 de noviembre de 2022;6057;4;1603;51;2366;444;1643
11/4/2021;19 de noviembre de 2022;6143;3;1548;78;2377;442;1672
12/4/2021;19 de noviembre de 2022;6494;8;2251;62;2438;446;1701
13/4/2021;19 de noviembre de 2022;6363;1;2605;89;2403;485;1731
14/4/2021;19 de noviembre de 2022;6664;1;2021;62;2448;489;1755
15/4/2021;19 de noviembre de 2022;6450;6;2367;70;2445;504;1786
16/4/2021;19 de noviembre de 2022;6494;3;2278;67;2416;501;1850
17/4/2021;19 de noviembre de 2022;6337;0;1558;74;2427;499;1873
18/4/2021;19 de noviembre de 2022;6124;1;1801;62;2409;495;1901
19/4/2021;19 de noviembre de 2022;6512;4;2278;71;2450;510;1920
20/4/2021;19 de noviembre de 2022;6510;3;2610;86;2410;521;1951
21/4/2021;19 de noviembre de 2022;6422;3;2660;91;2477;508;1985
22/4/2021;19 de noviembre de 2022;6421;3;2682;72;2485;503;1971
23/4/2021;19 de noviembre de 2022;6409;5;2753;82;2501;525;1992
24/4/2021;19 de noviembre de 2022;6559;2;2195;87;2522;521;1983
25/4/2021;19 de noviembre de 2022;6416;3;1792;98;2513;514;1962
26/4/2021;19 de noviembre de 2022;6280;4;2271;102;2525;549;1984
27/4/2021;19 de noviembre de 2022;6394;7;2461;92;2516;563;1975
28/4/2021;19 de noviembre de 2022;6460;10;2362;102;2506;537;1953
29/4/2021;19 de noviembre de 2022;6401;4;2709;106;2523;526;1981
30/4/2021;19 de noviembre de 2022;6016;2;2240;83;2462;516;1979
1/5/2021;19 de noviembre de 2022;6067;3;1946;91;2476;512;1998
2/5/2021;19 de noviembre de 2022;6063;0;1520;96;2472;508;1936
3/5/2021;19 de noviembre de 2022;6011;4;1910;81;2562;527;1921
4/5/2021;19 de noviembre de 2022;6106;2;2215;69;2584;553;1902
5/5/2021;19 de noviembre de 2022;6030;3;2307;76;2588;552;1889
6/5/2021;19 de noviembre de 2022;6087;3;2566;85;2659;545;1875
7/5/2021;19 de noviembre de 2022;6019;5;2693;91;2738;567;1875
8/5/2021;19 de noviembre de 2022;6175;5;2073;76;2760;570;1880
9/5/2021;19 de noviembre de 2022;6137;4;1483;80;2756;565;1885
10/5/2021;19 de noviembre de 2022;6044;5;1895;79;2739;565;1907
11/5/2021;19 de noviembre de 2022;6088;4;2377;75;2801;581;1915
12/5/2021;19 de noviembre de 2022;6283;0;2828;74;2842;599;1923
13/5/2021;19 de noviembre de 2022;6081;4;2568;69;2840;592;1935
14/5/2021;19 de noviembre de 2022;6007;4;2181;55;2875;590;1985
15/5/2021;19 de noviembre de 2022;6030;1;2108;52;2892;584;1993
16/5/2021;19 de noviembre de 2022;6091;0;1781;62;2868;582;2001
17/5/2021;19 de noviembre de 2022;6067;7;2020;96;2862;560;1997
18/5/2021;19 de noviembre de 2022;6021;4;2704;110;2916;570;1990
19/5/2021;19 de noviembre de 2022;6063;2;2781;112;2959;569;2002
20/5/2021;19 de noviembre de 2022;6111;8;3031;98;2971;584;2008
21/5/2021;19 de noviembre de 2022;6056;5;3166;103;2924;570;2180
22/5/2021;19 de noviembre de 2022;6455;6;3229;120;2956;567;2205
23/5/2021;19 de noviembre de 2022;6615;2;2514;125;2908;564;2199
24/5/2021;19 de noviembre de 2022;6952;7;2721;114;3002;566;2208
25/5/2021;19 de noviembre de 2022;6993;2;3223;117;3063;601;2215
26/5/2021;19 de noviembre de 2022;7230;8;3307;110;3065;596;2219
27/5/2021;19 de noviembre de 2022;7866;3;3136;99;3137;598;2225
28/5/2021;19 de noviembre de 2022;8087;4;2827;92;3206;594;2218
29/5/2021;19 de noviembre de 2022;7895;5;2429;95;3159;597;2227
30/5/2021;19 de noviembre de 2022;8506;0;2075;96;3109;585;2235
31/5/2021;19 de noviembre de 2022;8400;3;2697;103;3212;590;2248
1/6/2021;19 de noviembre de 2022;8306;9;2860;107;3247;607;2279
2/6/2021;19 de noviembre de 2022;8651;3;3196;103;3342;605;2298
3/6/2021;19 de noviembre de 2022;8655;6;3262;102;3335;587;2302
4/6/2021;19 de noviembre de 2022;8643;1;3481;111;3340;605;2315
5/6/2021;19 de noviembre de 2022;8771;0;2838;130;3326;605;2377
6/6/2021;19 de noviembre de 2022;7344;1;2145;135;3351;593;2401
7/6/2021;19 de noviembre de 2022;8153;12;2833;131;3462;587;2425
8/6/2021;19 de noviembre de 2022;9564;3;3135;140;3560;571;2485
9/6/2021;19 de noviembre de 2022;9581;4;3098;133;3506;627;2550
10/6/2021;19 de noviembre de 2022;9356;3;2758;134;3456;617;2702
11/6/2021;19 de noviembre de 2022;9258;5;2698;149;3412;618;2715
12/6/2021;19 de noviembre de 2022;7046;1;1963;138;3384;613;2697
13/6/2021;19 de noviembre de 2022;7052;1;1786;135;3354;607;2692
14/6/2021;19 de noviembre de 2022;6798;1;2046;120;3417;617;2709
15/6/2021;19 de noviembre de 2022;7316;1;2667;115;3336;582;2725
16/6/2021;19 de noviembre de 2022;8509;2;2612;112;3287;584;2738
17/6/2021;19 de noviembre de 2022;8717;5;2482;113;3249;597;2724
18/6/2021;19 de noviembre de 2022;8646;3;2149;117;3214;563;2699
19/6/2021;19 de noviembre de 2022;8191;0;1683;110;3213;572;2708
20/6/2021;19 de noviembre de 2022;7242;0;1145;112;3150;571;2695
21/6/2021;19 de noviembre de 2022;6521;0;1501;110;3143;577;2687
22/6/2021;19 de noviembre de 2022;7049;1;1746;106;3062;570;2691
23/6/2021;19 de noviembre de 2022;7217;4;2148;124;2962;570;2677
24/6/2021;19 de noviembre de 2022;7339;6;1842;113;2966;575;2683
25/6/2021;19 de noviembre de 2022;6048;0;1863;129;2961;554;2671
26/6/2021;19 de noviembre de 2022;6425;2;1523;150;2930;546;2662
27/6/2021;19 de noviembre de 2022;6465;0;1487;152;2905;540;2673
28/6/2021;19 de noviembre de 2022;6021;6;1434;124;2838;532;2658
29/6/2021;19 de noviembre de 2022;6227;1;1825;122;2714;536;2643
30/6/2021;19 de noviembre de 2022;6443;3;1693;132;2590;541;2651
1/7/2021;19 de noviembre de 2022;6384;6;1716;122;2505;568;2598
2/7/2021;19 de noviembre de 2022;6003;2;1320;110;2427;573;2572
3/7/2021;19 de noviembre de 2022;4532;2;1224;108;2432;576;2326
4/7/2021;19 de noviembre de 2022;4128;0;1201;111;2422;573;2139
5/7/2021;19 de noviembre de 2022;4173;1;1141;101;2319;591;2001
6/7/2021;19 de noviembre de 2022;5541;3;1483;106;2351;587;1993
7/7/2021;19 de noviembre de 2022;5872;0;1434;92;2221;589;1938
8/7/2021;19 de noviembre de 2022;5819;1;1463;84;2201;618;1916
9/7/2021;19 de noviembre de 2022;5907;2;1258;77;2138;612;1865
10/7/2021;19 de noviembre de 2022;5846;0;1102;61;2127;615;1678
11/7/2021;19 de noviembre de 2022;5672;1;1095;51;2101;597;1652
12/7/2021;19 de noviembre de 2022;4374;0;1045;46;1812;571;1587
13/7/2021;19 de noviembre de 2022;5509;2;1133;52;1907;513;1530
14/7/2021;19 de noviembre de 2022;6022;2;1159;50;1736;495;1503
15/7/2021;19 de noviembre de 2022;5763;0;1151;54;1572;468;1485
16/7/2021;19 de noviembre de 2022;5726;3;1171;58;1566;457;1472
17/7/2021;19 de noviembre de 2022;5440;0;1049;52;1549;487;1395
18/7/2021;19 de noviembre de 2022;4029;0;565;58;1535;494;1317
19/7/2021;19 de noviembre de 2022;4007;0;573;52;1396;452;1325
20/7/2021;19 de noviembre de 2022;4253;0;702;54;1341;441;1333
21/7/2021;19 de noviembre de 2022;4412;2;879;52;1269;433;1342
22/7/2021;19 de noviembre de 2022;4268;0;718;55;1244;423;1351
23/7/2021;19 de noviembre de 2022;4236;0;644;49;1158;388;1324
24/7/2021;19 de noviembre de 2022;4230;0;410;43;1180;392;1295
25/7/2021;19 de noviembre de 2022;4018;1;423;60;1176;374;1283
26/7/2021;19 de noviembre de 2022;4473;0;561;48;1097;377;1250
27/7/2021;19 de noviembre de 2022;4359;0;592;58;1084;346;1266
28/7/2021;19 de noviembre de 2022;4438;1;664;61;1091;349;1275
29/7/2021;19 de noviembre de 2022;4318;1;537;56;1055;329;1210
30/7/2021;19 de noviembre de 2022;3287;1;390;53;954;310;1152
31/7/2021;19 de noviembre de 2022;3307;1;303;52;939;315;1003
1/8/2021;19 de noviembre de 2022;3509;0;310;61;946;317;1020
2/8/2021;19 de noviembre de 2022;3426;0;333;44;856;325;999
3/8/2021;19 de noviembre de 2022;3463;0;336;49;797;311;945
4/8/2021;19 de noviembre de 2022;4079;0;427;37;793;314;969
5/8/2021;19 de noviembre de 2022;3862;1;400;35;791;297;985
6/8/2021;19 de noviembre de 2022;3559;0;348;31;709;292;909
7/8/2021;19 de noviembre de 2022;3282;0;323;30;683;277;978
8/8/2021;19 de noviembre de 2022;3142;0;255;25;678;278;950
9/8/2021;19 de noviembre de 2022;3028;0;269;22;620;271;899
10/8/2021;19 de noviembre de 2022;3268;0;291;26;596;260;875
11/8/2021;19 de noviembre de 2022;3270;0;384;22;546;258;781
12/8/2021;19 de noviembre de 2022;3553;0;227;20;502;244;665
13/8/2021;19 de noviembre de 2022;3463;0;193;19;499;235;599
14/8/2021;19 de noviembre de 2022;3283;1;105;18;504;228;502
15/8/2021;19 de noviembre de 2022;3043;0;106;19;490;226;485
16/8/2021;19 de noviembre de 2022;2906;0;147;16;406;211;447
17/8/2021;19 de noviembre de 2022;3288;0;181;18;408;212;452
18/8/2021;19 de noviembre de 2022;3481;0;199;19;387;194;426
19/8/2021;19 de noviembre de 2022;3559;0;127;16;387;190;385
20/8/2021;19 de noviembre de 2022;3277;0;123;20;383;185;328
21/8/2021;19 de noviembre de 2022;3253;0;140;22;374;179;299
22/8/2021;19 de noviembre de 2022;2722;0;113;21;369;180;250
23/8/2021;19 de noviembre de 2022;3189;0;113;22;362;171;207
24/8/2021;19 de noviembre de 2022;3125;0;133;20;344;163;195
25/8/2021;19 de noviembre de 2022;3126;0;145;20;341;159;190
26/8/2021;19 de noviembre de 2022;3036;0;91;20;303;148;255
27/8/2021;19 de noviembre de 2022;3006;0;92;22;298;133;260
28/8/2021;19 de noviembre de 2022;3001;0;62;23;292;130;277
29/8/2021;19 de noviembre de 2022;1863;1;43;25;289;130;268
30/8/2021;19 de noviembre de 2022;2038;0;51;19;225;116;261
31/8/2021;19 de noviembre de 2022;2190;0;73;25;202;108;257
1/9/2021;19 de noviembre de 2022;2247;0;86;18;175;94;249
2/9/2021;19 de noviembre de 2022;2337;0;102;36;148;90;245
3/9/2021;19 de noviembre de 2022;2332;0;83;163;137;88;238
4/9/2021;19 de noviembre de 2022;2285;0;45;5;131;87;256
5/9/2021;19 de noviembre de 2022;2285;0;40;6;124;86;263
6/9/2021;19 de noviembre de 2022;2289;0;38;8;115;81;271
7/9/2021;19 de noviembre de 2022;2207;0;55;5;113;77;265
8/9/2021;19 de noviembre de 2022;2280;0;85;12;114;71;258
9/9/2021;19 de noviembre de 2022;2288;0;71;8;106;66;245
10/9/2021;19 de noviembre de 2022;2259;0;74;65;96;55;238
11/9/2021;19 de noviembre de 2022;2234;0;50;4;98;56;233
12/9/2021;19 de noviembre de 2022;2166;0;34;5;98;54;227
13/9/2021;19 de noviembre de 2022;2167;0;49;7;77;48;220
14/9/2021;19 de noviembre de 2022;2262;0;51;5;72;52;213
15/9/2021;19 de noviembre de 2022;2217;0;70;4;70;49;201
16/9/2021;19 de noviembre de 2022;2232;0;63;2;66;40;198
17/9/2021;19 de noviembre de 2022;2175;1;56;3;60;35;193
18/9/2021;19 de noviembre de 2022;2240;2;42;3;61;36;185
19/9/2021;19 de noviembre de 2022;2124;0;28;2;59;37;181
20/9/2021;19 de noviembre de 2022;2077;0;15;4;54;33;175
21/9/2021;19 de noviembre de 2022;2053;0;30;4;37;25;168
22/9/2021;19 de noviembre de 2022;2129;0;25;2;36;27;159
23/9/2021;19 de noviembre de 2022;2164;0;31;1;34;26;145
24/9/2021;19 de noviembre de 2022;2096;0;28;49;32;24;137
25/9/2021;19 de noviembre de 2022;2051;0;25;0;32;23;120
26/9/2021;19 de noviembre de 2022;2010;0;24;1;30;23;113
27/9/2021;19 de noviembre de 2022;1948;0;27;2;30;25;109
28/9/2021;19 de noviembre de 2022;1913;0;44;2;21;21;101
29/9/2021;19 de noviembre de 2022;1729;0;49;2;19;15;98
30/9/2021;19 de noviembre de 2022;1680;0;19;3;16;14;87
1/10/2021;19 de noviembre de 2022;1783;0;30;2;15;13;78
2/10/2021;19 de noviembre de 2022;1796;0;25;0;18;14;80
3/10/2021;19 de noviembre de 2022;1823;0;19;1;19;14;77
4/10/2021;19 de noviembre de 2022;1806;0;20;2;18;12;69
5/10/2021;19 de noviembre de 2022;1870;0;23;1;17;14;65
6/10/2021;19 de noviembre de 2022;1928;0;29;1;25;14;63
7/10/2021;19 de noviembre de 2022;1887;0;25;0;27;14;57
8/10/2021;19 de noviembre de 2022;1999;0;33;1;26;12;53
9/10/2021;19 de noviembre de 2022;1829;0;19;0;26;11;48
10/10/2021;19 de noviembre de 2022;1793;0;13;0;27;11;45
11/10/2021;19 de noviembre de 2022;1699;0;15;1;26;13;42
12/10/2021;19 de noviembre de 2022;1764;0;26;0;33;14;39
13/10/2021;19 de noviembre de 2022;1871;0;33;0;33;13;35
14/10/2021;19 de noviembre de 2022;1861;0;24;1;33;11;32
15/10/2021;19 de noviembre de 2022;1760;0;21;18;34;11;30
16/10/2021;19 de noviembre de 2022;1871;0;19;1;31;10;28
17/10/2021;19 de noviembre de 2022;1781;0;16;1;32;9;25
18/10/2021;19 de noviembre de 2022;1710;0;24;0;23;12;35
19/10/2021;19 de noviembre de 2022;1758;0;29;0;27;13;23
20/10/2021;19 de noviembre de 2022;1912;0;33;0;26;15;35
21/10/2021;19 de noviembre de 2022;1754;0;31;1;28;13;37
22/10/2021;19 de noviembre de 2022;1884;0;33;0;31;13;34
23/10/2021;19 de noviembre de 2022;1789;0;22;1;36;12;31
24/10/2021;19 de noviembre de 2022;1813;0;22;1;35;13;36
25/10/2021;19 de noviembre de 2022;1783;0;31;1;35;14;39
26/10/2021;19 de noviembre de 2022;1789;0;61;1;44;16;35
27/10/2021;19 de noviembre de 2022;1908;0;79;5;45;15;40
28/10/2021;19 de noviembre de 2022;1813;0;50;5;39;14;48
29/10/2021;19 de noviembre de 2022;1922;0;30;2;40;17;52
30/10/2021;19 de noviembre de 2022;1837;0;32;1;38;17;56
31/10/2021;19 de noviembre de 2022;1821;0;35;1;42;17;59
1/11/2021;19 de noviembre de 2022;1825;0;45;2;49;21;21
2/11/2021;19 de noviembre de 2022;1715;0;46;1;46;28;18
3/11/2021;19 de noviembre de 2022;1871;0;52;6;43;28;21
4/11/2021;19 de noviembre de 2022;1921;0;41;0;52;31;25
5/11/2021;19 de noviembre de 2022;1889;0;50;2;55;35;28
6/11/2021;19 de noviembre de 2022;1923;0;38;1;49;35;23
7/11/2021;19 de noviembre de 2022;1845;0;48;4;47;35;26
8/11/2021;19 de noviembre de 2022;1791;0;52;3;51;39;29
9/11/2021;19 de noviembre de 2022;1848;0;53;6;44;38;24
10/11/2021;19 de noviembre de 2022;1879;0;54;0;44;41;30
11/11/2021;19 de noviembre de 2022;1894;0;54;1;45;43;32
12/11/2021;19 de noviembre de 2022;1899;0;291;61;44;43;33
13/11/2021;19 de noviembre de 2022;1925;0;47;1;40;44;52
14/11/2021;19 de noviembre de 2022;1934;0;45;2;41;44;57
15/11/2021;19 de noviembre de 2022;1844;0;46;3;34;45;51
16/11/2021;19 de noviembre de 2022;1832;0;56;2;35;46;59
17/11/2021;19 de noviembre de 2022;1858;0;50;1;33;46;53
18/11/2021;19 de noviembre de 2022;1847;0;37;6;38;42;60
19/11/2021;19 de noviembre de 2022;1871;0;52;5;47;39;52
20/11/2021;19 de noviembre de 2022;1888;0;44;1;46;40;47
21/11/2021;19 de noviembre de 2022;1861;0;41;5;44;38;41
22/11/2021;19 de noviembre de 2022;1834;0;48;3;52;33;38
23/11/2021;19 de noviembre de 2022;1929;0;58;1;46;37;33
24/11/2021;19 de noviembre de 2022;2197;0;64;1;50;40;35
25/11/2021;19 de noviembre de 2022;2242;0;80;1;50;40;40
26/11/2021;19 de noviembre de 2022;2399;0;322;93;54;42;37
27/11/2021;19 de noviembre de 2022;2479;0;53;2;53;42;65
28/11/2021;19 de noviembre de 2022;2330;0;48;2;57;41;69
29/11/2021;19 de noviembre de 2022;2307;0;45;6;54;43;66
30/11/2021;19 de noviembre de 2022;2466;0;57;3;54;38;70
1/12/2021;19 de noviembre de 2022;2588;0;63;2;62;42;63
2/12/2021;19 de noviembre de 2022;2522;0;78;1;58;47;72
3/12/2021;19 de noviembre de 2022;2631;0;61;1;62;48;74
4/12/2021;19 de noviembre de 2022;2617;0;55;1;61;49;77
5/12/2021;19 de noviembre de 2022;2689;0;57;1;64;49;80
6/12/2021;19 de noviembre de 2022;2605;0;55;1;59;52;75
7/12/2021;19 de noviembre de 2022;2885;0;52;5;49;55;70
8/12/2021;19 de noviembre de 2022;2794;0;43;4;49;53;68
9/12/2021;19 de noviembre de 2022;2801;0;58;4;46;56;60
10/12/2021;19 de noviembre de 2022;2878;0;70;8;44;55;55
11/12/2021;19 de noviembre de 2022;2812;0;57;2;48;55;58
12/12/2021;19 de noviembre de 2022;2865;0;48;3;41;54;53
13/12/2021;19 de noviembre de 2022;2679;0;73;8;50;58;48
14/12/2021;19 de noviembre de 2022;2873;0;98;3;57;54;57
15/12/2021;19 de noviembre de 2022;2563;0;78;1;55;54;62
16/12/2021;19 de noviembre de 2022;2542;0;92;6;58;56;57
17/12/2021;19 de noviembre de 2022;2586;0;430;45;64;57;63
18/12/2021;19 de noviembre de 2022;2713;0;56;2;60;56;59
19/12/2021;19 de noviembre de 2022;2538;0;48;5;55;56;91
20/12/2021;19 de noviembre de 2022;2503;0;73;8;66;50;95
21/12/2021;19 de noviembre de 2022;2559;0;90;5;66;51;96
22/12/2021;19 de noviembre de 2022;2719;0;102;5;60;49;93
23/12/2021;19 de noviembre de 2022;2795;0;133;3;57;49;81
24/12/2021;19 de noviembre de 2022;2801;0;102;2;62;48;76
25/12/2021;19 de noviembre de 2022;2812;0;103;1;64;47;72
26/12/2021;19 de noviembre de 2022;2774;0;105;2;59;47;78
27/12/2021;19 de noviembre de 2022;2861;0;226;6;59;49;75
28/12/2021;19 de noviembre de 2022;3009;0;260;9;75;50;82
29/12/2021;19 de noviembre de 2022;3213;0;277;8;89;45;87
30/12/2021;19 de noviembre de 2022;4462;0;1021;1;95;44;95
31/12/2021;19 de noviembre de 2022;4975;0;903;4;97;46;101
1/1/2022;19 de noviembre de 2022;4182;0;321;2;93;46;106
2/1/2022;19 de noviembre de 2022;4268;0;587;6;92;46;110
3/1/2022;19 de noviembre de 2022;4473;0;590;5;91;37;105
4/1/2022;19 de noviembre de 2022;4579;0;937;3;90;41;113
5/1/2022;19 de noviembre de 2022;4866;0;974;8;110;39;120
6/1/2022;19 de noviembre de 2022;5084;0;1239;5;125;48;127
7/1/2022;19 de noviembre de 2022;5276;0;1664;4;133;51;125
8/1/2022;19 de noviembre de 2022;5546;0;1349;8;147;51;130
9/1/2022;19 de noviembre de 2022;8416;0;1206;3;145;51;138
10/1/2022;19 de noviembre de 2022;9922;0;3079;11;178;59;177
11/1/2022;19 de noviembre de 2022;12081;0;2535;5;196;57;169
12/1/2022;19 de noviembre de 2022;13386;0;4017;8;205;59;180
13/1/2022;19 de noviembre de 2022;14914;0;3366;14;249;67;250
14/1/2022;19 de noviembre de 2022;13001;0;4365;86;296;82;275
15/1/2022;19 de noviembre de 2022;12455;0;3082;15;292;81;309
16/1/2022;19 de noviembre de 2022;11767;0;3853;9;298;81;620
17/1/2022;19 de noviembre de 2022;10978;0;3191;23;366;87;686
18/1/2022;19 de noviembre de 2022;12068;0;5415;22;372;97;1115
19/1/2022;19 de noviembre de 2022;13030;0;6760;21;413;113;2555
20/1/2022;19 de noviembre de 2022;13729;0;6770;25;456;124;2602
21/1/2022;19 de noviembre de 2022;13223;0;5353;23;550;144;2523
22/1/2022;19 de noviembre de 2022;12693;0;3970;18;571;146;2898
23/1/2022;19 de noviembre de 2022;11748;0;4329;17;583;150;2975
24/1/2022;19 de noviembre de 2022;11380;0;5411;39;634;150;3001
25/1/2022;19 de noviembre de 2022;12160;0;5864;45;698;155;3035
26/1/2022;19 de noviembre de 2022;13026;0;5930;58;781;168;3615
27/1/2022;19 de noviembre de 2022;13010;0;5724;64;825;176;4190
28/1/2022;19 de noviembre de 2022;12557;0;5462;36;882;179;4205
29/1/2022;19 de noviembre de 2022;11224;0;5101;19;885;178;4510
30/1/2022;19 de noviembre de 2022;11023;0;6340;29;896;178;4650
31/1/2022;19 de noviembre de 2022;11520;0;6853;61;898;187;5206
1/2/2022;19 de noviembre de 2022;12120;0;5656;65;930;204;5513
2/2/2022;19 de noviembre de 2022;12981;0;5112;40;923;210;5586
3/2/2022;19 de noviembre de 2022;12481;0;3740;50;928;207;5985
4/2/2022;19 de noviembre de 2022;12159;0;3646;39;908;210;5978
5/2/2022;19 de noviembre de 2022;12076;0;3189;43;914;210;5589
6/2/2022;19 de noviembre de 2022;11715;0;2942;47;925;216;5653
7/2/2022;19 de noviembre de 2022;10010;0;2260;48;897;189;5532
8/2/2022;19 de noviembre de 2022;9108;0;2686;51;886;185;5223
9/2/2022;19 de noviembre de 2022;8478;0;3018;47;870;193;5859
10/2/2022;19 de noviembre de 2022;8507;0;2904;50;849;190;5995
11/2/2022;19 de noviembre de 2022;8001;0;1893;43;814;194;5986
12/2/2022;19 de noviembre de 2022;7856;0;1877;38;812;195;5905
13/2/2022;19 de noviembre de 2022;6265;0;1890;23;816;194;5056
14/2/2022;19 de noviembre de 2022;5503;0;1880;59;778;191;4850
15/2/2022;19 de noviembre de 2022;5650;0;2219;63;718;187;3685
16/2/2022;19 de noviembre de 2022;5714;0;2144;52;672;181;3245
17/2/2022;19 de noviembre de 2022;5783;0;1726;37;645;165;2832
18/2/2022;19 de noviembre de 2022;4001;0;1534;60;634;159;2515
19/2/2022;19 de noviembre de 2022;3838;0;802;15;631;162;2508
20/2/2022;19 de noviembre de 2022;3559;0;811;8;623;165;2527
21/2/2022;19 de noviembre de 2022;3135;0;929;38;553;156;2560
22/2/2022;19 de noviembre de 2022;3001;0;705;22;515;158;2315
23/2/2022;19 de noviembre de 2022;3116;0;928;22;519;155;1998
24/2/2022;19 de noviembre de 2022;2789;0;925;34;478;144;1912
25/2/2022;19 de noviembre de 2022;2688;0;735;18;425;149;1825
26/2/2022;19 de noviembre de 2022;2621;0;739;13;424;148;1753
27/2/2022;19 de noviembre de 2022;2547;0;769;13;426;151;1203
28/2/2022;19 de noviembre de 2022;2443;0;446;8;398;144;1003
1/3/2022;19 de noviembre de 2022;2383;0;417;25;374;128;998
2/3/2022;19 de noviembre de 2022;2628;0;389;30;354;132;975
3/3/2022;19 de noviembre de 2022;2479;0;409;18;327;130;956
4/3/2022;19 de noviembre de 2022;2331;0;360;14;292;130;912
5/3/2022;19 de noviembre de 2022;2291;0;277;6;291;132;898
6/3/2022;19 de noviembre de 2022;2200;0;260;11;288;131;825
7/3/2022;19 de noviembre de 2022;1979;0;320;11;271;121;808
8/3/2022;19 de noviembre de 2022;2121;0;410;12;248;119;799
9/3/2022;19 de noviembre de 2022;2553;0;411;16;242;106;780
10/3/2022;19 de noviembre de 2022;2301;0;363;7;222;100;774
11/3/2022;19 de noviembre de 2022;1932;0;272;5;219;86;721
12/3/2022;19 de noviembre de 2022;1926;0;113;7;217;85;715
13/3/2022;19 de noviembre de 2022;1922;0;115;9;210;85;692
14/3/2022;19 de noviembre de 2022;1922;0;171;10;187;80;502
15/3/2022;19 de noviembre de 2022;1922;0;229;4;162;77;408
16/3/2022;19 de noviembre de 2022;1900;0;212;3;157;75;375
17/3/2022;19 de noviembre de 2022;2102;0;135;4;67;68;320
18/3/2022;19 de noviembre de 2022;2247;0;213;12;153;57;306
19/3/2022;19 de noviembre de 2022;2031;0;125;6;152;57;298
20/3/2022;19 de noviembre de 2022;1757;0;131;9;148;57;295
21/3/2022;19 de noviembre de 2022;1596;0;169;13;127;50;290
22/3/2022;19 de noviembre de 2022;1730;0;160;4;243;49;292
23/3/2022;19 de noviembre de 2022;1829;0;110;3;118;48;289
24/3/2022;19 de noviembre de 2022;1907;0;134;2;110;45;275
25/3/2022;19 de noviembre de 2022;1850;0;135;54;99;40;250
26/3/2022;19 de noviembre de 2022;1788;0;74;1;100;38;227
27/3/2022;19 de noviembre de 2022;1640;0;69;1;100;37;216
28/3/2022;19 de noviembre de 2022;1529;0;97;0;90;33;196
29/3/2022;19 de noviembre de 2022;1655;0;134;0;91;32;243
30/3/2022;19 de noviembre de 2022;1792;0;108;0;89;30;183
31/3/2022;19 de noviembre de 2022;1932;0;64;0;78;30;177
1/4/2022;19 de noviembre de 2022;1993;0;60;4;76;27;172
2/4/2022;19 de noviembre de 2022;1826;0;33;64;77;27;196
3/4/2022;19 de noviembre de 2022;1810;0;17;2;73;25;237
4/4/2022;19 de noviembre de 2022;1678;0;25;1;64;22;210
5/4/2022;19 de noviembre de 2022;1754;0;40;8;62;23;200
6/4/2022;19 de noviembre de 2022;1828;0;34;5;55;16;190
7/4/2022;19 de noviembre de 2022;1875;0;35;30;51;15;175
8/4/2022;19 de noviembre de 2022;1901;0;39;4;48;16;128
9/4/2022;19 de noviembre de 2022;1559;0;46;4;46;17;106
10/4/2022;19 de noviembre de 2022;1559;0;46;2;30;16;44
11/4/2022;19 de noviembre de 2022;1504;0;58;4;24;14;54
12/4/2022;19 de noviembre de 2022;1605;0;66;2;21;13;52
13/4/2022;19 de noviembre de 2022;1565;0;61;0;24;13;50
14/4/2022;19 de noviembre de 2022;1595;0;41;0;23;13;42
15/4/2022;19 de noviembre de 2022;1425;0;45;0;24;13;40
16/4/2022;19 de noviembre de 2022;1509;0;35;1;25;12;36
17/4/2022;19 de noviembre de 2022;1064;0;12;0;24;13;99
18/4/2022;19 de noviembre de 2022;1160;0;31;1;19;12;79
19/4/2022;19 de noviembre de 2022;1073;0;45;1;17;13;75
20/4/2022;19 de noviembre de 2022;1198;0;32;0;21;8;73
21/4/2022;19 de noviembre de 2022;1243;0;26;1;21;8;70
22/4/2022;19 de noviembre de 2022;1168;0;34;0;24;7;45
23/4/2022;19 de noviembre de 2022;1225;0;19;0;21;8;34
24/4/2022;19 de noviembre de 2022;1073;0;40;0;22;6;50
25/4/2022;19 de noviembre de 2022;1020;0;83;0;22;5;35
26/4/2022;19 de noviembre de 2022;1077;0;39;0;25;5;47
27/4/2022;19 de noviembre de 2022;1131;0;22;0;0;4;49
28/4/2022;19 de noviembre de 2022;1156;0;36;0;30;4;52
29/4/2022;19 de noviembre de 2022;1197;0;26;0;28;4;48
30/4/2022;19 de noviembre de 2022;1122;0;17;0;30;4;39
1/5/2022;19 de noviembre de 2022;1126;0;28;0;31;4;42
2/5/2022;19 de noviembre de 2022;1063;0;32;0;24;4;40
3/5/2022;19 de noviembre de 2022;1020;0;19;0;19;5;46
4/5/2022;19 de noviembre de 2022;1082;0;31;0;14;7;48
5/5/2022;19 de noviembre de 2022;1084;0;40;0;12;8;44
6/5/2022;19 de noviembre de 2022;1707;0;33;0;9;8;42
7/5/2022;19 de noviembre de 2022;1705;0;28;0;9;8;38
8/5/2022;19 de noviembre de 2022;1601;0;19;0;7;9;30
9/5/2022;19 de noviembre de 2022;1523;0;65;1;4;9;26
10/5/2022;19 de noviembre de 2022;1413;0;70;1;1;11;23
11/5/2022;19 de noviembre de 2022;1400;0;80;1;3;9;21
12/5/2022;19 de noviembre de 2022;1420;0;44;1;5;8;25
13/5/2022;19 de noviembre de 2022;1330;0;40;0;5;8;22
14/5/2022;19 de noviembre de 2022;1303;0;36;0;4;8;21
15/5/2022;19 de noviembre de 2022;1245;0;21;0;5;7;40
16/5/2022;19 de noviembre de 2022;1197;0;41;3;13;4;35
17/5/2022;19 de noviembre de 2022;1245;0;51;4;12;4;38
18/5/2022;19 de noviembre de 2022;1407;0;75;2;11;4;34
19/5/2022;19 de noviembre de 2022;1197;0;92;0;9;3;32
20/5/2022;19 de noviembre de 2022;1186;0;70;0;11;3;36
21/5/2022;19 de noviembre de 2022;1182;0;26;0;11;3;33
22/5/2022;19 de noviembre de 2022;1127;0;55;0;11;3;62
23/5/2022;19 de noviembre de 2022;1103;0;77;2;11;4;59
24/5/2022;19 de noviembre de 2022;1093;0;81;1;20;3;56
25/5/2022;19 de noviembre de 2022;1136;0;119;1;13;4;55
26/5/2022;19 de noviembre de 2022;1117;0;121;0;18;4;58
27/5/2022;19 de noviembre de 2022;1061;0;90;12;19;6;55
28/5/2022;19 de noviembre de 2022;1108;0;64;1;18;6;52
29/5/2022;19 de noviembre de 2022;1051;0;61;17;15;6;64
30/5/2022;19 de noviembre de 2022;1029;0;95;1;10;5;61
31/5/2022;19 de noviembre de 2022;1119;0;120;0;12;5;58
1/6/2022;19 de noviembre de 2022;1136;0;126;0;12;5;56
2/6/2022;19 de noviembre de 2022;1146;0;130;0;19;4;55
3/6/2022;19 de noviembre de 2022;1175;0;160;3;20;3;54
4/6/2022;19 de noviembre de 2022;1176;0;84;0;21;3;44
5/6/2022;19 de noviembre de 2022;0;0;89;0;22;3;118
6/6/2022;19 de noviembre de 2022;1126;0;109;4;28;5;115
7/6/2022;19 de noviembre de 2022;1169;0;193;2;32;6;113
8/6/2022;19 de noviembre de 2022;1362;0;229;0;32;8;110
9/6/2022;19 de noviembre de 2022;1178;0;243;6;39;9;107
10/6/2022;19 de noviembre de 2022;1206;0;279;3;36;7;105
11/6/2022;19 de noviembre de 2022;1320;0;207;0;33;8;101
12/6/2022;19 de noviembre de 2022;1320;0;227;0;34;8;101
13/6/2022;19 de noviembre de 2022;1332;0;229;6;40;6;108
14/6/2022;19 de noviembre de 2022;1108;0;282;3;44;8;121
15/6/2022;19 de noviembre de 2022;1349;0;332;2;57;5;158
16/6/2022;19 de noviembre de 2022;1347;0;366;3;72;5;201
17/6/2022;19 de noviembre de 2022;1420;0;369;1;72;10;208
18/6/2022;19 de noviembre de 2022;1386;0;298;1;71;11;214
19/6/2022;19 de noviembre de 2022;2636;0;1654;4;11;81;236
20/6/2022;19 de noviembre de 2022;2636;0;1900;3;16;93;268
21/6/2022;19 de noviembre de 2022;2635;0;2219;6;15;114;222
22/6/2022;19 de noviembre de 2022;2610;0;2326;10;18;144;213
23/6/2022;19 de noviembre de 2022;2663;0;2289;2;21;175;224
24/6/2022;19 de noviembre de 2022;2649;0;2221;1;24;209;274
25/6/2022;19 de noviembre de 2022;2666;0;2130;5;24;214;327
26/6/2022;19 de noviembre de 2022;2515;0;2226;1;186;25;372
27/6/2022;19 de noviembre de 2022;5016;0;2634;13;216;31;354
28/6/2022;19 de noviembre de 2022;4142;0;2940;8;239;32;266
29/6/2022;19 de noviembre de 2022;5758;0;3290;10;240;34;296
30/6/2022;19 de noviembre de 2022;5148;0;3907;6;276;33;540
1/7/2022;19 de noviembre de 2022;5178;0;3814;1;297;37;851
2/7/2022;19 de noviembre de 2022;5181;0;3617;3;300;37;930
3/7/2022;19 de noviembre de 2022;4947;0;2172;2;297;36;919
4/7/2022;19 de noviembre de 2022;4863;0;1510;9;366;37;860
5/7/2022;19 de noviembre de 2022;5099;0;2143;7;361;41;762
6/7/2022;19 de noviembre de 2022;6422;0;2480;8;410;44;850
7/7/2022;19 de noviembre de 2022;6731;0;2615;8;384;49;1256
8/7/2022;19 de noviembre de 2022;7053;0;2472;6;404;50;1549
9/7/2022;19 de noviembre de 2022;5084;0;1599;7;405;49;1879
10/7/2022;19 de noviembre de 2022;4001;0;1300;7;414;49;2780
11/7/2022;19 de noviembre de 2022;3118;0;2143;6;427;53;2408
12/7/2022;19 de noviembre de 2022;6240;0;1481;17;479;60;2202
13/7/2022;19 de noviembre de 2022;6444;0;2095;14;485;59;2122
14/7/2022;19 de noviembre de 2022;6048;0;1769;9;479;63;1471
15/7/2022;19 de noviembre de 2022;5582;0;1897;7;488;69;2071
16/7/2022;19 de noviembre de 2022;4873;0;1181;4;476;72;2405
17/7/2022;19 de noviembre de 2022;4019;0;1127;6;473;73;2723
18/7/2022;19 de noviembre de 2022;5164;0;702;15;469;87;2371
19/7/2022;19 de noviembre de 2022;4119;0;755;12;432;89;1586
20/7/2022;19 de noviembre de 2022;4152;0;891;10;374;97;1285
21/7/2022;19 de noviembre de 2022;2609;0;859;19;361;93;2010
22/7/2022;19 de noviembre de 2022;2514;0;790;5;366;96;1426
23/7/2022;19 de noviembre de 2022;3050;0;877;6;375;94;2004
24/7/2022;19 de noviembre de 2022;1942;0;791;9;371;94;1746
25/7/2022;19 de noviembre de 2022;1942;0;555;11;392;88;1735
26/7/2022;19 de noviembre de 2022;3281;0;699;15;385;85;1163
27/7/2022;19 de noviembre de 2022;2049;0;662;18;376;82;1089
28/7/2022;19 de noviembre de 2022;2310;0;400;5;367;84;687
29/7/2022;19 de noviembre de 2022;2194;0;360;10;365;77;754
30/7/2022;19 de noviembre de 2022;1581;0;299;1;357;78;845
31/7/2022;19 de noviembre de 2022;1321;0;231;0;355;77;854
1/8/2022;19 de noviembre de 2022;1474;0;267;10;320;83;745
2/8/2022;19 de noviembre de 2022;2253;0;280;9;288;86;851
3/8/2022;19 de noviembre de 2022;1923;0;341;13;248;81;726
4/8/2022;19 de noviembre de 2022;1866;0;372;7;252;82;522
5/8/2022;19 de noviembre de 2022;1703;0;318;9;247;76;678
6/8/2022;19 de noviembre de 2022;1573;0;208;20;243;76;610
7/8/2022;19 de noviembre de 2022;1573;0;206;7;245;76;
8/8/2022;19 de noviembre de 2022;800;0;161;44;218;70;
9/8/2022;19 de noviembre de 2022;1621;0;167;17;219;64;
10/8/2022;19 de noviembre de 2022;1369;0;239;7;188;64;
11/8/2022;19 de noviembre de 2022;1595;0;195;5;185;58;
12/8/2022;19 de noviembre de 2022;1271;0;175;3;170;56;
13/8/2022;19 de noviembre de 2022;1220;0;128;8;176;56;
14/8/2022;19 de noviembre de 2022;1302;0;130;6;173;56;
15/8/2022;19 de noviembre de 2022;1135;0;73;2;162;59;
16/8/2022;19 de noviembre de 2022;925;0;85;6;143;49;
17/8/2022;19 de noviembre de 2022;1346;0;75;6;123;53;
18/8/2022;19 de noviembre de 2022;1342;0;47;7;114;51;
19/8/2022;19 de noviembre de 2022;1033;0;205;3;116;46;
20/8/2022;19 de noviembre de 2022;1042;0;64;0;116;45;
21/8/2022;19 de noviembre de 2022;1042;0;43;1;117;43;
22/8/2022;19 de noviembre de 2022;1132;0;32;1;93;38;
23/8/2022;19 de noviembre de 2022;1516;0;83;3;85;33;
24/8/2022;19 de noviembre de 2022;1307;0;47;1;76;32;
25/8/2022;19 de noviembre de 2022;1032;0;74;1;72;26;
26/8/2022;19 de noviembre de 2022;1004;0;53;7;57;28;
27/8/2022;19 de noviembre de 2022;830;0;22;2;59;28;
28/8/2022;19 de noviembre de 2022;979;0;9;1;58;28;
29/8/2022;19 de noviembre de 2022;532;0;6;1;50;20;
30/8/2022;19 de noviembre de 2022;1242;0;23;1;46;20;
31/8/2022;19 de noviembre de 2022;984;0;16;1;40;18;
1/9/2022;19 de noviembre de 2022;896;0;32;4;40;20;
2/9/2022;19 de noviembre de 2022;795;0;14;1;40;17;
3/9/2022;19 de noviembre de 2022;845;0;20;2;39;17;
4/9/2022;19 de noviembre de 2022;835;0;13;0;39;17;
5/9/2022;19 de noviembre de 2022;442;0;22;1;40;15;
6/9/2022;19 de noviembre de 2022;1143;0;21;2;41;14;
7/9/2022;19 de noviembre de 2022;1019;0;16;1;37;14;
8/9/2022;19 de noviembre de 2022;930;0;21;2;36;11;
9/9/2022;19 de noviembre de 2022;830;0;22;2;38;10;
10/9/2022;19 de noviembre de 2022;978;0;22;0;37;10;
11/9/2022;19 de noviembre de 2022;406;0;4;1;48;10;
12/9/2022;19 de noviembre de 2022;406;0;7;0;36;10;
13/9/2022;19 de noviembre de 2022;1093;0;6;0;29;11;
14/9/2022;19 de noviembre de 2022;993;0;9;1;26;12;
15/9/2022;19 de noviembre de 2022;710;0;11;0;20;11;
16/9/2022;19 de noviembre de 2022;628;0;6;0;22;11;
17/9/2022;19 de noviembre de 2022;618;0;4;1;23;11;
18/9/2022;19 de noviembre de 2022;618;0;5;2;13;10;
19/9/2022;19 de noviembre de 2022;444;0;5;2;4;9;
20/9/2022;19 de noviembre de 2022;1052;0;5;1;2;10;
21/9/2022;19 de noviembre de 2022;909;0;4;1;2;9;
22/9/2022;19 de noviembre de 2022;811;0;4;1;3;8;
23/9/2022;19 de noviembre de 2022;736;0;4;1;2;7;
24/9/2022;19 de noviembre de 2022;478;0;1;0;3;6;
25/9/2022;19 de noviembre de 2022;406;0;1;3;3;6;
26/9/2022;19 de noviembre de 2022;412;0;9;1;6;4;
27/9/2022;19 de noviembre de 2022;1072;0;6;0;6;3;
28/9/2022;19 de noviembre de 2022;850;0;9;0;7;2;
29/9/2022;19 de noviembre de 2022;819;0;6;0;8;3;
30/9/2022;19 de noviembre de 2022;600;0;3;0;5;4;
1/10/2022;19 de noviembre de 2022;403;0;0;0;5;4;
2/10/2022;19 de noviembre de 2022;519;0;1;0;5;4;
3/10/2022;19 de noviembre de 2022;463;0;0;0;3;5;
4/10/2022;19 de noviembre de 2022;471;0;1;0;0;4;
5/10/2022;19 de noviembre de 2022;985;0;7;0;0;4;
6/10/2022;19 de noviembre de 2022;845;0;4;0;2;3;
7/10/2022;19 de noviembre de 2022;636;0;5;0;2;3;
8/10/2022;19 de noviembre de 2022;680;0;0;0;3;3;
9/10/2022;19 de noviembre de 2022;539;0;3;0;1;4;
10/10/2022;19 de noviembre de 2022;364;0;10;0;5;3;
11/10/2022;19 de noviembre de 2022;903;0;4;0;7;3;
12/10/2022;19 de noviembre de 2022;696;0;3;0;7;3;
13/10/2022;19 de noviembre de 2022;711;0;8;2;6;2;
14/10/2022;19 de noviembre de 2022;499;0;4;0;4;3;
15/10/2022;19 de noviembre de 2022;454;0;3;0;4;3;
16/10/2022;19 de noviembre de 2022;548;0;0;0;4;3;
17/10/2022;19 de noviembre de 2022;351;0;4;0;3;5;
18/10/2022;19 de noviembre de 2022;959;0;5;0;5;5;
19/10/2022;19 de noviembre de 2022;600;0;2;0;4;4;
20/10/2022;19 de noviembre de 2022;500;3;2;0;4;4;
21/10/2022;19 de noviembre de 2022;579;0;11;0;3;4;
22/10/2022;19 de noviembre de 2022;605;0;3;0;2;4;
23/10/2022;19 de noviembre de 2022;629;0;3;0;2;4;
24/10/2022;19 de noviembre de 2022;308;0;1;0;4;3;
25/10/2022;19 de noviembre de 2022;553;0;1;0;2;4;
26/10/2022;19 de noviembre de 2022;500;0;0;3;3;4;
27/10/2022;19 de noviembre de 2022;399;0;5;2;3;4;
28/10/2022;19 de noviembre de 2022;350;0;4;0;3;4;
29/10/2022;19 de noviembre de 2022;378;0;4;0;3;4;
30/10/2022;19 de noviembre de 2022;346;0;0;0;3;4;
31/10/2022;19 de noviembre de 2022;499;0;1;0;-1;5;
1/11/2022;19 de noviembre de 2022;496;0;5;0;1;4;
2/11/2022;19 de noviembre de 2022;423;0;9;2;7;2;
3/11/2022;19 de noviembre de 2022;487;0;3;0;9;1;
4/11/2022;19 de noviembre de 2022;447;0;11;0;10;2;
5/11/2022;19 de noviembre de 2022;438;0;3;0;9;2;
6/11/2022;19 de noviembre de 2022;279;0;1;0;9;2;
7/11/2022;19 de noviembre de 2022;340;0;1;0;9;0;
8/11/2022;19 de noviembre de 2022;492;0;6;0;9;0;
9/11/2022;19 de noviembre de 2022;546;0;0;0;9;0;
10/11/2022;19 de noviembre de 2022;233;0;3;3;10;1;
11/11/2022;19 de noviembre de 2022;537;0;6;0;7;2;
12/11/2022;19 de noviembre de 2022;447;0;5;0;7;2;
13/11/2022;19 de noviembre de 2022;319;0;3;0;7;2;
14/11/2022;19 de noviembre de 2022;341;0;5;0;7;2;
15/11/2022;19 de noviembre de 2022;520;0;13;0;6;2;
16/11/2022;19 de noviembre de 2022;536;0;6;0;7;2;
17/11/2022;19 de noviembre de 2022;552;0;13;10;7;3;
18/11/2022;19 de noviembre de 2022;485;0;9;0;7;4;
19/11/2022;19 de noviembre de 2022;389;0;7;0;7;4;
