fecha,peor,mejor,proy,eq,X2w,X4w,q25,q75,X10p,X20p,dailyF,Fallecidos,CapacidadMax,FechaCapacidadMax
2022-12-24,2.23411608245806,2.23411608245806,2.23411608245806,2.23411608245806,2.23411608245806,2.23411608245806,2.23411608245806,2.23411608245806,2.23411608245806,2.23411608245806,2.23411608245806,2.0,14914.0,2023-01-06
2022-12-25,2.4135543242955495,2.40246820333414,2.40813371970216,2.408133718709,2.40813372239063,2.40813372122648,2.40813371810145,2.40813379780957,2.40813380063628,2.40813372124103,,3.0,14914.0,2023-01-06
2022-12-26,2.6267539372966002,2.55363843338273,2.59083724753509,2.59083723854928,2.59083727188408,2.5908372613776,2.59083723307776,2.5908374535574703,2.59083747911427,2.5908372614503596,,3.0,14914.0,2023-01-06
2022-12-27,2.85937984122575,2.67198327756705,2.76654097341088,2.76654093836623,2.76654106814021,2.76654102734756,2.7665409170294906,2.7665415044539303,2.76654160367616,2.76654102766406,,3.0,14914.0,2023-01-06
2022-12-28,3.1158340941838105,2.7683956926048303,2.94171414336233,2.94171403950531,2.9417144248182003,2.9417143032442303,2.94171397628816,2.94171548534723,2.94171578099485,2.9417143041682703,,4.0,14914.0,2023-01-06
2022-12-29,3.39950602049066,2.84957757829397,3.1200976751279104,3.1200973946615695,3.12009843499982,3.12009810684685,3.1200972239457796,3.1201010720178597,3.1201018698266103,3.12009810933523,,2.0,14914.0,2023-01-06
2022-12-30,3.7133137748060094,2.9196036459507,3.3038152345689,3.3038145155042002,3.3038171842817996,3.3038163420897,3.30381407801542,3.30382365269179,3.3038257023690702,3.30381634847799,,6.0,14914.0,2023-01-06
2022-12-31,4.06000492205203,2.9809363015047,3.4940716041382998,3.49406980101412,3.4940764945276896,3.4940743817423905,3.49406870394523,3.4940926715135,3.49409774142623,3.49407439777133,,5.0,14914.0,2023-01-06
2023-01-01,4.44232993897458,3.03505255550044,3.69154652209545,3.6915420380210002,3.69155864556888,3.69155341436999,3.6915393058334303,3.6915991230926,3.69161164912657,3.6915534540930803,,4.0,14914.0,2023-01-06
2023-01-02,4.86314259080245,3.0828359068837003,3.89662898883034,3.89661782048643,3.8966589444135,3.89664616905065,3.89661101403181,3.89676000971667,3.89679120831715,3.8966462680327796,,9.0,14914.0,2023-01-06
2023-01-03,5.325454190438901,3.1248205647316403,4.109553651320311,4.10952593663751,4.10962785588708,4.10959661766537,4.1095091714451,4.10987720330377,4.109952280708971,4.10959686605202,,4.0,14914.0,2023-01-06
2023-01-04,5.832463136379371,3.16134322809739,4.3304797272358,4.33041227512149,4.33066304184104,4.33058327529943,4.3303706165716,4.3312948379789304,4.33147860646204,4.33058387123674,,4.0,14914.0,2023-01-06
2023-01-05,6.38756827367615,3.19263276241327,4.5595352793207,4.55936827828918,4.5599868889767095,4.559790895928019,4.55926718471892,4.561520283365099,4.561997890770731,4.55979236394342,,2.0,14914.0,2023-01-06
2023-01-06,6.994369132771679,3.21886603646635,4.7968412415139,4.79645935668668,4.79795013987314,4.79746916958175,4.7961876141926,4.80175593746026,4.8028988672158395,4.79747280607626,,1.0,14914.0,2023-01-06
2023-01-07,7.65666537209836,3.24019904134548,5.04252446082683,5.04154697240301,5.04523660682389,5.0440620930348805,5.04092354714521,5.0545423032890495,5.05733953047093,5.04407104950587,,,14914.0,2023-01-06
2023-01-08,8.37844046035389,3.25678509649515,5.29672308239242,5.294302296813839,5.303282797765861,5.300455561751731,5.292839172198,5.32546300069225,5.33237393603849,5.30047789111632,,,14914.0,2023-01-06
2023-01-09,9.16384130726146,3.26878280125675,5.55958844102497,5.5538007596806,5.57531031854887,5.568525547347241,5.55028645008133,5.62606090546979,5.64274245855268,5.56857694239079,,,14914.0,2023-01-06
2023-01-10,10.0171491152614,3.2763608216227995,5.831284463110929,5.8177913696527,5.8680359840764105,5.85214622526837,5.80960125245474,5.97438215971124,6.013920893256,5.8522716414227,,,14914.0,2023-01-06
2023-01-11,10.942743110157599,3.2796980318234996,6.111986834199341,6.082014374580469,6.19407804916409,6.158490339672429,6.06386135123103,6.386449862857259,6.4765460216658495,6.15875667030923,,,14914.0,2023-01-06
2023-01-12,11.9450525150824,3.27898289221775,6.40187959029208,6.340092232043389,6.5728170357033395,6.4983859645763005,6.30283831079214,6.856648699234941,7.0489150187932,6.49894637638499,,,14914.0,2023-01-06
2023-01-13,13.028505905724199,3.27441177801666,6.7011528350813,6.585241039319951,7.027054877267799,6.884203053883541,6.51582951525779,7.35594336617578,7.7311724639184805,6.88527196069845,,,14914.0,2023-01-06
2023-01-14,14.1974490104512,3.2661868623981696,7.0100001326864,6.81287806713954,7.576860633067549,7.3261237695915,6.69601018516551,7.85905660088974,8.52476898262466,7.32799698769668,,,14914.0,2023-01-06
2023-01-15,15.456075258374801,3.2545140720139902,7.32861539113583,7.0217935168148,8.23649670794111,7.830405560369401,6.84219369475613,8.36263146532292,9.44654135036762,7.8334065320887,,,14914.0,2023-01-06
2023-01-16,16.8083299810023,3.23960079938479,7.657190179583269,7.21314706395424,9.01604959531323,8.40040052131008,6.95716435336726,8.87544891607104,10.5217192606397,8.404905161300121,,,14914.0,2023-01-06
2023-01-17,18.2577890452558,3.2216544129696603,7.99591090202011,7.388982358908829,9.92459447369765,9.03848599958292,7.04511699795694,9.40625617559999,11.7755207533737,9.04489654389545,,,14914.0,2023-01-06
2023-01-18,19.8075630498133,3.2008804028992004,8.34495586707271,7.55126150911383,10.972164462200501,9.74730585635189,7.110064266013071,9.96058452017314,13.232129941803601,9.756064592551411,,,14914.0,2023-01-06
2023-01-19,21.460152828214603,3.17748103579652,8.70449259672387,7.70153974132336,12.170493496661901,10.530178166784001,7.15529210165187,10.5415037756466,14.9160055565699,10.5417706516855,,,14914.0,2023-01-06
2023-01-20,23.2173017014356,3.1516542159261,9.074675364310679,7.8409456938024995,13.532914814437401,11.391114284892002,7.18330821605196,11.150889785782098,16.8529092573954,11.406055938889,,,14914.0,2023-01-06
2023-01-21,25.0798632939877,3.12359256763739,9.455641628654119,7.97027649956362,15.073974099166698,12.334577140481999,7.1960136126836005,11.790046436031801,19.0697350964547,12.3534607275687,,,14914.0,2023-01-06
2023-01-22,27.047624508511895,3.09348261938067,9.84750970557798,8.09010126383146,16.8088291936765,13.3653939441174,7.194873651227679,12.460035885797,21.594220852985,13.3888411223816,,,14914.0,2023-01-06
2023-01-23,29.1191387596373,3.0615042389545093,10.250376784508301,8.20084129925817,18.7529143143838,14.488525776043401,7.18106527989221,13.1617596334363,24.453687176162894,14.5171884664342,,,14914.0,2023-01-06
2023-01-24,31.291637447669896,3.02783020658535,10.664315496975199,8.30283361430338,20.921227463441,15.7087751876934,7.155578247391531,13.8960871576855,27.674364366466797,15.7434654660283,,,14914.0,2023-01-06
2023-01-25,33.560855882613396,2.99262601426381,11.089371210924599,8.396375697466281,23.327503409855105,17.030883873900198,7.1192871009116105,14.6637702672633,31.279459385958,17.0724551421554,,,14914.0,2023-01-06
2023-01-26,35.920908574738895,2.9560490040348704,11.5255593900292,8.48172790541139,25.983650334419497,18.4593328477968,7.072987525134519,15.465553622994799,35.2875987945663,18.5086115416088,,,14914.0,2023-01-06
2023-01-27,38.3642134398906,2.91824924193861,11.9728630135578,8.55914949995349,28.898751800093997,19.9980937280816,7.017429130635719,16.3020236958546,39.7108560306624,20.0559035045335,,,14914.0,2023-01-06
2023-01-28,40.88143685306571,2.87936907994299,12.431230702510199,8.62889763747444,32.0781728809307,21.650380976287103,6.95332805531507,17.1736708063836,44.552683598532894,21.717646314169503,,,14914.0,2023-01-06
2023-01-29,43.46148074964729,2.83954300701225,12.9005729618548,8.69122679605789,35.5225566321606,23.4186686873363,6.88137312148319,18.0808656477566,49.805740350282605,23.4963509705703,,,14914.0,2023-01-06
2023-01-30,46.0915148725544,2.79889789342997,13.380759893880201,8.74639599071816,39.226820761385206,25.304448746079302,6.80223126638521,19.0238430055979,55.44991287871739,25.393473883243104,,,14914.0,2023-01-06
2023-01-31,48.757067955397396,2.7575531464790397,13.871619136331,8.79466489580955,43.1790874872095,27.3080320579393,6.71654764706182,20.0026823255976,61.450961870738,27.4093285977979,,,14914.0,2023-01-06
2023-02-01,51.44217073420079,2.71562087856364,14.3729333839656,8.83630030724453,47.360328196246,29.4283564333746,6.624945819061401,21.017289353822,67.7596807188202,29.542817382975002,,,14914.0,2023-01-06
2023-02-02,54.129551889815,2.67320610861498,14.8844381331073,8.871559453175,51.743505632894106,31.6628156255138,6.528026138534191,22.0673821376331,74.3118045150004,31.7912683485192,,,14914.0,2023-01-06
2023-02-03,56.8008904527705,2.63040699691192,15.4058195924881,8.90069727589071,56.293563992680006,34.0070478993221,6.426365640454611,23.1524759011336,81.0291960229442,34.1502670489499,,,14914.0,2023-01-06
2023-02-04,59.4371115446738,2.5873150913503196,15.936712769114802,8.923973009841571,60.967696356685295,36.4549162107614,6.32051626260363,24.2718656155266,87.8220555501321,36.6135042983296,,,14914.0,2023-01-06
2023-02-05,62.018719156611006,2.54401558897371,16.4766997476145,8.94163264028612,65.716122879563,38.9982116596257,6.21100415659384,25.424612633531105,94.59214026680641,39.172657612605704,,,14914.0,2023-01-06
2023-02-06,64.526155106425,2.5005876029390497,17.025308195196,8.95393421720291,70.48329129444029,41.626700598382705,6.09832921935595,26.6095308076183,101.236811731382,41.817316390108296,,,14914.0,2023-01-06
2023-02-07,66.9401752244121,2.45710443561984,17.5820101243044,8.96113045592938,75.20958214916391,44.328060931617095,5.982964542581611,27.8251728131218,107.65356432551901,44.5349638922198,,,14914.0,2023-01-06
2020-03-06,,,,,,,,,,,,,14914.0,2023-01-06
2020-03-07,,,,,,,,,,,,0.0,14914.0,2023-01-06
2020-03-08,,,,,,,,,,,,0.0,14914.0,2023-01-06
2020-03-09,,,,,,,,,,,,0.0,14914.0,2023-01-06
2020-03-10,,,,,,,,,,,,0.0,14914.0,2023-01-06
2020-03-11,,,,,,,,,,,,0.0,14914.0,2023-01-06
2020-03-12,,,,,,,,,,,,0.0,14914.0,2023-01-06
2020-03-13,,,,,,,,,,,,0.0,14914.0,2023-01-06
2020-03-14,,,,,,,,,,,,0.0,14914.0,2023-01-06
2020-03-15,,,,,,,,,,,,0.0,14914.0,2023-01-06
2020-03-16,,,,,,,,,,,,0.0,14914.0,2023-01-06
2020-03-17,,,,,,,,,,,,0.0,14914.0,2023-01-06
2020-03-18,,,,,,,,,,,,0.0,14914.0,2023-01-06
2020-03-19,,,,,,,,,,,,0.0,14914.0,2023-01-06
2020-03-20,,,,,,,,,,,,1.0,14914.0,2023-01-06
2020-03-21,,,,,,,,,,,,0.0,14914.0,2023-01-06
2020-03-22,,,,,,,,,,,,0.0,14914.0,2023-01-06
2020-03-23,,,,,,,,,,,,1.0,14914.0,2023-01-06
2020-03-24,,,,,,,,,,,,1.0,14914.0,2023-01-06
2020-03-25,,,,,,,,,,,,0.0,14914.0,2023-01-06
2020-03-26,,,,,,,,,,,,0.0,14914.0,2023-01-06
2020-03-27,,,,,,,,,,,,0.0,14914.0,2023-01-06
2020-03-28,,,,,,,,,,,,0.0,14914.0,2023-01-06
2020-03-29,,,,,,,,,,,,0.0,14914.0,2023-01-06
2020-03-30,,,,,,,,,,,,0.0,14914.0,2023-01-06
2020-03-31,,,,,,,,,,,,0.0,14914.0,2023-01-06
2020-04-01,,,,,,,,,,,,0.0,14914.0,2023-01-06
2020-04-02,,,,,,,,,,,,0.0,14914.0,2023-01-06
2020-04-03,,,,,,,,,,,,0.0,14914.0,2023-01-06
2020-04-04,,,,,,,,,,,,1.0,14914.0,2023-01-06
2020-04-05,,,,,,,,,,,,1.0,14914.0,2023-01-06
2020-04-06,,,,,,,,,,,,0.0,14914.0,2023-01-06
2020-04-07,,,,,,,,,,,,0.0,14914.0,2023-01-06
2020-04-08,,,,,,,,,,,,0.0,14914.0,2023-01-06
2020-04-09,,,,,,,,,,,,1.0,14914.0,2023-01-06
2020-04-10,,,,,,,,,,,,0.0,14914.0,2023-01-06
2020-04-11,,,,,,,,,,,,1.0,14914.0,2023-01-06
2020-04-12,,,,,,,,,,,,0.0,14914.0,2023-01-06
2020-04-13,,,,,,,,,,,,0.0,14914.0,2023-01-06
2020-04-14,,,,,,,,,,,,1.0,14914.0,2023-01-06
2020-04-15,,,,,,,,,,,,0.0,14914.0,2023-01-06
2020-04-16,,,,,,,,,,,,0.0,14914.0,2023-01-06
2020-04-17,,,,,,,,,,,,0.0,14914.0,2023-01-06
2020-04-18,,,,,,,,,,,,0.0,14914.0,2023-01-06
2020-04-19,,,,,,,,,,,,0.0,14914.0,2023-01-06
2020-04-20,,,,,,,,,,,,0.0,14914.0,2023-01-06
2020-04-21,,,,,,,,,,,,1.0,14914.0,2023-01-06
2020-04-22,,,,,,,,,,,,0.0,14914.0,2023-01-06
2020-04-23,,,,,,,,,,,,0.0,14914.0,2023-01-06
2020-04-24,,,,,,,,,,,,0.0,14914.0,2023-01-06
2020-04-25,,,,,,,,,,,,0.0,14914.0,2023-01-06
2020-04-26,,,,,,,,,,,,0.0,14914.0,2023-01-06
2020-04-27,,,,,,,,,,,,0.0,14914.0,2023-01-06
2020-04-28,,,,,,,,,,,,1.0,14914.0,2023-01-06
2020-04-29,,,,,,,,,,,,0.0,14914.0,2023-01-06
2020-04-30,,,,,,,,,,,,0.0,14914.0,2023-01-06
2020-05-01,,,,,,,,,,,,0.0,14914.0,2023-01-06
2020-05-02,,,,,,,,,,,,0.0,14914.0,2023-01-06
2020-05-03,,,,,,,,,,,,0.0,14914.0,2023-01-06
2020-05-04,,,,,,,,,,,,0.0,14914.0,2023-01-06
2020-05-05,,,,,,,,,,,,0.0,14914.0,2023-01-06
2020-05-06,,,,,,,,,,,,0.0,14914.0,2023-01-06
2020-05-07,,,,,,,,,,,,0.0,14914.0,2023-01-06
2020-05-08,,,,,,,,,,,,0.0,14914.0,2023-01-06
2020-05-09,,,,,,,,,,,,0.0,14914.0,2023-01-06
2020-05-10,,,,,,,,,,,,0.0,14914.0,2023-01-06
2020-05-11,,,,,,,,,,,,0.0,14914.0,2023-01-06
2020-05-12,,,,,,,,,,,,1.0,14914.0,2023-01-06
2020-05-13,,,,,,,,,,,,0.0,14914.0,2023-01-06
2020-05-14,,,,,,,,,,,,0.0,14914.0,2023-01-06
2020-05-15,,,,,,,,,,,,0.0,14914.0,2023-01-06
2020-05-16,,,,,,,,,,,,0.0,14914.0,2023-01-06
2020-05-17,,,,,,,,,,,,0.0,14914.0,2023-01-06
2020-05-18,,,,,,,,,,,,0.0,14914.0,2023-01-06
2020-05-19,,,,,,,,,,,,0.0,14914.0,2023-01-06
2020-05-20,,,,,,,,,,,,0.0,14914.0,2023-01-06
2020-05-21,,,,,,,,,,,,0.0,14914.0,2023-01-06
2020-05-22,,,,,,,,,,,,0.0,14914.0,2023-01-06
2020-05-23,,,,,,,,,,,,0.0,14914.0,2023-01-06
2020-05-24,,,,,,,,,,,,0.0,14914.0,2023-01-06
2020-05-25,,,,,,,,,,,,0.0,14914.0,2023-01-06
2020-05-26,,,,,,,,,,,,0.0,14914.0,2023-01-06
2020-05-27,,,,,,,,,,,,0.0,14914.0,2023-01-06
2020-05-28,,,,,,,,,,,,0.0,14914.0,2023-01-06
2020-05-29,,,,,,,,,,,,0.0,14914.0,2023-01-06
2020-05-30,,,,,,,,,,,,0.0,14914.0,2023-01-06
2020-05-31,,,,,,,,,,,,0.0,14914.0,2023-01-06
2020-06-01,,,,,,,,,,,,0.0,14914.0,2023-01-06
2020-06-02,,,,,,,,,,,,0.0,14914.0,2023-01-06
2020-06-03,,,,,,,,,,,,0.0,14914.0,2023-01-06
2020-06-04,,,,,,,,,,,,0.0,14914.0,2023-01-06
2020-06-05,,,,,,,,,,,,0.0,14914.0,2023-01-06
2020-06-06,,,,,,,,,,,,0.0,14914.0,2023-01-06
2020-06-07,,,,,,,,,,,,0.0,14914.0,2023-01-06
2020-06-08,,,,,,,,,,,,0.0,14914.0,2023-01-06
2020-06-09,,,,,,,,,,,,0.0,14914.0,2023-01-06
2020-06-10,,,,,,,,,,,,0.0,14914.0,2023-01-06
2020-06-11,,,,,,,,,,,,0.0,14914.0,2023-01-06
2020-06-12,,,,,,,,,,,,0.0,14914.0,2023-01-06
2020-06-13,,,,,,,,,,,,0.0,14914.0,2023-01-06
2020-06-14,,,,,,,,,,,,1.0,14914.0,2023-01-06
2020-06-15,,,,,,,,,,,,0.0,14914.0,2023-01-06
2020-06-16,,,,,,,,,,,,1.0,14914.0,2023-01-06
2020-06-17,,,,,,,,,,,,0.0,14914.0,2023-01-06
2020-06-18,,,,,,,,,,,,0.0,14914.0,2023-01-06
2020-06-19,,,,,,,,,,,,0.0,14914.0,2023-01-06
2020-06-20,,,,,,,,,,,,0.0,14914.0,2023-01-06
2020-06-21,,,,,,,,,,,,0.0,14914.0,2023-01-06
2020-06-22,,,,,,,,,,,,0.0,14914.0,2023-01-06
2020-06-23,,,,,,,,,,,,0.0,14914.0,2023-01-06
2020-06-24,,,,,,,,,,,,0.0,14914.0,2023-01-06
2020-06-25,,,,,,,,,,,,3.0,14914.0,2023-01-06
2020-06-26,,,,,,,,,,,,0.0,14914.0,2023-01-06
2020-06-27,,,,,,,,,,,,0.0,14914.0,2023-01-06
2020-06-28,,,,,,,,,,,,0.0,14914.0,2023-01-06
2020-06-29,,,,,,,,,,,,0.0,14914.0,2023-01-06
2020-06-30,,,,,,,,,,,,3.0,14914.0,2023-01-06
2020-07-01,,,,,,,,,,,,0.0,14914.0,2023-01-06
2020-07-02,,,,,,,,,,,,0.0,14914.0,2023-01-06
2020-07-03,,,,,,,,,,,,1.0,14914.0,2023-01-06
2020-07-04,,,,,,,,,,,,0.0,14914.0,2023-01-06
2020-07-05,,,,,,,,,,,,0.0,14914.0,2023-01-06
2020-07-06,,,,,,,,,,,,0.0,14914.0,2023-01-06
2020-07-07,,,,,,,,,,,,0.0,14914.0,2023-01-06
2020-07-08,,,,,,,,,,,,0.0,14914.0,2023-01-06
2020-07-09,,,,,,,,,,,,0.0,14914.0,2023-01-06
2020-07-10,,,,,,,,,,,,1.0,14914.0,2023-01-06
2020-07-11,,,,,,,,,,,,1.0,14914.0,2023-01-06
2020-07-12,,,,,,,,,,,,2.0,14914.0,2023-01-06
2020-07-13,,,,,,,,,,,,1.0,14914.0,2023-01-06
2020-07-14,,,,,,,,,,,,1.0,14914.0,2023-01-06
2020-07-15,,,,,,,,,,,,2.0,14914.0,2023-01-06
2020-07-16,,,,,,,,,,,,1.0,14914.0,2023-01-06
2020-07-17,,,,,,,,,,,,0.0,14914.0,2023-01-06
2020-07-18,,,,,,,,,,,,3.0,14914.0,2023-01-06
2020-07-19,,,,,,,,,,,,0.0,14914.0,2023-01-06
2020-07-20,,,,,,,,,,,,3.0,14914.0,2023-01-06
2020-07-21,,,,,,,,,,,,3.0,14914.0,2023-01-06
2020-07-22,,,,,,,,,,,,1.0,14914.0,2023-01-06
2020-07-23,,,,,,,,,,,,3.0,14914.0,2023-01-06
2020-07-24,,,,,,,,,,,,3.0,14914.0,2023-01-06
2020-07-25,,,,,,,,,,,,1.0,14914.0,2023-01-06
2020-07-26,,,,,,,,,,,,6.0,14914.0,2023-01-06
2020-07-27,,,,,,,,,,,,4.0,14914.0,2023-01-06
2020-07-28,,,,,,,,,,,,0.0,14914.0,2023-01-06
2020-07-29,,,,,,,,,,,,3.0,14914.0,2023-01-06
2020-07-30,,,,,,,,,,,,4.0,14914.0,2023-01-06
2020-07-31,,,,,,,,,,,,1.0,14914.0,2023-01-06
2020-08-01,,,,,,,,,,,,4.0,14914.0,2023-01-06
2020-08-02,,,,,,,,,,,,5.0,14914.0,2023-01-06
2020-08-03,,,,,,,,,,,,3.0,14914.0,2023-01-06
2020-08-04,,,,,,,,,,,,4.0,14914.0,2023-01-06
2020-08-05,,,,,,,,,,,,2.0,14914.0,2023-01-06
2020-08-06,,,,,,,,,,,,8.0,14914.0,2023-01-06
2020-08-07,,,,,,,,,,,,5.0,14914.0,2023-01-06
2020-08-08,,,,,,,,,,,,4.0,14914.0,2023-01-06
2020-08-09,,,,,,,,,,,,7.0,14914.0,2023-01-06
2020-08-10,,,,,,,,,,,,8.0,14914.0,2023-01-06
2020-08-11,,,,,,,,,,,,9.0,14914.0,2023-01-06
2020-08-12,,,,,,,,,,,,13.0,14914.0,2023-01-06
2020-08-13,,,,,,,,,,,,12.0,14914.0,2023-01-06
2020-08-14,,,,,,,,,,,,12.0,14914.0,2023-01-06
2020-08-15,,,,,,,,,,,,5.0,14914.0,2023-01-06
2020-08-16,,,,,,,,,,,,9.0,14914.0,2023-01-06
2020-08-17,,,,,,,,,,,,8.0,14914.0,2023-01-06
2020-08-18,,,,,,,,,,,,15.0,14914.0,2023-01-06
2020-08-19,,,,,,,,,,,,10.0,14914.0,2023-01-06
2020-08-20,,,,,,,,,,,,14.0,14914.0,2023-01-06
2020-08-21,,,,,,,,,,,,16.0,14914.0,2023-01-06
2020-08-22,,,,,,,,,,,,15.0,14914.0,2023-01-06
2020-08-23,,,,,,,,,,,,11.0,14914.0,2023-01-06
2020-08-24,,,,,,,,,,,,17.0,14914.0,2023-01-06
2020-08-25,,,,,,,,,,,,17.0,14914.0,2023-01-06
2020-08-26,,,,,,,,,,,,19.0,14914.0,2023-01-06
2020-08-27,,,,,,,,,,,,11.0,14914.0,2023-01-06
2020-08-28,,,,,,,,,,,,17.0,14914.0,2023-01-06
2020-08-29,,,,,,,,,,,,16.0,14914.0,2023-01-06
2020-08-30,,,,,,,,,,,,25.0,14914.0,2023-01-06
2020-08-31,,,,,,,,,,,,11.0,14914.0,2023-01-06
2020-09-01,,,,,,,,,,,,20.0,14914.0,2023-01-06
2020-09-02,,,,,,,,,,,,13.0,14914.0,2023-01-06
2020-09-03,,,,,,,,,,,,32.0,14914.0,2023-01-06
2020-09-04,,,,,,,,,,,,19.0,14914.0,2023-01-06
2020-09-05,,,,,,,,,,,,18.0,14914.0,2023-01-06
2020-09-06,,,,,,,,,,,,17.0,14914.0,2023-01-06
2020-09-07,,,,,,,,,,,,19.0,14914.0,2023-01-06
2020-09-08,,,,,,,,,,,,21.0,14914.0,2023-01-06
2020-09-09,,,,,,,,,,,,14.0,14914.0,2023-01-06
2020-09-10,,,,,,,,,,,,21.0,14914.0,2023-01-06
2020-09-11,,,,,,,,,,,,16.0,14914.0,2023-01-06
2020-09-12,,,,,,,,,,,,15.0,14914.0,2023-01-06
2020-09-13,,,,,,,,,,,,21.0,14914.0,2023-01-06
2020-09-14,,,,,,,,,,,,20.0,14914.0,2023-01-06
2020-09-15,,,,,,,,,,,,21.0,14914.0,2023-01-06
2020-09-16,,,,,,,,,,,,18.0,14914.0,2023-01-06
2020-09-17,,,,,,,,,,,,17.0,14914.0,2023-01-06
2020-09-18,,,,,,,,,,,,19.0,14914.0,2023-01-06
2020-09-19,,,,,,,,,,,,22.0,14914.0,2023-01-06
2020-09-20,,,,,,,,,,,,15.0,14914.0,2023-01-06
2020-09-21,,,,,,,,,,,,24.0,14914.0,2023-01-06
2020-09-22,,,,,,,,,,,,16.0,14914.0,2023-01-06
2020-09-23,,,,,,,,,,,,20.0,14914.0,2023-01-06
2020-09-24,,,,,,,,,,,,29.0,14914.0,2023-01-06
2020-09-25,,,,,,,,,,,,28.0,14914.0,2023-01-06
2020-09-26,,,,,,,,,,,,24.0,14914.0,2023-01-06
2020-09-27,,,,,,,,,,,,22.0,14914.0,2023-01-06
2020-09-28,,,,,,,,,,,,23.0,14914.0,2023-01-06
2020-09-29,,,,,,,,,,,,21.0,14914.0,2023-01-06
2020-09-30,,,,,,,,,,,,26.0,14914.0,2023-01-06
2020-10-01,,,,,,,,,,,,20.0,14914.0,2023-01-06
2020-10-02,,,,,,,,,,,,29.0,14914.0,2023-01-06
2020-10-03,,,,,,,,,,,,23.0,14914.0,2023-01-06
2020-10-04,,,,,,,,,,,,23.0,14914.0,2023-01-06
2020-10-05,,,,,,,,,,,,12.0,14914.0,2023-01-06
2020-10-06,,,,,,,,,,,21.2216456461765,25.0,14914.0,2023-01-06
2020-10-07,,,,,,,,,,,20.741580942764102,28.0,14914.0,2023-01-06
2020-10-08,,,,,,,,,,,20.0047309731265,19.0,14914.0,2023-01-06
2020-10-09,,,,,,,,,,,18.358594720148197,27.0,14914.0,2023-01-06
2020-10-10,,,,,,,,,,,18.4954526557237,20.0,14914.0,2023-01-06
2020-10-11,,,,,,,,,,,17.923518351109397,17.0,14914.0,2023-01-06
2020-10-12,,,,,,,,,,,18.907595703158698,31.0,14914.0,2023-01-06
2020-10-13,,,,,,,,,,,17.6685092943403,17.0,14914.0,2023-01-06
2020-10-14,,,,,,,,,,,17.4749297838971,17.0,14914.0,2023-01-06
2020-10-15,,,,,,,,,,,17.5572948693252,14.0,14914.0,2023-01-06
2020-10-16,,,,,,,,,,,17.427869253416,20.0,14914.0,2023-01-06
2020-10-17,,,,,,,,,,,17.223083951696697,19.0,14914.0,2023-01-06
2020-10-18,,,,,,,,,,,16.4864982454951,15.0,14914.0,2023-01-06
2020-10-19,,,,,,,,,,,16.3320676709868,23.0,14914.0,2023-01-06
2020-10-20,,,,,,,,,,,15.743568297301199,12.0,14914.0,2023-01-06
2020-10-21,,,,,,,,,,,16.1902139385797,22.0,14914.0,2023-01-06
2020-10-22,,,,,,,,,,,14.9972175331984,13.0,14914.0,2023-01-06
2020-10-23,,,,,,,,,,,14.562701859679,14.0,14914.0,2023-01-06
2020-10-24,,,,,,,,,,,14.2538359590587,13.0,14914.0,2023-01-06
2020-10-25,,,,,,,,,,,15.2009471641313,23.0,14914.0,2023-01-06
2020-10-26,,,,,,,,,,,13.6535731701736,16.0,14914.0,2023-01-06
2020-10-27,,,,,,,,,,,13.540556762923,13.0,14914.0,2023-01-06
2020-10-28,,,,,,,,,,,13.6315703423684,18.0,14914.0,2023-01-06
2020-10-29,,,,,,,,,,,13.6831438845511,13.0,14914.0,2023-01-06
2020-10-30,,,,,,,,,,,13.5223058778984,11.0,14914.0,2023-01-06
2020-10-31,,,,,,,,,,,13.209239677639301,14.0,14914.0,2023-01-06
2020-11-01,,,,,,,,,,,13.0259786802551,13.0,14914.0,2023-01-06
2020-11-02,,,,,,,,,,,12.955527673297,17.0,14914.0,2023-01-06
2020-11-03,,,,,,,,,,,12.8056130330299,8.0,14914.0,2023-01-06
2020-11-04,,,,,,,,,,,12.2482324308323,9.0,14914.0,2023-01-06
2020-11-05,,,,,,,,,,,12.231600634464,9.0,14914.0,2023-01-06
2020-11-06,,,,,,,,,,,12.0720395028754,16.0,14914.0,2023-01-06
2020-11-07,,,,,,,,,,,11.6636312306475,16.0,14914.0,2023-01-06
2020-11-08,,,,,,,,,,,11.0566558235009,12.0,14914.0,2023-01-06
2020-11-09,,,,,,,,,,,10.5460849417766,10.0,14914.0,2023-01-06
2020-11-10,,,,,,,,,,,11.325634764230198,15.0,14914.0,2023-01-06
2020-11-11,,,,,,,,,,,10.970262867511801,16.0,14914.0,2023-01-06
2020-11-12,,,,,,,,,,,11.0472757151667,13.0,14914.0,2023-01-06
2020-11-13,,,,,,,,,,,10.9578182945952,13.0,14914.0,2023-01-06
2020-11-14,,,,,,,,,,,11.3625338981308,10.0,14914.0,2023-01-06
2020-11-15,,,,,,,,,,,10.9573818678441,17.0,14914.0,2023-01-06
2020-11-16,,,,,,,,,,,10.5477527104267,13.0,14914.0,2023-01-06
2020-11-17,,,,,,,,,,,10.291641055231599,5.0,14914.0,2023-01-06
2020-11-18,,,,,,,,,,,11.036242306059401,11.0,14914.0,2023-01-06
2020-11-19,,,,,,,,,,,10.759824979373,6.0,14914.0,2023-01-06
2020-11-20,,,,,,,,,,,11.144365831368301,9.0,14914.0,2023-01-06
2020-11-21,,,,,,,,,,,11.716220823747802,10.0,14914.0,2023-01-06
2020-11-22,,,,,,,,,,,12.2221243002041,14.0,14914.0,2023-01-06
2020-11-23,,,,,,,,,,,13.0984388728693,18.0,14914.0,2023-01-06
2020-11-24,,,,,,,,,,,12.842931534869402,11.0,14914.0,2023-01-06
2020-11-25,,,,,,,,,,,13.0295796666574,13.0,14914.0,2023-01-06
2020-11-26,,,,,,,,,,,13.063288292415303,17.0,14914.0,2023-01-06
2020-11-27,,,,,,,,,,,12.7435454380834,10.0,14914.0,2023-01-06
2020-11-28,,,,,,,,,,,13.499742503418501,9.0,14914.0,2023-01-06
2020-11-29,,,,,,,,,,,15.104311162888699,11.0,14914.0,2023-01-06
2020-11-30,,,,,,,,,,,15.6565434928496,13.0,14914.0,2023-01-06
2020-12-01,,,,,,,,,,,17.152603507351802,12.0,14914.0,2023-01-06
2020-12-02,,,,,,,,,,,17.625220582323,11.0,14914.0,2023-01-06
2020-12-03,,,,,,,,,,,17.302318586785802,15.0,14914.0,2023-01-06
2020-12-04,,,,,,,,,,,17.9530544055399,13.0,14914.0,2023-01-06
2020-12-05,,,,,,,,,,,17.644777232728103,17.0,14914.0,2023-01-06
2020-12-06,,,,,,,,,,,17.4848186318561,18.0,14914.0,2023-01-06
2020-12-07,,,,,,,,,,,17.9269750747683,18.0,14914.0,2023-01-06
2020-12-08,,,,,,,,,,,17.6195228183892,14.0,14914.0,2023-01-06
2020-12-09,,,,,,,,,,,17.9045027865495,11.0,14914.0,2023-01-06
2020-12-10,,,,,,,,,,,18.6068067201031,16.0,14914.0,2023-01-06
2020-12-11,,,,,,,,,,,18.9088217454464,19.0,14914.0,2023-01-06
2020-12-12,,,,,,,,,,,19.090546223826102,22.0,14914.0,2023-01-06
2020-12-13,,,,,,,,,,,19.0980057900761,23.0,14914.0,2023-01-06
2020-12-14,,,,,,,,,,,19.125983186423603,26.0,14914.0,2023-01-06
2020-12-15,,,,,,,,,,,18.6576760475991,20.0,14914.0,2023-01-06
2020-12-16,,,,,,,,,,,18.5354912302637,21.0,14914.0,2023-01-06
2020-12-17,,,,,,,,,,,18.4820206418822,19.0,14914.0,2023-01-06
2020-12-18,,,,,,,,,,,18.143030742247,17.0,14914.0,2023-01-06
2020-12-19,,,,,,,,,,,18.0780655059561,14.0,14914.0,2023-01-06
2020-12-20,,,,,,,,,,,18.0106086856099,18.0,14914.0,2023-01-06
2020-12-21,,,,,,,,,,,19.168218489188302,17.0,14914.0,2023-01-06
2020-12-22,,,,,,,,,,,18.8680196481087,20.0,14914.0,2023-01-06
2020-12-23,,,,,,,,,,,18.4722124774858,19.0,14914.0,2023-01-06
2020-12-24,,,,,,,,,,,18.4055832581221,23.0,14914.0,2023-01-06
2020-12-25,,,,,,,,,,,16.8193641801181,14.0,14914.0,2023-01-06
2020-12-26,,,,,,,,,,,17.8206730090506,21.0,14914.0,2023-01-06
2020-12-27,,,,,,,,,,,16.1362071550611,20.0,14914.0,2023-01-06
2020-12-28,,,,,,,,,,,17.1665119958152,22.0,14914.0,2023-01-06
2020-12-29,,,,,,,,,,,16.7406969538715,17.0,14914.0,2023-01-06
2020-12-30,,,,,,,,,,,15.7502541975737,20.0,14914.0,2023-01-06
2020-12-31,,,,,,,,,,,16.677866108877,8.0,14914.0,2023-01-06
2021-01-01,,,,,,,,,,,17.1601758464253,24.0,14914.0,2023-01-06
2021-01-02,,,,,,,,,,,16.7461404453643,17.0,14914.0,2023-01-06
2021-01-03,,,,,,,,,,,16.462661032581803,20.0,14914.0,2023-01-06
2021-01-04,,,,,,,,,,,16.6778185881271,24.0,14914.0,2023-01-06
2021-01-05,,,,,,,,,,,16.2713553042013,18.0,14914.0,2023-01-06
2021-01-06,,,,,,,,,,,16.432149550422302,18.0,14914.0,2023-01-06
2021-01-07,,,,,,,,,,,17.3671246335371,10.0,14914.0,2023-01-06
2021-01-08,,,,,,,,,,,17.865798467125398,16.0,14914.0,2023-01-06
2021-01-09,,,,,,,,,,,17.269236475248803,17.0,14914.0,2023-01-06
2021-01-10,,,,,,,,,,,17.9098414185823,23.0,14914.0,2023-01-06
2021-01-11,,,,,,,,,,,16.8746980591595,19.0,14914.0,2023-01-06
2021-01-12,,,,,,,,,,,16.6132990962819,5.0,14914.0,2023-01-06
2021-01-13,,,,,,,,,,,16.9772419991691,21.0,14914.0,2023-01-06
2021-01-14,,,,,,,,,,,16.9922326994697,21.0,14914.0,2023-01-06
2021-01-15,,,,,,,,,,,16.5739940672192,14.0,14914.0,2023-01-06
2021-01-16,,,,,,,,,,,16.423501184936,13.0,14914.0,2023-01-06
2021-01-17,,,,,,,,,,,17.4122233561648,18.0,14914.0,2023-01-06
2021-01-18,,,,,,,,,,,17.852838821198898,27.0,14914.0,2023-01-06
2021-01-19,,,,,,,,,,,17.593732550672897,16.0,14914.0,2023-01-06
2021-01-20,,,,,,,,,,,18.003535365321103,17.0,14914.0,2023-01-06
2021-01-21,,,,,,,,,,,18.0839737365122,12.0,14914.0,2023-01-06
2021-01-22,,,,,,,,,,,18.021346131814898,20.0,14914.0,2023-01-06
2021-01-23,,,,,,,,,,,17.4696045450805,13.0,14914.0,2023-01-06
2021-01-24,,,,,,,,,,,18.0077209441238,12.0,14914.0,2023-01-06
2021-01-25,,,,,,,,,,,17.9044896080063,18.0,14914.0,2023-01-06
2021-01-26,,,,,,,,,,,18.266837483079602,15.0,14914.0,2023-01-06
2021-01-27,,,,,,,,,,,17.911973660544398,25.0,14914.0,2023-01-06
2021-01-28,,,,,,,,,,,17.5326344249052,10.0,14914.0,2023-01-06
2021-01-29,,,,,,,,,,,17.8667349649222,14.0,14914.0,2023-01-06
2021-01-30,,,,,,,,,,,17.624792695705302,23.0,14914.0,2023-01-06
2021-01-31,,,,,,,,,,,17.2732784626542,25.0,14914.0,2023-01-06
2021-02-01,,,,,,,,,,,16.860805479186197,19.0,14914.0,2023-01-06
2021-02-02,,,,,,,,,,,16.844236288750402,17.0,14914.0,2023-01-06
2021-02-03,,,,,,,,,,,16.753060508855,18.0,14914.0,2023-01-06
2021-02-04,,,,,,,,,,,17.082670610655,13.0,14914.0,2023-01-06
2021-02-05,,,,,,,,,,,17.207861693840197,14.0,14914.0,2023-01-06
2021-02-06,,,,,,,,,,,17.692294464628,19.0,14914.0,2023-01-06
2021-02-07,,,,,,,,,,,17.6112284414858,19.0,14914.0,2023-01-06
2021-02-08,,,,,,,,,,,18.016143822386802,18.0,14914.0,2023-01-06
2021-02-09,,,,,,,,,,,17.874539368644896,20.0,14914.0,2023-01-06
2021-02-10,,,,,,,,,,,17.86999445529,13.0,14914.0,2023-01-06
2021-02-11,,,,,,,,,,,19.0143804153104,13.0,14914.0,2023-01-06
2021-02-12,,,,,,,,,,,19.0542331643114,15.0,14914.0,2023-01-06
2021-02-13,,,,,,,,,,,19.136552532122103,21.0,14914.0,2023-01-06
2021-02-14,,,,,,,,,,,19.8919273098204,17.0,14914.0,2023-01-06
2021-02-15,,,,,,,,,,,20.7171647340006,19.0,14914.0,2023-01-06
2021-02-16,,,,,,,,,,,20.993934204260302,21.0,14914.0,2023-01-06
2021-02-17,,,,,,,,,,,20.902693346604302,21.0,14914.0,2023-01-06
2021-02-18,,,,,,,,,,,20.098387307733397,22.0,14914.0,2023-01-06
2021-02-19,,,,,,,,,,,20.2023854573508,21.0,14914.0,2023-01-06
2021-02-20,,,,,,,,,,,20.799601166225802,21.0,14914.0,2023-01-06
2021-02-21,,,,,,,,,,,21.1507453488689,19.0,14914.0,2023-01-06
2021-02-22,,,,,,,,,,,22.263774391743897,23.0,14914.0,2023-01-06
2021-02-23,,,,,,,,,,,23.4546231454287,17.0,14914.0,2023-01-06
2021-02-24,,,,,,,,,,,24.7731805525659,29.0,14914.0,2023-01-06
2021-02-25,,,,,,,,,,,24.708578616746802,20.0,14914.0,2023-01-06
2021-02-26,,,,,,,,,,,25.231270316786297,24.0,14914.0,2023-01-06
2021-02-27,,,,,,,,,,,25.0986169905473,27.0,14914.0,2023-01-06
2021-02-28,,,,,,,,,,,26.263707705539197,27.0,14914.0,2023-01-06
2021-03-01,,,,,,,,,,,27.8939426603324,18.0,14914.0,2023-01-06
2021-03-02,,,,,,,,,,,29.7279903290041,26.0,14914.0,2023-01-06
2021-03-03,,,,,,,,,,,32.2790669099049,15.0,14914.0,2023-01-06
2021-03-04,,,,,,,,,,,33.7891678007131,34.0,14914.0,2023-01-06
2021-03-05,,,,,,,,,,,34.1028818482655,28.0,14914.0,2023-01-06
2021-03-06,,,,,,,,,,,34.3597931109139,25.0,14914.0,2023-01-06
2021-03-07,,,,,,,,,,,37.7477466083087,40.0,14914.0,2023-01-06
2021-03-08,,,,,,,,,,,38.3985444144132,34.0,14914.0,2023-01-06
2021-03-09,,,,,,,,,,,39.1316365668795,33.0,14914.0,2023-01-06
2021-03-10,,,,,,,,,,,42.0150828566848,42.0,14914.0,2023-01-06
2021-03-11,,,,,,,,,,,42.99979866595961,25.0,14914.0,2023-01-06
2021-03-12,,,,,,,,,,,45.129408041226704,27.0,14914.0,2023-01-06
2021-03-13,,,,,,,,,,,47.476428055717896,46.0,14914.0,2023-01-06
2021-03-14,,,,,,,,,,,49.3168873726877,41.0,14914.0,2023-01-06
2021-03-15,,,,,,,,,,,51.7753323838651,37.0,14914.0,2023-01-06
2021-03-16,,,,,,,,,,,56.2252076778414,61.0,14914.0,2023-01-06
2021-03-17,,,,,,,,,,,57.2132255487541,51.0,14914.0,2023-01-06
2021-03-18,,,,,,,,,,,57.942734729112104,47.0,14914.0,2023-01-06
2021-03-19,,,,,,,,,,,61.06429038863279,44.0,14914.0,2023-01-06
2021-03-20,,,,,,,,,,,63.978245674248704,49.0,14914.0,2023-01-06
2021-03-21,,,,,,,,,,,66.9753126658043,46.0,14914.0,2023-01-06
2021-03-22,,,,,,,,,,,70.43532217933259,72.0,14914.0,2023-01-06
2021-03-23,,,,,,,,,,,71.85916448871191,56.0,14914.0,2023-01-06
2021-03-24,,,,,,,,,,,72.3768451257374,77.0,14914.0,2023-01-06
2021-03-25,,,,,,,,,,,74.8094770558,54.0,14914.0,2023-01-06
2021-03-26,,,,,,,,,,,76.7622347675679,76.0,14914.0,2023-01-06
2021-03-27,,,,,,,,,,,76.8012160137314,63.0,14914.0,2023-01-06
2021-03-28,,,,,,,,,,,78.0857165133393,82.0,14914.0,2023-01-06
2021-03-29,,,,,,,,,,,79.0798084087492,89.0,14914.0,2023-01-06
2021-03-30,,,,,,,,,,,79.0367596166852,66.0,14914.0,2023-01-06
2021-03-31,,,,,,,,,,,82.58130666385391,77.0,14914.0,2023-01-06
2021-04-01,,,,,,,,,,,83.9618581166633,92.0,14914.0,2023-01-06
2021-04-02,,,,,,,,,,,85.824576656335,70.0,14914.0,2023-01-06
2021-04-03,,,,,,,,,,,85.48804915796521,86.0,14914.0,2023-01-06
2021-04-04,,,,,,,,,,,87.4789132983005,90.0,14914.0,2023-01-06
2021-04-05,,,,,,,,,,,90.5379453573159,96.0,14914.0,2023-01-06
2021-04-06,,,,,,,,,,,92.49330912031559,96.0,14914.0,2023-01-06
2021-04-07,,,,,,,,,,,92.29117362023321,102.0,14914.0,2023-01-06
2021-04-08,,,,,,,,,,,91.277499797885,82.0,14914.0,2023-01-06
2021-04-09,,,,,,,,,,,92.347803033942,108.0,14914.0,2023-01-06
2021-04-10,,,,,,,,,,,92.9800270180476,87.0,14914.0,2023-01-06
2021-04-11,,,,,,,,,,,94.4010007874549,90.0,14914.0,2023-01-06
2021-04-12,,,,,,,,,,,93.2225329799257,81.0,14914.0,2023-01-06
2021-04-13,,,,,,,,,,,96.08123175773198,114.0,14914.0,2023-01-06
2021-04-14,,,,,,,,,,,94.07895858638771,98.0,14914.0,2023-01-06
2021-04-15,,,,,,,,,,,98.0301346323204,119.0,14914.0,2023-01-06
2021-04-16,,,,,,,,,,,93.69106658558391,81.0,14914.0,2023-01-06
2021-04-17,,,,,,,,,,,94.64285188869779,106.0,14914.0,2023-01-06
2021-04-18,,,,,,,,,,,95.7484701514104,99.0,14914.0,2023-01-06
2021-04-19,,,,,,,,,,,96.2987906086182,100.0,14914.0,2023-01-06
2021-04-20,,,,,,,,,,,96.2036982203208,94.0,14914.0,2023-01-06
2021-04-21,,,,,,,,,,,98.0211375789595,86.0,14914.0,2023-01-06
2021-04-22,,,,,,,,,,,100.276446625327,113.0,14914.0,2023-01-06
2021-04-23,,,,,,,,,,,96.01819475954291,98.0,14914.0,2023-01-06
2021-04-24,,,,,,,,,,,97.1582259940269,105.0,14914.0,2023-01-06
2021-04-25,,,,,,,,,,,95.39819616998649,86.0,14914.0,2023-01-06
2021-04-26,,,,,,,,,,,97.1641742469501,106.0,14914.0,2023-01-06
2021-04-27,,,,,,,,,,,98.6457241564885,98.0,14914.0,2023-01-06
2021-04-28,,,,,,,,,,,96.47424924531971,130.0,14914.0,2023-01-06
2021-04-29,,,,,,,,,,,95.7249600175774,82.0,14914.0,2023-01-06
2021-04-30,,,,,,,,,,,96.7884012726672,96.0,14914.0,2023-01-06
2021-05-01,,,,,,,,,,,97.9276872912205,107.0,14914.0,2023-01-06
2021-05-02,,,,,,,,,,,97.23274933543959,86.0,14914.0,2023-01-06
2021-05-03,,,,,,,,,,,98.3961271355383,112.0,14914.0,2023-01-06
2021-05-04,,,,,,,,,,,100.68472528567699,111.0,14914.0,2023-01-06
2021-05-05,,,,,,,,,,,100.022685656873,108.0,14914.0,2023-01-06
2021-05-06,,,,,,,,,,,101.892066827728,97.0,14914.0,2023-01-06
2021-05-07,,,,,,,,,,,103.677650987609,100.0,14914.0,2023-01-06
2021-05-08,,,,,,,,,,,102.908548087629,87.0,14914.0,2023-01-06
2021-05-09,,,,,,,,,,,107.59579872476,104.0,14914.0,2023-01-06
2021-05-10,,,,,,,,,,,107.193318933732,115.0,14914.0,2023-01-06
2021-05-11,,,,,,,,,,,105.280003856831,99.0,14914.0,2023-01-06
2021-05-12,,,,,,,,,,,107.60540389159401,113.0,14914.0,2023-01-06
2021-05-13,,,,,,,,,,,109.13144865232799,104.0,14914.0,2023-01-06
2021-05-14,,,,,,,,,,,107.731926884273,95.0,14914.0,2023-01-06
2021-05-15,,,,,,,,,,,111.234424287797,99.0,14914.0,2023-01-06
2021-05-16,,,,,,,,,,,113.34156614054199,121.0,14914.0,2023-01-06
2021-05-17,,,,,,,,,,,114.22434616627301,122.0,14914.0,2023-01-06
2021-05-18,,,,,,,,,,,117.227933073993,123.0,14914.0,2023-01-06
2021-05-19,,,,,,,,,,,117.040584249438,112.0,14914.0,2023-01-06
2021-05-20,,,,,,,,,,,118.87234879296601,137.0,14914.0,2023-01-06
2021-05-21,,,,,,,,,,,117.18149448783899,103.0,14914.0,2023-01-06
2021-05-22,,,,,,,,,,,119.16871179789601,137.0,14914.0,2023-01-06
2021-05-23,,,,,,,,,,,119.096287676239,106.0,14914.0,2023-01-06
2021-05-24,,,,,,,,,,,120.242382998753,103.0,14914.0,2023-01-06
2021-05-25,,,,,,,,,,,121.84606046604901,118.0,14914.0,2023-01-06
2021-05-26,,,,,,,,,,,123.01513447365299,122.0,14914.0,2023-01-06
2021-05-27,,,,,,,,,,,122.933003245002,136.0,14914.0,2023-01-06
2021-05-28,,,,,,,,,,,122.50161026549699,122.0,14914.0,2023-01-06
2021-05-29,,,,,,,,,,,122.181512144385,145.0,14914.0,2023-01-06
2021-05-30,,,,,,,,,,,120.26150235588499,119.0,14914.0,2023-01-06
2021-05-31,,,,,,,,,,,121.31984871426201,136.0,14914.0,2023-01-06
2021-06-01,,,,,,,,,,,119.31388639842399,132.0,14914.0,2023-01-06
2021-06-02,,,,,,,,,,,118.960559131159,125.0,14914.0,2023-01-06
2021-06-03,,,,,,,,,,,116.77493934325899,105.0,14914.0,2023-01-06
2021-06-04,,,,,,,,,,,117.072716372084,127.0,14914.0,2023-01-06
2021-06-05,,,,,,,,,,,116.400681292602,133.0,14914.0,2023-01-06
2021-06-06,,,,,,,,,,,115.882025875748,117.0,14914.0,2023-01-06
2021-06-07,,,,,,,,,,,115.30536211759501,124.0,14914.0,2023-01-06
2021-06-08,,,,,,,,,,,113.708596833794,123.0,14914.0,2023-01-06
2021-06-09,,,,,,,,,,,114.595985065002,128.0,14914.0,2023-01-06
2021-06-10,,,,,,,,,,,111.170620580422,115.0,14914.0,2023-01-06
2021-06-11,,,,,,,,,,,110.086327576231,114.0,14914.0,2023-01-06
2021-06-12,,,,,,,,,,,108.854893248197,94.0,14914.0,2023-01-06
2021-06-13,,,,,,,,,,,106.42844835274299,126.0,14914.0,2023-01-06
2021-06-14,,,,,,,,,,,101.881641309674,115.0,14914.0,2023-01-06
2021-06-15,,,,,,,,,,,100.600971683893,110.0,14914.0,2023-01-06
2021-06-16,,,,,,,,,,,98.5895025977443,100.0,14914.0,2023-01-06
2021-06-17,,,,,,,,,,,97.71299968917259,95.0,14914.0,2023-01-06
2021-06-18,,,,,,,,,,,95.0505132270609,113.0,14914.0,2023-01-06
2021-06-19,,,,,,,,,,,90.2676687645871,106.0,14914.0,2023-01-06
2021-06-20,,,,,,,,,,,88.98685243517679,94.0,14914.0,2023-01-06
2021-06-21,,,,,,,,,,,85.6393608968228,113.0,14914.0,2023-01-06
2021-06-22,,,,,,,,,,,81.8308278718559,110.0,14914.0,2023-01-06
2021-06-23,,,,,,,,,,,76.94865164841579,91.0,14914.0,2023-01-06
2021-06-24,,,,,,,,,,,75.2944939256613,87.0,14914.0,2023-01-06
2021-06-25,,,,,,,,,,,72.4328084582012,91.0,14914.0,2023-01-06
2021-06-26,,,,,,,,,,,67.9455729851124,75.0,14914.0,2023-01-06
2021-06-27,,,,,,,,,,,66.0356239027078,66.0,14914.0,2023-01-06
2021-06-28,,,,,,,,,,,65.7287204154436,70.0,14914.0,2023-01-06
2021-06-29,,,,,,,,,,,66.3552738069684,78.0,14914.0,2023-01-06
2021-06-30,,,,,,,,,,,63.5178048310554,83.0,14914.0,2023-01-06
2021-07-01,,,,,,,,,,,62.301763094421396,72.0,14914.0,2023-01-06
2021-07-02,,,,,,,,,,,60.5315587513087,68.0,14914.0,2023-01-06
2021-07-03,,,,,,,,,,,59.75804099580271,57.0,14914.0,2023-01-06
2021-07-04,,,,,,,,,,,59.3437303130668,68.0,14914.0,2023-01-06
2021-07-05,,,,,,,,,,,59.306873183602896,59.0,14914.0,2023-01-06
2021-07-06,,,,,,,,,,,57.4938872716375,50.0,14914.0,2023-01-06
2021-07-07,,,,,,,,,,,58.999069883482704,59.0,14914.0,2023-01-06
2021-07-08,,,,,,,,,,,58.1550004324235,51.0,14914.0,2023-01-06
2021-07-09,,,,,,,,,,,56.00351635855989,56.0,14914.0,2023-01-06
2021-07-10,,,,,,,,,,,55.319643145057896,43.0,14914.0,2023-01-06
2021-07-11,,,,,,,,,,,56.215422207447794,50.0,14914.0,2023-01-06
2021-07-12,,,,,,,,,,,54.799532523999005,61.0,14914.0,2023-01-06
2021-07-13,,,,,,,,,,,53.1719653967284,50.0,14914.0,2023-01-06
2021-07-14,,,,,,,,,,,50.6089865485465,63.0,14914.0,2023-01-06
2021-07-15,,,,,,,,,,,48.011153425381096,42.0,14914.0,2023-01-06
2021-07-16,,,,,,,,,,,46.0744346451465,53.0,14914.0,2023-01-06
2021-07-17,,,,,,,,,,,45.3290885921342,56.0,14914.0,2023-01-06
2021-07-18,,,,,,,,,,,41.9758111358733,42.0,14914.0,2023-01-06
2021-07-19,,,,,,,,,,,40.2290532344796,47.0,14914.0,2023-01-06
2021-07-20,,,,,,,,,,,37.4996992151009,47.0,14914.0,2023-01-06
2021-07-21,,,,,,,,,,,35.6789600149204,39.0,14914.0,2023-01-06
2021-07-22,,,,,,,,,,,33.6824882581641,32.0,14914.0,2023-01-06
2021-07-23,,,,,,,,,,,33.0878996439114,32.0,14914.0,2023-01-06
2021-07-24,,,,,,,,,,,32.1530035176311,42.0,14914.0,2023-01-06
2021-07-25,,,,,,,,,,,30.645212280380303,37.0,14914.0,2023-01-06
2021-07-26,,,,,,,,,,,27.9944514019062,36.0,14914.0,2023-01-06
2021-07-27,,,,,,,,,,,26.087374337750603,24.0,14914.0,2023-01-06
2021-07-28,,,,,,,,,,,25.975682243462895,26.0,14914.0,2023-01-06
2021-07-29,,,,,,,,,,,25.6632955598543,29.0,14914.0,2023-01-06
2021-07-30,,,,,,,,,,,24.770359780921396,28.0,14914.0,2023-01-06
2021-07-31,,,,,,,,,,,23.5300495495921,17.0,14914.0,2023-01-06
2021-08-01,,,,,,,,,,,24.1832796120343,18.0,14914.0,2023-01-06
2021-08-02,,,,,,,,,,,24.849480849183198,27.0,14914.0,2023-01-06
2021-08-03,,,,,,,,,,,23.162221619646502,22.0,14914.0,2023-01-06
2021-08-04,,,,,,,,,,,22.8634352646568,21.0,14914.0,2023-01-06
2021-08-05,,,,,,,,,,,22.906007713505502,19.0,14914.0,2023-01-06
2021-08-06,,,,,,,,,,,22.116393799266,24.0,14914.0,2023-01-06
2021-08-07,,,,,,,,,,,21.799321646733,20.0,14914.0,2023-01-06
2021-08-08,,,,,,,,,,,20.3407355715462,14.0,14914.0,2023-01-06
2021-08-09,,,,,,,,,,,20.3562599790366,23.0,14914.0,2023-01-06
2021-08-10,,,,,,,,,,,18.250042122545,17.0,14914.0,2023-01-06
2021-08-11,,,,,,,,,,,18.372071085159398,23.0,14914.0,2023-01-06
2021-08-12,,,,,,,,,,,17.2876152201807,24.0,14914.0,2023-01-06
2021-08-13,,,,,,,,,,,15.701296575693,16.0,14914.0,2023-01-06
2021-08-14,,,,,,,,,,,15.1371497064411,18.0,14914.0,2023-01-06
2021-08-15,,,,,,,,,,,13.5600580325263,14.0,14914.0,2023-01-06
2021-08-16,,,,,,,,,,,13.7830161216552,10.0,14914.0,2023-01-06
2021-08-17,,,,,,,,,,,14.0796017136963,15.0,14914.0,2023-01-06
2021-08-18,,,,,,,,,,,13.1765382475623,12.0,14914.0,2023-01-06
2021-08-19,,,,,,,,,,,12.3583565339413,9.0,14914.0,2023-01-06
2021-08-20,,,,,,,,,,,12.6697107092787,19.0,14914.0,2023-01-06
2021-08-21,,,,,,,,,,,11.4066889560199,8.0,14914.0,2023-01-06
2021-08-22,,,,,,,,,,,11.2403886607499,10.0,14914.0,2023-01-06
2021-08-23,,,,,,,,,,,10.975560056926,10.0,14914.0,2023-01-06
2021-08-24,,,,,,,,,,,10.4099189610606,12.0,14914.0,2023-01-06
2021-08-25,,,,,,,,,,,9.49538797338937,11.0,14914.0,2023-01-06
2021-08-26,,,,,,,,,,,8.606910944939951,12.0,14914.0,2023-01-06
2021-08-27,,,,,,,,,,,8.514108179258981,7.0,14914.0,2023-01-06
2021-08-28,,,,,,,,,,,7.8675182583247105,4.0,14914.0,2023-01-06
2021-08-29,,,,,,,,,,,8.12380278569253,10.0,14914.0,2023-01-06
2021-08-30,,,,,,,,,,,7.8079341390403,10.0,14914.0,2023-01-06
2021-08-31,,,,,,,,,,,7.08626445408663,6.0,14914.0,2023-01-06
2021-09-01,,,,,,,,,,,6.906882001963821,6.0,14914.0,2023-01-06
2021-09-02,,,,,,,,,,,7.19813502000397,8.0,14914.0,2023-01-06
2021-09-03,,,,,,,,,,,5.859117117041019,7.0,14914.0,2023-01-06
2021-09-04,,,,,,,,,,,5.9837815504452,4.0,14914.0,2023-01-06
2021-09-05,,,,,,,,,,,5.89062096496127,3.0,14914.0,2023-01-06
2021-09-06,,,,,,,,,,,6.01853727620437,3.0,14914.0,2023-01-06
2021-09-07,,,,,,,,,,,5.740071492034991,5.0,14914.0,2023-01-06
2021-09-08,,,,,,,,,,,6.10288888985269,3.0,14914.0,2023-01-06
2021-09-09,,,,,,,,,,,5.627788259411321,10.0,14914.0,2023-01-06
2021-09-10,,,,,,,,,,,5.20256946040172,6.0,14914.0,2023-01-06
2021-09-11,,,,,,,,,,,4.510837306414031,4.0,14914.0,2023-01-06
2021-09-12,,,,,,,,,,,4.4623467317906,5.0,14914.0,2023-01-06
2021-09-13,,,,,,,,,,,4.05730523330749,2.0,14914.0,2023-01-06
2021-09-14,,,,,,,,,,,4.15434330802054,7.0,14914.0,2023-01-06
2021-09-15,,,,,,,,,,,3.3802534473798,3.0,14914.0,2023-01-06
2021-09-16,,,,,,,,,,,3.37699535279899,4.0,14914.0,2023-01-06
2021-09-17,,,,,,,,,,,3.05912020347205,3.0,14914.0,2023-01-06
2021-09-18,,,,,,,,,,,2.60235683870633,4.0,14914.0,2023-01-06
2021-09-19,,,,,,,,,,,2.50992868443791,3.0,14914.0,2023-01-06
2021-09-20,,,,,,,,,,,2.2960450081372996,5.0,14914.0,2023-01-06
2021-09-21,,,,,,,,,,,1.9571894216951498,1.0,14914.0,2023-01-06
2021-09-22,,,,,,,,,,,1.8763428490074099,2.0,14914.0,2023-01-06
2021-09-23,,,,,,,,,,,1.83402381239102,2.0,14914.0,2023-01-06
2021-09-24,,,,,,,,,,,1.65983308306568,0.0,14914.0,2023-01-06
2021-09-25,,,,,,,,,,,1.78560592443318,3.0,14914.0,2023-01-06
2021-09-26,,,,,,,,,,,1.5636310092304502,1.0,14914.0,2023-01-06
2021-09-27,,,,,,,,,,,1.4158519087613999,2.0,14914.0,2023-01-06
2021-09-28,,,,,,,,,,,1.18018200991719,0.0,14914.0,2023-01-06
2021-09-29,,,,,,,,,,,1.14342898269751,2.0,14914.0,2023-01-06
2021-09-30,,,,,,,,,,,0.99879746809529,1.0,14914.0,2023-01-06
2021-10-01,,,,,,,,,,,1.1653262589934499,0.0,14914.0,2023-01-06
2021-10-02,,,,,,,,,,,1.14344733284452,2.0,14914.0,2023-01-06
2021-10-03,,,,,,,,,,,1.14272506586349,2.0,14914.0,2023-01-06
2021-10-04,,,,,,,,,,,0.8858154786248629,1.0,14914.0,2023-01-06
2021-10-05,,,,,,,,,,,0.840835069531749,0.0,14914.0,2023-01-06
2021-10-06,,,,,,,,,,,0.925444604941731,3.0,14914.0,2023-01-06
2021-10-07,,,,,,,,,,,0.778324274815532,0.0,14914.0,2023-01-06
2021-10-08,,,,,,,,,,,0.7538179242292242,0.0,14914.0,2023-01-06
2021-10-09,,,,,,,,,,,0.7531836149973969,0.0,14914.0,2023-01-06
2021-10-10,,,,,,,,,,,0.7702098802110409,0.0,14914.0,2023-01-06
2021-10-11,,,,,,,,,,,0.848315310176986,0.0,14914.0,2023-01-06
2021-10-12,,,,,,,,,,,0.951386038450437,0.0,14914.0,2023-01-06
2021-10-13,,,,,,,,,,,1.0606721999502,1.0,14914.0,2023-01-06
2021-10-14,,,,,,,,,,,1.17894356117904,2.0,14914.0,2023-01-06
2021-10-15,,,,,,,,,,,1.11091479285824,2.0,14914.0,2023-01-06
2021-10-16,,,,,,,,,,,1.26555362349245,0.0,14914.0,2023-01-06
2021-10-17,,,,,,,,,,,1.317495690957,0.0,14914.0,2023-01-06
2021-10-18,,,,,,,,,,,1.3942781886507902,1.0,14914.0,2023-01-06
2021-10-19,,,,,,,,,,,1.41450403950876,1.0,14914.0,2023-01-06
2021-10-20,,,,,,,,,,,1.5811937970102001,1.0,14914.0,2023-01-06
2021-10-21,,,,,,,,,,,1.59302183832551,0.0,14914.0,2023-01-06
2021-10-22,,,,,,,,,,,1.5965545808248898,1.0,14914.0,2023-01-06
2021-10-23,,,,,,,,,,,1.4673390210809902,0.0,14914.0,2023-01-06
2021-10-24,,,,,,,,,,,1.90701930619616,1.0,14914.0,2023-01-06
2021-10-25,,,,,,,,,,,2.10507741242327,2.0,14914.0,2023-01-06
2021-10-26,,,,,,,,,,,2.17418330231158,3.0,14914.0,2023-01-06
2021-10-27,,,,,,,,,,,1.99444232809401,4.0,14914.0,2023-01-06
2021-10-28,,,,,,,,,,,1.9695761413313402,2.0,14914.0,2023-01-06
2021-10-29,,,,,,,,,,,1.91199857418542,3.0,14914.0,2023-01-06
2021-10-30,,,,,,,,,,,2.19846997916466,1.0,14914.0,2023-01-06
2021-10-31,,,,,,,,,,,2.11042767326217,0.0,14914.0,2023-01-06
2021-11-01,,,,,,,,,,,2.41754049178417,5.0,14914.0,2023-01-06
2021-11-02,,,,,,,,,,,2.1999221187288596,2.0,14914.0,2023-01-06
2021-11-03,,,,,,,,,,,2.27666630347085,2.0,14914.0,2023-01-06
2021-11-04,,,,,,,,,,,2.52065665531336,1.0,14914.0,2023-01-06
2021-11-05,,,,,,,,,,,2.8724043526672203,2.0,14914.0,2023-01-06
2021-11-06,,,,,,,,,,,2.71613212793818,8.0,14914.0,2023-01-06
2021-11-07,,,,,,,,,,,2.64310982055758,2.0,14914.0,2023-01-06
2021-11-08,,,,,,,,,,,2.9215836264556896,4.0,14914.0,2023-01-06
2021-11-09,,,,,,,,,,,2.7588806601597797,1.0,14914.0,2023-01-06
2021-11-10,,,,,,,,,,,2.6260986218658195,1.0,14914.0,2023-01-06
2021-11-11,,,,,,,,,,,2.77574297334286,3.0,14914.0,2023-01-06
2021-11-12,,,,,,,,,,,2.77683824150154,4.0,14914.0,2023-01-06
2021-11-13,,,,,,,,,,,2.50719845294589,1.0,14914.0,2023-01-06
2021-11-14,,,,,,,,,,,2.7797608263062994,3.0,14914.0,2023-01-06
2021-11-15,,,,,,,,,,,2.71535735138968,1.0,14914.0,2023-01-06
2021-11-16,,,,,,,,,,,2.7300544922181897,2.0,14914.0,2023-01-06
2021-11-17,,,,,,,,,,,3.06058074244356,5.0,14914.0,2023-01-06
2021-11-18,,,,,,,,,,,2.9396139689743,6.0,14914.0,2023-01-06
2021-11-19,,,,,,,,,,,2.58942531357752,4.0,14914.0,2023-01-06
2021-11-20,,,,,,,,,,,2.49619756793254,6.0,14914.0,2023-01-06
2021-11-21,,,,,,,,,,,2.43545865356646,2.0,14914.0,2023-01-06
2021-11-22,,,,,,,,,,,2.5586610790232998,0.0,14914.0,2023-01-06
2021-11-23,,,,,,,,,,,2.62706130332299,2.0,14914.0,2023-01-06
2021-11-24,,,,,,,,,,,2.7636259413156896,0.0,14914.0,2023-01-06
2021-11-25,,,,,,,,,,,2.94661981856552,2.0,14914.0,2023-01-06
2021-11-26,,,,,,,,,,,3.52136492515638,3.0,14914.0,2023-01-06
2021-11-27,,,,,,,,,,,3.28276348368308,5.0,14914.0,2023-01-06
2021-11-28,,,,,,,,,,,3.27743820142859,5.0,14914.0,2023-01-06
2021-11-29,,,,,,,,,,,3.1905379498566604,2.0,14914.0,2023-01-06
2021-11-30,,,,,,,,,,,3.56526530375049,4.0,14914.0,2023-01-06
2021-12-01,,,,,,,,,,,3.43627767298312,3.0,14914.0,2023-01-06
2021-12-02,,,,,,,,,,,3.48962975150789,3.0,14914.0,2023-01-06
2021-12-03,,,,,,,,,,,3.2805332050265896,2.0,14914.0,2023-01-06
2021-12-04,,,,,,,,,,,3.65043858792706,1.0,14914.0,2023-01-06
2021-12-05,,,,,,,,,,,4.09561086723261,7.0,14914.0,2023-01-06
2021-12-06,,,,,,,,,,,4.35967069901017,2.0,14914.0,2023-01-06
2021-12-07,,,,,,,,,,,4.001380284786141,5.0,14914.0,2023-01-06
2021-12-08,,,,,,,,,,,3.8596574246002997,4.0,14914.0,2023-01-06
2021-12-09,,,,,,,,,,,3.84705969596325,7.0,14914.0,2023-01-06
2021-12-10,,,,,,,,,,,3.86756196914939,3.0,14914.0,2023-01-06
2021-12-11,,,,,,,,,,,4.1005389887905,4.0,14914.0,2023-01-06
2021-12-12,,,,,,,,,,,4.02475746930941,5.0,14914.0,2023-01-06
2021-12-13,,,,,,,,,,,4.0582507054678,4.0,14914.0,2023-01-06
2021-12-14,,,,,,,,,,,3.85689909203938,2.0,14914.0,2023-01-06
2021-12-15,,,,,,,,,,,3.7980939412336703,5.0,14914.0,2023-01-06
2021-12-16,,,,,,,,,,,3.78164343207027,4.0,14914.0,2023-01-06
2021-12-17,,,,,,,,,,,3.2259776817009,6.0,14914.0,2023-01-06
2021-12-18,,,,,,,,,,,3.18125355326265,6.0,14914.0,2023-01-06
2021-12-19,,,,,,,,,,,3.10158917039007,8.0,14914.0,2023-01-06
2021-12-20,,,,,,,,,,,3.0151906119172103,1.0,14914.0,2023-01-06
2021-12-21,,,,,,,,,,,3.15551384007631,7.0,14914.0,2023-01-06
2021-12-22,,,,,,,,,,,3.11618503419595,2.0,14914.0,2023-01-06
2021-12-23,,,,,,,,,,,2.9969084400982005,3.0,14914.0,2023-01-06
2021-12-24,,,,,,,,,,,2.9841983055666805,5.0,14914.0,2023-01-06
2021-12-25,,,,,,,,,,,3.2078449505570497,6.0,14914.0,2023-01-06
2021-12-26,,,,,,,,,,,3.26188401760373,4.0,14914.0,2023-01-06
2021-12-27,,,,,,,,,,,3.3805864928508504,4.0,14914.0,2023-01-06
2021-12-28,,,,,,,,,,,3.31396156734263,8.0,14914.0,2023-01-06
2021-12-29,,,,,,,,,,,3.7337114645488296,2.0,14914.0,2023-01-06
2021-12-30,,,,,,,,,,,3.95111732487567,4.0,14914.0,2023-01-06
2021-12-31,,,,,,,,,,,4.49865760465764,5.0,14914.0,2023-01-06
2022-01-01,,,,,,,,,,,4.993532854030491,6.0,14914.0,2023-01-06
2022-01-02,,,,,,,,,,,5.755542952196269,7.0,14914.0,2023-01-06
2022-01-03,,,,,,,,,,,5.44124663501134,3.0,14914.0,2023-01-06
2022-01-04,,,,,,,,,,,6.85697112047637,5.0,14914.0,2023-01-06
2022-01-05,,,,,,,,,,,7.468739250020009,3.0,14914.0,2023-01-06
2022-01-06,,,,,,,,,,,7.9020544892955495,7.0,14914.0,2023-01-06
2022-01-07,,,,,,,,,,,9.06970131633352,12.0,14914.0,2023-01-06
2022-01-08,,,,,,,,,,,9.98298572805652,6.0,14914.0,2023-01-06
2022-01-09,,,,,,,,,,,10.609271603880199,11.0,14914.0,2023-01-06
2022-01-10,,,,,,,,,,,12.6238401754053,8.0,14914.0,2023-01-06
2022-01-11,,,,,,,,,,,13.516807055984799,16.0,14914.0,2023-01-06
2022-01-12,,,,,,,,,,,14.588622935927598,15.0,14914.0,2023-01-06
2022-01-13,,,,,,,,,,,14.326961644823301,19.0,14914.0,2023-01-06
2022-01-14,,,,,,,,,,,23.6080155771815,20.0,14914.0,2023-01-06
2022-01-15,,,,,,,,,,,25.510045955285,22.0,14914.0,2023-01-06
2022-01-16,,,,,,,,,,,26.846833784362396,21.0,14914.0,2023-01-06
2022-01-17,,,,,,,,,,,27.142951552232297,33.0,14914.0,2023-01-06
2022-01-18,,,,,,,,,,,28.297419211212397,33.0,14914.0,2023-01-06
2022-01-19,,,,,,,,,,,29.850147988545398,34.0,14914.0,2023-01-06
2022-01-20,,,,,,,,,,,31.644489382662897,43.0,14914.0,2023-01-06
2022-01-21,,,,,,,,,,,33.3781285327605,48.0,14914.0,2023-01-06
2022-01-22,,,,,,,,,,,34.453916299004,46.0,14914.0,2023-01-06
2022-01-23,,,,,,,,,,,35.602728160509294,65.0,14914.0,2023-01-06
2022-01-24,,,,,,,,,,,34.334778772205,76.0,14914.0,2023-01-06
2022-01-25,,,,,,,,,,,33.2116444303829,71.0,14914.0,2023-01-06
2022-01-26,,,,,,,,,,,43.669391561641504,64.0,14914.0,2023-01-06
2022-01-27,,,,,,,,,,,44.2875318283805,47.0,14914.0,2023-01-06
2022-01-28,,,,,,,,,,,43.5453222282194,59.0,14914.0,2023-01-06
2022-01-29,,,,,,,,,,,43.685654318400296,46.0,14914.0,2023-01-06
2022-01-30,,,,,,,,,,,43.6764776034361,56.0,14914.0,2023-01-06
2022-01-31,,,,,,,,,,,41.2086657642139,61.0,14914.0,2023-01-06
2022-02-01,,,,,,,,,,,39.037588020539296,68.0,14914.0,2023-01-06
2022-02-02,,,,,,,,,,,34.4778204266622,47.0,14914.0,2023-01-06
2022-02-03,,,,,,,,,,,33.6774504571622,57.0,14914.0,2023-01-06
2022-02-04,,,,,,,,,,,31.8957701808758,47.0,14914.0,2023-01-06
2022-02-05,,,,,,,,,,,29.857496265831298,44.0,14914.0,2023-01-06
2022-02-06,,,,,,,,,,,32.2592011270826,42.0,14914.0,2023-01-06
2022-02-07,,,,,,,,,,,30.9737129747155,50.0,14914.0,2023-01-06
2022-02-08,,,,,,,,,,,29.468249495865198,41.0,14914.0,2023-01-06
2022-02-09,,,,,,,,,,,28.309008164742398,37.0,14914.0,2023-01-06
2022-02-10,,,,,,,,,,,28.2873219676258,33.0,14914.0,2023-01-06
2022-02-11,,,,,,,,,,,26.8044201021985,38.0,14914.0,2023-01-06
2022-02-12,,,,,,,,,,,26.380290501463598,35.0,14914.0,2023-01-06
2022-02-13,,,,,,,,,,,24.5468336428166,27.0,14914.0,2023-01-06
2022-02-14,,,,,,,,,,,23.012955785430698,29.0,14914.0,2023-01-06
2022-02-15,,,,,,,,,,,23.1731602710861,30.0,14914.0,2023-01-06
2022-02-16,,,,,,,,,,,21.7511357429685,24.0,14914.0,2023-01-06
2022-02-17,,,,,,,,,,,23.7854603142587,37.0,14914.0,2023-01-06
2022-02-18,,,,,,,,,,,21.4861569405075,23.0,14914.0,2023-01-06
2022-02-19,,,,,,,,,,,22.110852597968897,29.0,14914.0,2023-01-06
2022-02-20,,,,,,,,,,,20.5945438104827,16.0,14914.0,2023-01-06
2022-02-21,,,,,,,,,,,20.3239086357826,21.0,14914.0,2023-01-06
2022-02-22,,,,,,,,,,,20.548584399122802,23.0,14914.0,2023-01-06
2022-02-23,,,,,,,,,,,19.1912682768452,33.0,14914.0,2023-01-06
2022-02-24,,,,,,,,,,,16.9344050541804,19.0,14914.0,2023-01-06
2022-02-25,,,,,,,,,,,15.8728862475473,20.0,14914.0,2023-01-06
2022-02-26,,,,,,,,,,,15.011544560929899,18.0,14914.0,2023-01-06
2022-02-27,,,,,,,,,,,14.5498214069885,16.0,14914.0,2023-01-06
2022-02-28,,,,,,,,,,,14.5330753098388,16.0,14914.0,2023-01-06
2022-03-01,,,,,,,,,,,14.567241645690999,21.0,14914.0,2023-01-06
2022-03-02,,,,,,,,,,,12.5694586872087,15.0,14914.0,2023-01-06
2022-03-03,,,,,,,,,,,11.5538699098033,13.0,14914.0,2023-01-06
2022-03-04,,,,,,,,,,,10.9043726472555,12.0,14914.0,2023-01-06
2022-03-05,,,,,,,,,,,9.85555885484791,19.0,14914.0,2023-01-06
2022-03-06,,,,,,,,,,,8.78715940231996,7.0,14914.0,2023-01-06
2022-03-07,,,,,,,,,,,8.47203144804371,9.0,14914.0,2023-01-06
2022-03-08,,,,,,,,,,,7.840741947249629,15.0,14914.0,2023-01-06
2022-03-09,,,,,,,,,,,6.60112793480585,10.0,14914.0,2023-01-06
2022-03-10,,,,,,,,,,,5.6136014001676795,10.0,14914.0,2023-01-06
2022-03-11,,,,,,,,,,,5.14685936275418,7.0,14914.0,2023-01-06
2022-03-12,,,,,,,,,,,4.42772567439897,5.0,14914.0,2023-01-06
2022-03-13,,,,,,,,,,,4.28278672797023,6.0,14914.0,2023-01-06
2022-03-14,,,,,,,,,,,5.02687281086401,4.0,14914.0,2023-01-06
2022-03-15,,,,,,,,,,,4.8056891113555995,3.0,14914.0,2023-01-06
2022-03-16,,,,,,,,,,,4.50396067923066,3.0,14914.0,2023-01-06
2022-03-17,,,,,,,,,,,4.52684530081751,7.0,14914.0,2023-01-06
2022-03-18,,,,,,,,,,,4.47364637863211,6.0,14914.0,2023-01-06
2022-03-19,,,,,,,,,,,3.8727942877558195,6.0,14914.0,2023-01-06
2022-03-20,,,,,,,,,,,3.43904698174083,6.0,14914.0,2023-01-06
2022-03-21,,,,,,,,,,,3.4432283224596203,3.0,14914.0,2023-01-06
2022-03-22,,,,,,,,,,,3.15563250230116,3.0,14914.0,2023-01-06
2022-03-23,,,,,,,,,,,3.49886766285272,2.0,14914.0,2023-01-06
2022-03-24,,,,,,,,,,,3.0095124596628,5.0,14914.0,2023-01-06
2022-03-25,,,,,,,,,,,2.78034998875228,4.0,14914.0,2023-01-06
2022-03-26,,,,,,,,,,,2.45074388109788,3.0,14914.0,2023-01-06
2022-03-27,,,,,,,,,,,2.22143412910737,0.0,14914.0,2023-01-06
2022-03-28,,,,,,,,,,,2.25116939753207,1.0,14914.0,2023-01-06
2022-03-29,,,,,,,,,,,2.28175922567607,4.0,14914.0,2023-01-06
2022-03-30,,,,,,,,,,,2.02662567856896,0.0,14914.0,2023-01-06
2022-03-31,,,,,,,,,,,2.01930176236419,3.0,14914.0,2023-01-06
2022-04-01,,,,,,,,,,,2.4499870111249,3.0,14914.0,2023-01-06
2022-04-02,,,,,,,,,,,2.13297696442169,1.0,14914.0,2023-01-06
2022-04-03,,,,,,,,,,,2.23114567230368,3.0,14914.0,2023-01-06
2022-04-04,,,,,,,,,,,1.90929895580848,2.0,14914.0,2023-01-06
2022-04-05,,,,,,,,,,,1.6461393432291498,3.0,14914.0,2023-01-06
2022-04-06,,,,,,,,,,,1.4130305952312499,1.0,14914.0,2023-01-06
2022-04-07,,,,,,,,,,,1.51999227837223,0.0,14914.0,2023-01-06
2022-04-08,,,,,,,,,,,1.46513287527705,3.0,14914.0,2023-01-06
2022-04-09,,,,,,,,,,,1.0628772409545502,2.0,14914.0,2023-01-06
2022-04-10,,,,,,,,,,,0.92915863966482,0.0,14914.0,2023-01-06
2022-04-11,,,,,,,,,,,0.861067804118647,1.0,14914.0,2023-01-06
2022-04-12,,,,,,,,,,,0.907262902113871,0.0,14914.0,2023-01-06
2022-04-13,,,,,,,,,,,0.7953130877685909,0.0,14914.0,2023-01-06
2022-04-14,,,,,,,,,,,0.814046029532619,1.0,14914.0,2023-01-06
2022-04-15,,,,,,,,,,,0.80782365153209,0.0,14914.0,2023-01-06
2022-04-16,,,,,,,,,,,0.7563764017831999,2.0,14914.0,2023-01-06
2022-04-17,,,,,,,,,,,0.595738735341001,1.0,14914.0,2023-01-06
2022-04-18,,,,,,,,,,,0.472430149337015,1.0,14914.0,2023-01-06
2022-04-19,,,,,,,,,,,0.402034440965508,0.0,14914.0,2023-01-06
2022-04-20,,,,,,,,,,,0.4275186824597771,1.0,14914.0,2023-01-06
2022-04-21,,,,,,,,,,,0.425892092785944,0.0,14914.0,2023-01-06
2022-04-22,,,,,,,,,,,0.40307730520726204,0.0,14914.0,2023-01-06
2022-04-23,,,,,,,,,,,0.41043719743902296,0.0,14914.0,2023-01-06
2022-04-24,,,,,,,,,,,0.391489924888447,0.0,14914.0,2023-01-06
2022-04-25,,,,,,,,,,,0.41932981745048903,0.0,14914.0,2023-01-06
2022-04-26,,,,,,,,,,,0.4658553152585229,0.0,14914.0,2023-01-06
2022-04-27,,,,,,,,,,,0.429277719176753,0.0,14914.0,2023-01-06
2022-04-28,,,,,,,,,,,0.675793522037566,1.0,14914.0,2023-01-06
2022-04-29,,,,,,,,,,,0.614356258145563,0.0,14914.0,2023-01-06
2022-04-30,,,,,,,,,,,0.7007837443488821,0.0,14914.0,2023-01-06
2022-05-01,,,,,,,,,,,0.616269994450704,0.0,14914.0,2023-01-06
2022-05-02,,,,,,,,,,,0.768792832535837,0.0,14914.0,2023-01-06
2022-05-03,,,,,,,,,,,0.8186423779261529,0.0,14914.0,2023-01-06
2022-05-04,,,,,,,,,,,0.8057488482263578,1.0,14914.0,2023-01-06
2022-05-05,,,,,,,,,,,0.8123038190278751,0.0,14914.0,2023-01-06
2022-05-06,,,,,,,,,,,0.7482260056094671,0.0,14914.0,2023-01-06
2022-05-07,,,,,,,,,,,0.7278066165235941,0.0,14914.0,2023-01-06
2022-05-08,,,,,,,,,,,0.693620894624473,1.0,14914.0,2023-01-06
2022-05-09,,,,,,,,,,,0.692542227821832,1.0,14914.0,2023-01-06
2022-05-10,,,,,,,,,,,0.721728093441925,0.0,14914.0,2023-01-06
2022-05-11,,,,,,,,,,,0.713818060663471,3.0,14914.0,2023-01-06
2022-05-12,,,,,,,,,,,0.593319882274955,0.0,14914.0,2023-01-06
2022-05-13,,,,,,,,,,,0.511858438261697,1.0,14914.0,2023-01-06
2022-05-14,,,,,,,,,,,0.446805295796366,0.0,14914.0,2023-01-06
2022-05-15,,,,,,,,,,,0.434257668170176,1.0,14914.0,2023-01-06
2022-05-16,,,,,,,,,,,0.53811825046796,1.0,14914.0,2023-01-06
2022-05-17,,,,,,,,,,,0.508491716060234,2.0,14914.0,2023-01-06
2022-05-18,,,,,,,,,,,0.5376457310121621,0.0,14914.0,2023-01-06
2022-05-19,,,,,,,,,,,0.42373397494157,0.0,14914.0,2023-01-06
2022-05-20,,,,,,,,,,,0.47907459354610205,0.0,14914.0,2023-01-06
2022-05-21,,,,,,,,,,,0.44384296170756,0.0,14914.0,2023-01-06
2022-05-22,,,,,,,,,,,0.532900781210628,0.0,14914.0,2023-01-06
2022-05-23,,,,,,,,,,,0.736067414836725,2.0,14914.0,2023-01-06
2022-05-24,,,,,,,,,,,0.6166699315836011,0.0,14914.0,2023-01-06
2022-05-25,,,,,,,,,,,0.510740328289103,0.0,14914.0,2023-01-06
2022-05-26,,,,,,,,,,,0.587310744027491,1.0,14914.0,2023-01-06
2022-05-27,,,,,,,,,,,0.505989859309921,0.0,14914.0,2023-01-06
2022-05-28,,,,,,,,,,,0.507356565693044,0.0,14914.0,2023-01-06
2022-05-29,,,,,,,,,,,0.5723142207862111,2.0,14914.0,2023-01-06
2022-05-30,,,,,,,,,,,0.7786349094203621,0.0,14914.0,2023-01-06
2022-05-31,,,,,,,,,,,0.8384344530895759,1.0,14914.0,2023-01-06
2022-06-01,,,,,,,,,,,0.826211369141674,0.0,14914.0,2023-01-06
2022-06-02,,,,,,,,,,,0.8708652489731321,1.0,14914.0,2023-01-06
2022-06-03,,,,,,,,,,,0.8670273707029991,0.0,14914.0,2023-01-06
2022-06-04,,,,,,,,,,,1.0553481628994599,0.0,14914.0,2023-01-06
2022-06-05,,,,,,,,,,,1.06498918276702,3.0,14914.0,2023-01-06
2022-06-06,,,,,,,,,,,1.1609170292831499,1.0,14914.0,2023-01-06
2022-06-07,,,,,,,,,,,1.1962971106804599,0.0,14914.0,2023-01-06
2022-06-08,,,,,,,,,,,1.23489706293549,2.0,14914.0,2023-01-06
2022-06-09,,,,,,,,,,,1.52230453686934,0.0,14914.0,2023-01-06
2022-06-10,,,,,,,,,,,1.82575137776439,1.0,14914.0,2023-01-06
2022-06-11,,,,,,,,,,,1.69684379632236,2.0,14914.0,2023-01-06
2022-06-12,,,,,,,,,,,1.96152674177574,4.0,14914.0,2023-01-06
2022-06-13,,,,,,,,,,,1.7750234362865702,1.0,14914.0,2023-01-06
2022-06-14,,,,,,,,,,,1.7896962181075702,2.0,14914.0,2023-01-06
2022-06-15,,,,,,,,,,,2.18675558732139,1.0,14914.0,2023-01-06
2022-06-16,,,,,,,,,,,2.0965052774518003,0.0,14914.0,2023-01-06
2022-06-17,,,,,,,,,,,2.2456958152906696,4.0,14914.0,2023-01-06
2022-06-18,,,,,,,,,,,2.5703778258212004,0.0,14914.0,2023-01-06
2022-06-19,,,,,,,,,,,2.9217974262574,5.0,14914.0,2023-01-06
2022-06-20,,,,,,,,,,,2.6532637040290896,0.0,14914.0,2023-01-06
2022-06-21,,,,,,,,,,,2.98554700802561,4.0,14914.0,2023-01-06
2022-06-22,,,,,,,,,,,3.61058859239711,1.0,14914.0,2023-01-06
2022-06-23,,,,,,,,,,,4.3259193948906605,3.0,14914.0,2023-01-06
2022-06-24,,,,,,,,,,,4.45382681722185,3.0,14914.0,2023-01-06
2022-06-25,,,,,,,,,,,5.68729777347835,6.0,14914.0,2023-01-06
2022-06-26,,,,,,,,,,,5.67679173786746,4.0,14914.0,2023-01-06
2022-06-27,,,,,,,,,,,6.69801867968999,4.0,14914.0,2023-01-06
2022-06-28,,,,,,,,,,,6.72257629021988,9.0,14914.0,2023-01-06
2022-06-29,,,,,,,,,,,6.81382057927112,3.0,14914.0,2023-01-06
2022-06-30,,,,,,,,,,,7.49415277722801,4.0,14914.0,2023-01-06
2022-07-01,,,,,,,,,,,8.11671877712433,4.0,14914.0,2023-01-06
2022-07-02,,,,,,,,,,,8.93820895933823,4.0,14914.0,2023-01-06
2022-07-03,,,,,,,,,,,9.519881979398631,8.0,14914.0,2023-01-06
2022-07-04,,,,,,,,,,,10.6272356135487,8.0,14914.0,2023-01-06
2022-07-05,,,,,,,,,,,11.1212693529815,12.0,14914.0,2023-01-06
2022-07-06,,,,,,,,,,,11.3137906566335,7.0,14914.0,2023-01-06
2022-07-07,,,,,,,,,,,12.1913453649686,10.0,14914.0,2023-01-06
2022-07-08,,,,,,,,,,,12.763905152005501,19.0,14914.0,2023-01-06
2022-07-09,,,,,,,,,,,12.3205315929372,7.0,14914.0,2023-01-06
2022-07-10,,,,,,,,,,,13.609861753822802,8.0,14914.0,2023-01-06
2022-07-11,,,,,,,,,,,14.5796126981841,13.0,14914.0,2023-01-06
2022-07-12,,,,,,,,,,,14.0127305842652,14.0,14914.0,2023-01-06
2022-07-13,,,,,,,,,,,14.464468188034502,7.0,14914.0,2023-01-06
2022-07-14,,,,,,,,,,,14.690484775183,14.0,14914.0,2023-01-06
2022-07-15,,,,,,,,,,,14.5150844727177,14.0,14914.0,2023-01-06
2022-07-16,,,,,,,,,,,14.510261331710401,15.0,14914.0,2023-01-06
2022-07-17,,,,,,,,,,,14.3616099482242,14.0,14914.0,2023-01-06
2022-07-18,,,,,,,,,,,13.787357027235,12.0,14914.0,2023-01-06
2022-07-19,,,,,,,,,,,13.197731131684101,12.0,14914.0,2023-01-06
2022-07-20,,,,,,,,,,,13.3409543776215,17.0,14914.0,2023-01-06
2022-07-21,,,,,,,,,,,13.49351086569,16.0,14914.0,2023-01-06
2022-07-22,,,,,,,,,,,12.359849599197302,13.0,14914.0,2023-01-06
2022-07-23,,,,,,,,,,,11.769102907004699,21.0,14914.0,2023-01-06
2022-07-24,,,,,,,,,,,11.383455122559099,14.0,14914.0,2023-01-06
2022-07-25,,,,,,,,,,,9.962666832743711,14.0,14914.0,2023-01-06
2022-07-26,,,,,,,,,,,9.48167130606089,13.0,14914.0,2023-01-06
2022-07-27,,,,,,,,,,,9.12182723563456,9.0,14914.0,2023-01-06
2022-07-28,,,,,,,,,,,9.673087894938359,12.0,14914.0,2023-01-06
2022-07-29,,,,,,,,,,,9.054809036631921,6.0,14914.0,2023-01-06
2022-07-30,,,,,,,,,,,8.647240126989349,8.0,14914.0,2023-01-06
2022-07-31,,,,,,,,,,,8.79096991601182,2.0,14914.0,2023-01-06
2022-08-01,,,,,,,,,,,9.42104717255279,6.0,14914.0,2023-01-06
2022-08-02,,,,,,,,,,,9.66464933133102,10.0,14914.0,2023-01-06
2022-08-03,,,,,,,,,,,8.821521376466992,15.0,14914.0,2023-01-06
2022-08-04,,,,,,,,,,,7.930174583660119,7.0,14914.0,2023-01-06
2022-08-05,,,,,,,,,,,8.069010803461419,10.0,14914.0,2023-01-06
2022-08-06,,,,,,,,,,,7.687802297114099,3.0,14914.0,2023-01-06
2022-08-07,,,,,,,,,,,7.035160849125531,9.0,14914.0,2023-01-06
2022-08-08,,,,,,,,,,,6.689408740290671,8.0,14914.0,2023-01-06
2022-08-09,,,,,,,,,,,6.29461474176787,8.0,14914.0,2023-01-06
2022-08-10,,,,,,,,,,,5.73561226900347,9.0,14914.0,2023-01-06
2022-08-11,,,,,,,,,,,5.3120253616471,8.0,14914.0,2023-01-06
2022-08-12,,,,,,,,,,,4.6633543228053895,5.0,14914.0,2023-01-06
2022-08-13,,,,,,,,,,,4.5106528847354594,7.0,14914.0,2023-01-06
2022-08-14,,,,,,,,,,,4.11517369272769,7.0,14914.0,2023-01-06
2022-08-15,,,,,,,,,,,3.3502826635704,6.0,14914.0,2023-01-06
2022-08-16,,,,,,,,,,,3.1426293816257407,2.0,14914.0,2023-01-06
2022-08-17,,,,,,,,,,,3.5119520583648396,3.0,14914.0,2023-01-06
2022-08-18,,,,,,,,,,,3.0781440566061096,3.0,14914.0,2023-01-06
2022-08-19,,,,,,,,,,,2.97649267508314,1.0,14914.0,2023-01-06
2022-08-20,,,,,,,,,,,3.4534011508767404,0.0,14914.0,2023-01-06
2022-08-21,,,,,,,,,,,3.2407862276741097,2.0,14914.0,2023-01-06
2022-08-22,,,,,,,,,,,3.0324273765327203,5.0,14914.0,2023-01-06
2022-08-23,,,,,,,,,,,3.0556545012732403,1.0,14914.0,2023-01-06
2022-08-24,,,,,,,,,,,3.1385758865217204,3.0,14914.0,2023-01-06
2022-08-25,,,,,,,,,,,2.8593508678059196,6.0,14914.0,2023-01-06
2022-08-26,,,,,,,,,,,2.6717066629134902,1.0,14914.0,2023-01-06
2022-08-27,,,,,,,,,,,2.6310195569567405,4.0,14914.0,2023-01-06
2022-08-28,,,,,,,,,,,2.40822375059361,2.0,14914.0,2023-01-06
2022-08-29,,,,,,,,,,,2.4969790221257404,1.0,14914.0,2023-01-06
2022-08-30,,,,,,,,,,,2.2442876025088503,3.0,14914.0,2023-01-06
2022-08-31,,,,,,,,,,,2.10458875621043,4.0,14914.0,2023-01-06
2022-09-01,,,,,,,,,,,2.0750223765499,3.0,14914.0,2023-01-06
2022-09-02,,,,,,,,,,,1.76373837123174,2.0,14914.0,2023-01-06
2022-09-03,,,,,,,,,,,1.90082168923254,2.0,14914.0,2023-01-06
2022-09-04,,,,,,,,,,,1.90651204989263,1.0,14914.0,2023-01-06
2022-09-05,,,,,,,,,,,2.0051041145743502,1.0,14914.0,2023-01-06
2022-09-06,,,,,,,,,,,1.80543050752749,4.0,14914.0,2023-01-06
2022-09-07,,,,,,,,,,,1.5646024243542298,1.0,14914.0,2023-01-06
2022-09-08,,,,,,,,,,,1.5869370597793,2.0,14914.0,2023-01-06
2022-09-09,,,,,,,,,,,1.5282992557658899,4.0,14914.0,2023-01-06
2022-09-10,,,,,,,,,,,1.4687161243855402,1.0,14914.0,2023-01-06
2022-09-11,,,,,,,,,,,1.3508216992267998,1.0,14914.0,2023-01-06
2022-09-12,,,,,,,,,,,1.3984193300821102,0.0,14914.0,2023-01-06
2022-09-13,,,,,,,,,,,1.56153155224456,0.0,14914.0,2023-01-06
2022-09-14,,,,,,,,,,,1.53719694994288,1.0,14914.0,2023-01-06
2022-09-15,,,,,,,,,,,1.47604933210823,1.0,14914.0,2023-01-06
2022-09-16,,,,,,,,,,,1.38228344167146,1.0,14914.0,2023-01-06
2022-09-17,,,,,,,,,,,1.2299590573165902,3.0,14914.0,2023-01-06
2022-09-18,,,,,,,,,,,1.0542493774191801,2.0,14914.0,2023-01-06
2022-09-19,,,,,,,,,,,0.886229076360905,0.0,14914.0,2023-01-06
2022-09-20,,,,,,,,,,,0.947393524573272,1.0,14914.0,2023-01-06
2022-09-21,,,,,,,,,,,1.00471301775542,1.0,14914.0,2023-01-06
2022-09-22,,,,,,,,,,,0.8852043739316291,2.0,14914.0,2023-01-06
2022-09-23,,,,,,,,,,,0.713252704441402,1.0,14914.0,2023-01-06
2022-09-24,,,,,,,,,,,0.619995662858855,0.0,14914.0,2023-01-06
2022-09-25,,,,,,,,,,,0.578707091986871,0.0,14914.0,2023-01-06
2022-09-26,,,,,,,,,,,0.600157953147573,1.0,14914.0,2023-01-06
2022-09-27,,,,,,,,,,,0.4474305287403689,0.0,14914.0,2023-01-06
2022-09-28,,,,,,,,,,,0.546564886230044,1.0,14914.0,2023-01-06
2022-09-29,,,,,,,,,,,0.369824343877553,0.0,14914.0,2023-01-06
2022-09-30,,,,,,,,,,,0.48703548145204,0.0,14914.0,2023-01-06
2022-10-01,,,,,,,,,,,0.3776895516457439,1.0,14914.0,2023-01-06
2022-10-02,,,,,,,,,,,0.348499694573547,0.0,14914.0,2023-01-06
2022-10-03,,,,,,,,,,,0.353906542808545,0.0,14914.0,2023-01-06
2022-10-04,,,,,,,,,,,0.265014059015812,1.0,14914.0,2023-01-06
2022-10-05,,,,,,,,,,,0.252597206454084,0.0,14914.0,2023-01-06
2022-10-06,,,,,,,,,,,0.2960125346216961,1.0,14914.0,2023-01-06
2022-10-07,,,,,,,,,,,0.399048437193414,0.0,14914.0,2023-01-06
2022-10-08,,,,,,,,,,,0.380222792704444,0.0,14914.0,2023-01-06
2022-10-09,,,,,,,,,,,0.40463449359595,0.0,14914.0,2023-01-06
2022-10-10,,,,,,,,,,,0.535196050946979,0.0,14914.0,2023-01-06
2022-10-11,,,,,,,,,,,0.44131390558322897,0.0,14914.0,2023-01-06
2022-10-12,,,,,,,,,,,0.44409607951820396,0.0,14914.0,2023-01-06
2022-10-13,,,,,,,,,,,0.48488850661669897,0.0,14914.0,2023-01-06
2022-10-14,,,,,,,,,,,0.4786535073762929,0.0,14914.0,2023-01-06
2022-10-15,,,,,,,,,,,0.471549318928737,0.0,14914.0,2023-01-06
2022-10-16,,,,,,,,,,,0.506966227050725,0.0,14914.0,2023-01-06
2022-10-17,,,,,,,,,,,0.44434653822463605,1.0,14914.0,2023-01-06
2022-10-18,,,,,,,,,,,0.600569171016105,0.0,14914.0,2023-01-06
2022-10-19,,,,,,,,,,,0.6436268280012879,1.0,14914.0,2023-01-06
2022-10-20,,,,,,,,,,,0.42986967578690405,2.0,14914.0,2023-01-06
2022-10-21,,,,,,,,,,,0.375412210942159,0.0,14914.0,2023-01-06
2022-10-22,,,,,,,,,,,0.35264873195774293,1.0,14914.0,2023-01-06
2022-10-23,,,,,,,,,,,0.32431194199307395,1.0,14914.0,2023-01-06
2022-10-24,,,,,,,,,,,0.31280608082670397,0.0,14914.0,2023-01-06
2022-10-25,,,,,,,,,,,0.32038067352550603,0.0,14914.0,2023-01-06
2022-10-26,,,,,,,,,,,0.312804035795125,0.0,14914.0,2023-01-06
2022-10-27,,,,,,,,,,,0.339784644307656,0.0,14914.0,2023-01-06
2022-10-28,,,,,,,,,,,0.338451117069781,0.0,14914.0,2023-01-06
2022-10-29,,,,,,,,,,,0.384300129553594,1.0,14914.0,2023-01-06
2022-10-30,,,,,,,,,,,0.348054147583753,0.0,14914.0,2023-01-06
2022-10-31,,,,,,,,,,,0.303465013879759,0.0,14914.0,2023-01-06
2022-11-01,,,,,,,,,,,0.349026161569782,1.0,14914.0,2023-01-06
2022-11-02,,,,,,,,,,,0.37753537273602,0.0,14914.0,2023-01-06
2022-11-03,,,,,,,,,,,0.444923114468111,0.0,14914.0,2023-01-06
2022-11-04,,,,,,,,,,,0.400484309087915,1.0,14914.0,2023-01-06
2022-11-05,,,,,,,,,,,0.5479211740384929,0.0,14914.0,2023-01-06
2022-11-06,,,,,,,,,,,0.452378473895806,0.0,14914.0,2023-01-06
2022-11-07,,,,,,,,,,,0.478449879254185,1.0,14914.0,2023-01-06
2022-11-08,,,,,,,,,,,0.320218714670773,0.0,14914.0,2023-01-06
2022-11-09,,,,,,,,,,,0.372378433181439,0.0,14914.0,2023-01-06
2022-11-10,,,,,,,,,,,0.3628235745090929,0.0,14914.0,2023-01-06
2022-11-11,,,,,,,,,,,0.363610505781253,0.0,14914.0,2023-01-06
2022-11-12,,,,,,,,,,,0.3483021864485639,0.0,14914.0,2023-01-06
2022-11-13,,,,,,,,,,,0.38876128060292103,0.0,14914.0,2023-01-06
2022-11-14,,,,,,,,,,,0.41128498245962003,0.0,14914.0,2023-01-06
2022-11-15,,,,,,,,,,,0.567536121037847,3.0,14914.0,2023-01-06
2022-11-16,,,,,,,,,,,0.43025545257114595,0.0,14914.0,2023-01-06
2022-11-17,,,,,,,,,,,0.46477696320653206,0.0,14914.0,2023-01-06
2022-11-18,,,,,,,,,,,0.378321992608107,3.0,14914.0,2023-01-06
2022-11-19,,,,,,,,,,,0.45603692004442603,0.0,14914.0,2023-01-06
2022-11-20,,,,,,,,,,,0.441270660568989,0.0,14914.0,2023-01-06
2022-11-21,,,,,,,,,,,0.40855688064039,0.0,14914.0,2023-01-06
2022-11-22,,,,,,,,,,,0.487984148901887,3.0,14914.0,2023-01-06
2022-11-23,,,,,,,,,,,0.391072154492576,0.0,14914.0,2023-01-06
2022-11-24,,,,,,,,,,,0.35178471092876895,0.0,14914.0,2023-01-06
2022-11-25,,,,,,,,,,,0.39042238499314397,0.0,14914.0,2023-01-06
2022-11-26,,,,,,,,,,,0.379868098891166,1.0,14914.0,2023-01-06
2022-11-27,,,,,,,,,,,0.402840305156133,0.0,14914.0,2023-01-06
2022-11-28,,,,,,,,,,,0.475612063804874,0.0,14914.0,2023-01-06
2022-11-29,,,,,,,,,,,0.4655184989351261,0.0,14914.0,2023-01-06
2022-11-30,,,,,,,,,,,0.49813699347578205,0.0,14914.0,2023-01-06
2022-12-01,,,,,,,,,,,0.590031244995771,0.0,14914.0,2023-01-06
2022-12-02,,,,,,,,,,,0.61139827529405,0.0,14914.0,2023-01-06
2022-12-03,,,,,,,,,,,0.6008784487676171,0.0,14914.0,2023-01-06
2022-12-04,,,,,,,,,,,0.9080880223700659,2.0,14914.0,2023-01-06
2022-12-05,,,,,,,,,,,0.973069357663917,0.0,14914.0,2023-01-06
2022-12-06,,,,,,,,,,,1.1697547760341,0.0,14914.0,2023-01-06
2022-12-07,,,,,,,,,,,2.00011918101882,0.0,14914.0,2023-01-06
2022-12-08,,,,,,,,,,,1.6312914161644598,0.0,14914.0,2023-01-06
2022-12-09,,,,,,,,,,,1.67235637224076,0.0,14914.0,2023-01-06
2022-12-10,,,,,,,,,,,1.8736369532962298,1.0,14914.0,2023-01-06
2022-12-11,,,,,,,,,,,2.15932563336173,0.0,14914.0,2023-01-06
2022-12-12,,,,,,,,,,,1.73929256394331,0.0,14914.0,2023-01-06
2022-12-13,,,,,,,,,,,2.33616601493486,0.0,14914.0,2023-01-06
2022-12-14,,,,,,,,,,,2.11041033644142,1.0,14914.0,2023-01-06
2022-12-15,,,,,,,,,,,1.9173202534875602,0.0,14914.0,2023-01-06
2022-12-16,,,,,,,,,,,1.67484957110719,1.0,14914.0,2023-01-06
2022-12-17,,,,,,,,,,,2.1545045323109697,3.0,14914.0,2023-01-06
2022-12-18,,,,,,,,,,,2.2186305161194504,5.0,14914.0,2023-01-06
2022-12-19,,,,,,,,,,,1.9684362651314598,2.0,14914.0,2023-01-06
2022-12-20,,,,,,,,,,,2.2220950675473397,8.0,14914.0,2023-01-06
2022-12-21,,,,,,,,,,,2.18616022279457,2.0,14914.0,2023-01-06
2022-12-22,,,,,,,,,,,1.86341349884606,6.0,14914.0,2023-01-06
2022-12-23,,,,,,,,,,,1.98554926851648,8.0,14914.0,2023-01-06