peor,mejor,proy,eq,X2w,X4w,q25,q75,X10p,X20p,fecha,U,UTI,CapacidadMax,FechaCapacidadMax
,,,,,,,,,,2020-03-06,,,461,2020-12-31
,,,,,,,,,,2020-03-07,,0.0,461,2020-12-31
,,,,,,,,,,2020-03-08,,0.0,461,2020-12-31
,,,,,,,,,,2020-03-09,,0.0,461,2020-12-31
,,,,,,,,,,2020-03-10,,2.0,461,2020-12-31
,,,,,,,,,,2020-03-11,,0.0,461,2020-12-31
,,,,,,,,,,2020-03-12,,0.0,461,2020-12-31
,,,,,,,,,,2020-03-13,,0.0,461,2020-12-31
,,,,,,,,,,2020-03-14,,0.0,461,2020-12-31
,,,,,,,,,,2020-03-15,,0.0,461,2020-12-31
,,,,,,,,,,2020-03-16,,0.0,461,2020-12-31
,,,,,,,,,,2020-03-17,,0.0,461,2020-12-31
,,,,,,,,,,2020-03-18,,0.0,461,2020-12-31
,,,,,,,,,,2020-03-19,,0.0,461,2020-12-31
,,,,,,,,,,2020-03-20,,0.0,461,2020-12-31
,,,,,,,,,,2020-03-21,,0.0,461,2020-12-31
,,,,,,,,,,2020-03-22,,0.0,461,2020-12-31
,,,,,,,,,,2020-03-23,,0.0,461,2020-12-31
,,,,,,,,,,2020-03-24,,0.0,461,2020-12-31
,,,,,,,,,,2020-03-25,,0.0,461,2020-12-31
,,,,,,,,,,2020-03-26,,0.0,461,2020-12-31
,,,,,,,,,,2020-03-27,,0.0,461,2020-12-31
,,,,,,,,,,2020-03-28,,0.0,461,2020-12-31
,,,,,,,,,,2020-03-29,,0.0,461,2020-12-31
,,,,,,,,,,2020-03-30,,0.0,461,2020-12-31
,,,,,,,,,,2020-03-31,,0.0,461,2020-12-31
,,,,,,,,,,2020-04-01,,0.0,461,2020-12-31
,,,,,,,,,,2020-04-02,,0.0,461,2020-12-31
,,,,,,,,,,2020-04-03,,0.0,461,2020-12-31
,,,,,,,,,,2020-04-04,,2.0,461,2020-12-31
,,,,,,,,,,2020-04-05,,2.0,461,2020-12-31
,,,,,,,,,,2020-04-06,,1.0,461,2020-12-31
,,,,,,,,,,2020-04-07,,2.0,461,2020-12-31
,,,,,,,,,,2020-04-08,,2.0,461,2020-12-31
,,,,,,,,,,2020-04-09,,1.0,461,2020-12-31
,,,,,,,,,,2020-04-10,,1.0,461,2020-12-31
,,,,,,,,,,2020-04-11,,1.0,461,2020-12-31
,,,,,,,,,,2020-04-12,,1.0,461,2020-12-31
,,,,,,,,,,2020-04-13,,1.0,461,2020-12-31
,,,,,,,,,,2020-04-14,,0.0,461,2020-12-31
,,,,,,,,,,2020-04-15,,0.0,461,2020-12-31
,,,,,,,,,,2020-04-16,,0.0,461,2020-12-31
,,,,,,,,,,2020-04-17,,0.0,461,2020-12-31
,,,,,,,,,,2020-04-18,,0.0,461,2020-12-31
,,,,,,,,,,2020-04-19,,0.0,461,2020-12-31
,,,,,,,,,,2020-04-20,,0.0,461,2020-12-31
,,,,,,,,,,2020-04-21,,0.0,461,2020-12-31
,,,,,,,,,,2020-04-22,,0.0,461,2020-12-31
,,,,,,,,,,2020-04-23,,0.0,461,2020-12-31
,,,,,,,,,,2020-04-24,,0.0,461,2020-12-31
,,,,,,,,,,2020-04-25,,0.0,461,2020-12-31
,,,,,,,,,,2020-04-26,,0.0,461,2020-12-31
,,,,,,,,,,2020-04-27,,0.0,461,2020-12-31
,,,,,,,,,,2020-04-28,,0.0,461,2020-12-31
,,,,,,,,,,2020-04-29,,0.0,461,2020-12-31
,,,,,,,,,,2020-04-30,,0.0,461,2020-12-31
,,,,,,,,,,2020-05-01,,0.0,461,2020-12-31
,,,,,,,,,,2020-05-02,,0.0,461,2020-12-31
,,,,,,,,,,2020-05-03,,0.0,461,2020-12-31
,,,,,,,,,,2020-05-04,,0.0,461,2020-12-31
,,,,,,,,,,2020-05-05,,0.0,461,2020-12-31
,,,,,,,,,,2020-05-06,,0.0,461,2020-12-31
,,,,,,,,,,2020-05-07,,0.0,461,2020-12-31
,,,,,,,,,,2020-05-08,,0.0,461,2020-12-31
,,,,,,,,,,2020-05-09,,0.0,461,2020-12-31
,,,,,,,,,,2020-05-10,,0.0,461,2020-12-31
,,,,,,,,,,2020-05-11,,0.0,461,2020-12-31
,,,,,,,,,,2020-05-12,,0.0,461,2020-12-31
,,,,,,,,,,2020-05-13,,0.0,461,2020-12-31
,,,,,,,,,,2020-05-14,,0.0,461,2020-12-31
,,,,,,,,,,2020-05-15,,0.0,461,2020-12-31
,,,,,,,,,,2020-05-16,,0.0,461,2020-12-31
,,,,,,,,,,2020-05-17,,0.0,461,2020-12-31
,,,,,,,,,,2020-05-18,,0.0,461,2020-12-31
,,,,,,,,,,2020-05-19,,0.0,461,2020-12-31
,,,,,,,,,,2020-05-20,,0.0,461,2020-12-31
,,,,,,,,,,2020-05-21,,0.0,461,2020-12-31
,,,,,,,,,,2020-05-22,,0.0,461,2020-12-31
,,,,,,,,,,2020-05-23,,0.0,461,2020-12-31
,,,,,,,,,,2020-05-24,,0.0,461,2020-12-31
,,,,,,,,,,2020-05-25,,0.0,461,2020-12-31
,,,,,,,,,,2020-05-26,,0.0,461,2020-12-31
,,,,,,,,,,2020-05-27,,0.0,461,2020-12-31
,,,,,,,,,,2020-05-28,,1.0,461,2020-12-31
,,,,,,,,,,2020-05-29,,1.0,461,2020-12-31
,,,,,,,,,,2020-05-30,,2.0,461,2020-12-31
,,,,,,,,,,2020-05-31,,2.0,461,2020-12-31
,,,,,,,,,,2020-06-01,,2.0,461,2020-12-31
,,,,,,,,,,2020-06-02,,2.0,461,2020-12-31
,,,,,,,,,,2020-06-03,,2.0,461,2020-12-31
,,,,,,,,,,2020-06-04,,2.0,461,2020-12-31
,,,,,,,,,,2020-06-05,,2.0,461,2020-12-31
,,,,,,,,,,2020-06-06,,2.0,461,2020-12-31
,,,,,,,,,,2020-06-07,,2.0,461,2020-12-31
,,,,,,,,,,2020-06-08,,2.0,461,2020-12-31
,,,,,,,,,,2020-06-09,,2.0,461,2020-12-31
,,,,,,,,,,2020-06-10,,2.0,461,2020-12-31
,,,,,,,,,,2020-06-11,,2.0,461,2020-12-31
,,,,,,,,,,2020-06-12,,2.0,461,2020-12-31
,,,,,,,,,,2020-06-13,,2.0,461,2020-12-31
,,,,,,,,,,2020-06-14,,2.0,461,2020-12-31
,,,,,,,,,,2020-06-15,,2.0,461,2020-12-31
,,,,,,,,,,2020-06-16,,2.0,461,2020-12-31
,,,,,,,,,,2020-06-17,,1.0,461,2020-12-31
,,,,,,,,,,2020-06-18,,1.0,461,2020-12-31
,,,,,,,,,,2020-06-19,,1.0,461,2020-12-31
,,,,,,,,,,2020-06-20,,1.0,461,2020-12-31
,,,,,,,,,,2020-06-21,,1.0,461,2020-12-31
,,,,,,,,,,2020-06-22,,1.0,461,2020-12-31
,,,,,,,,,,2020-06-23,,1.0,461,2020-12-31
,,,,,,,,,,2020-06-24,,1.0,461,2020-12-31
,,,,,,,,,,2020-06-25,,2.0,461,2020-12-31
,,,,,,,,,,2020-06-26,,2.0,461,2020-12-31
,,,,,,,,,,2020-06-27,,3.0,461,2020-12-31
,,,,,,,,,,2020-06-28,,3.0,461,2020-12-31
,,,,,,,,,,2020-06-29,,4.0,461,2020-12-31
,,,,,,,,,,2020-06-30,,3.0,461,2020-12-31
,,,,,,,,,,2020-07-01,,3.0,461,2020-12-31
,,,,,,,,,,2020-07-02,,4.0,461,2020-12-31
,,,,,,,,,,2020-07-03,,4.0,461,2020-12-31
,,,,,,,,,,2020-07-04,,5.0,461,2020-12-31
,,,,,,,,,,2020-07-05,,5.0,461,2020-12-31
,,,,,,,,,,2020-07-06,,7.0,461,2020-12-31
,,,,,,,,,,2020-07-07,,8.0,461,2020-12-31
,,,,,,,,,,2020-07-08,,10.0,461,2020-12-31
,,,,,,,,,,2020-07-09,,10.0,461,2020-12-31
,,,,,,,,,,2020-07-10,,9.0,461,2020-12-31
,,,,,,,,,,2020-07-11,,10.0,461,2020-12-31
,,,,,,,,,,2020-07-12,,11.0,461,2020-12-31
,,,,,,,,,,2020-07-13,,10.0,461,2020-12-31
,,,,,,,,,,2020-07-14,,10.0,461,2020-12-31
,,,,,,,,,,2020-07-15,,11.0,461,2020-12-31
,,,,,,,,,,2020-07-16,,12.0,461,2020-12-31
,,,,,,,,,,2020-07-17,,11.0,461,2020-12-31
,,,,,,,,,,2020-07-18,,12.0,461,2020-12-31
,,,,,,,,,,2020-07-19,,10.0,461,2020-12-31
,,,,,,,,,,2020-07-20,,10.0,461,2020-12-31
,,,,,,,,,,2020-07-21,,10.0,461,2020-12-31
,,,,,,,,,,2020-07-22,,10.0,461,2020-12-31
,,,,,,,,,,2020-07-23,,12.0,461,2020-12-31
,,,,,,,,,,2020-07-24,,12.0,461,2020-12-31
,,,,,,,,,,2020-07-25,,12.0,461,2020-12-31
,,,,,,,,,,2020-07-26,,13.0,461,2020-12-31
,,,,,,,,,,2020-07-27,,10.0,461,2020-12-31
,,,,,,,,,,2020-07-28,,8.0,461,2020-12-31
,,,,,,,,,,2020-07-29,,8.0,461,2020-12-31
,,,,,,,,,,2020-07-30,,10.0,461,2020-12-31
,,,,,,,,,,2020-07-31,,11.0,461,2020-12-31
,,,,,,,,,,2020-08-01,,12.0,461,2020-12-31
,,,,,,,,,,2020-08-02,,14.0,461,2020-12-31
,,,,,,,,,,2020-08-03,112.142857142857,14.0,461,2020-12-31
,,,,,,,,,,2020-08-04,110.973844748916,16.0,461,2020-12-31
,,,,,,,,,,2020-08-05,111.583321921289,18.0,461,2020-12-31
,,,,,,,,,,2020-08-06,114.20200770515699,23.0,461,2020-12-31
,,,,,,,,,,2020-08-07,116.43863603556002,25.0,461,2020-12-31
,,,,,,,,,,2020-08-08,120.027390672696,31.0,461,2020-12-31
,,,,,,,,,,2020-08-09,123.042060610951,32.0,461,2020-12-31
,,,,,,,,,,2020-08-10,125.710968364338,34.0,461,2020-12-31
,,,,,,,,,,2020-08-11,128.750818143747,33.0,461,2020-12-31
,,,,,,,,,,2020-08-12,131.055627195717,35.0,461,2020-12-31
,,,,,,,,,,2020-08-13,133.613929919368,36.0,461,2020-12-31
,,,,,,,,,,2020-08-14,135.327675614674,38.0,461,2020-12-31
,,,,,,,,,,2020-08-15,136.660242587478,40.0,461,2020-12-31
,,,,,,,,,,2020-08-16,137.250132164201,46.0,461,2020-12-31
,,,,,,,,,,2020-08-17,137.491504211821,59.0,461,2020-12-31
,,,,,,,,,,2020-08-18,137.242822100496,54.0,461,2020-12-31
,,,,,,,,,,2020-08-19,136.96058808484,54.0,461,2020-12-31
,,,,,,,,,,2020-08-20,136.652658954536,63.0,461,2020-12-31
,,,,,,,,,,2020-08-21,135.027086191541,62.0,461,2020-12-31
,,,,,,,,,,2020-08-22,131.465038533226,64.0,461,2020-12-31
,,,,,,,,,,2020-08-23,125.406519156018,69.0,461,2020-12-31
,,,,,,,,,,2020-08-24,118.870453463491,66.0,461,2020-12-31
,,,,,,,,,,2020-08-25,113.26657715756599,68.0,461,2020-12-31
,,,,,,,,,,2020-08-26,106.85230261098101,67.0,461,2020-12-31
,,,,,,,,,,2020-08-27,102.115248970932,71.0,461,2020-12-31
,,,,,,,,,,2020-08-28,99.12192431051679,76.0,461,2020-12-31
,,,,,,,,,,2020-08-29,97.5355959072646,85.0,461,2020-12-31
,,,,,,,,,,2020-08-30,94.92184523458592,85.0,461,2020-12-31
,,,,,,,,,,2020-08-31,93.75923979926571,83.0,461,2020-12-31
,,,,,,,,,,2020-09-01,94.990321381979,85.0,461,2020-12-31
,,,,,,,,,,2020-09-02,94.2970164817799,87.0,461,2020-12-31
,,,,,,,,,,2020-09-03,94.29358350047801,85.0,461,2020-12-31
,,,,,,,,,,2020-09-04,94.8693694994523,87.0,461,2020-12-31
,,,,,,,,,,2020-09-05,95.478008128857,88.0,461,2020-12-31
,,,,,,,,,,2020-09-06,97.55567333154801,96.0,461,2020-12-31
,,,,,,,,,,2020-09-07,99.30147105807129,101.0,461,2020-12-31
,,,,,,,,,,2020-09-08,100.774744192239,108.0,461,2020-12-31
,,,,,,,,,,2020-09-09,102.88794803098101,113.0,461,2020-12-31
,,,,,,,,,,2020-09-10,104.720378631836,129.0,461,2020-12-31
,,,,,,,,,,2020-09-11,106.32724343036301,134.0,461,2020-12-31
,,,,,,,,,,2020-09-12,108.164322927075,134.0,461,2020-12-31
,,,,,,,,,,2020-09-13,109.63308280861901,136.0,461,2020-12-31
,,,,,,,,,,2020-09-14,110.98769968489701,144.0,461,2020-12-31
,,,,,,,,,,2020-09-15,112.25314127163,148.0,461,2020-12-31
,,,,,,,,,,2020-09-16,113.29914229597999,145.0,461,2020-12-31
,,,,,,,,,,2020-09-17,114.604781707302,137.0,461,2020-12-31
,,,,,,,,,,2020-09-18,114.20710636290899,143.0,461,2020-12-31
,,,,,,,,,,2020-09-19,112.65154327825701,144.0,461,2020-12-31
,,,,,,,,,,2020-09-20,110.130299425558,147.0,461,2020-12-31
,,,,,,,,,,2020-09-21,105.295637676853,149.0,461,2020-12-31
,,,,,,,,,,2020-09-22,101.90573086086701,157.0,461,2020-12-31
,,,,,,,,,,2020-09-23,98.79652612058321,157.0,461,2020-12-31
,,,,,,,,,,2020-09-24,96.29375669429871,157.0,461,2020-12-31
,,,,,,,,,,2020-09-25,93.1504162706011,165.0,461,2020-12-31
,,,,,,,,,,2020-09-26,91.4142240548008,155.0,461,2020-12-31
,,,,,,,,,,2020-09-27,91.1630399568692,154.0,461,2020-12-31
,,,,,,,,,,2020-09-28,91.7157945865909,161.0,461,2020-12-31
,,,,,,,,,,2020-09-29,93.71788890518592,160.0,461,2020-12-31
,,,,,,,,,,2020-09-30,95.5833730571032,152.0,461,2020-12-31
,,,,,,,,,,2020-10-01,99.3115255338184,150.0,461,2020-12-31
,,,,,,,,,,2020-10-02,102.85436627192301,140.0,461,2020-12-31
,,,,,,,,,,2020-10-03,107.39781793954701,143.0,461,2020-12-31
,,,,,,,,,,2020-10-04,112.304491312763,145.0,461,2020-12-31
,,,,,,,,,,2020-10-05,116.42206921417,152.0,461,2020-12-31
,,,,,,,,,,2020-10-06,120.84718678563,152.0,461,2020-12-31
,,,,,,,,,,2020-10-07,125.884246688976,151.0,461,2020-12-31
,,,,,,,,,,2020-10-08,130.386501109518,143.0,461,2020-12-31
,,,,,,,,,,2020-10-09,135.074818696959,144.0,461,2020-12-31
,,,,,,,,,,2020-10-10,139.323647694118,145.0,461,2020-12-31
,,,,,,,,,,2020-10-11,143.074289693199,144.0,461,2020-12-31
,,,,,,,,,,2020-10-12,146.416516046198,146.0,461,2020-12-31
,,,,,,,,,,2020-10-13,149.99167715564198,156.0,461,2020-12-31
,,,,,,,,,,2020-10-14,152.809395904422,155.0,461,2020-12-31
,,,,,,,,,,2020-10-15,154.893974935427,149.0,461,2020-12-31
,,,,,,,,,,2020-10-16,156.642919490207,145.0,461,2020-12-31
,,,,,,,,,,2020-10-17,158.195503497724,142.0,461,2020-12-31
,,,,,,,,,,2020-10-18,160.586749660541,146.0,461,2020-12-31
,,,,,,,,,,2020-10-19,163.978126651677,143.0,461,2020-12-31
,,,,,,,,,,2020-10-20,167.774322976116,135.0,461,2020-12-31
,,,,,,,,,,2020-10-21,174.311538271663,142.0,461,2020-12-31
,,,,,,,,,,2020-10-22,183.451852350029,140.0,461,2020-12-31
,,,,,,,,,,2020-10-23,194.550631296799,135.0,461,2020-12-31
,,,,,,,,,,2020-10-24,207.327542988401,136.0,461,2020-12-31
,,,,,,,,,,2020-10-25,220.165903849501,134.0,461,2020-12-31
,,,,,,,,,,2020-10-26,231.20737184279,121.0,461,2020-12-31
,,,,,,,,,,2020-10-27,239.761302121123,120.0,461,2020-12-31
,,,,,,,,,,2020-10-28,242.765282683681,121.0,461,2020-12-31
,,,,,,,,,,2020-10-29,245.775108844903,119.0,461,2020-12-31
,,,,,,,,,,2020-10-30,249.36352020299702,122.0,461,2020-12-31
,,,,,,,,,,2020-10-31,252.80248265439602,123.0,461,2020-12-31
,,,,,,,,,,2020-11-01,249.757944810666,118.0,461,2020-12-31
,,,,,,,,,,2020-11-02,246.411797001562,120.0,461,2020-12-31
,,,,,,,,,,2020-11-03,242.93487174274398,125.0,461,2020-12-31
,,,,,,,,,,2020-11-04,241.864674694278,121.0,461,2020-12-31
,,,,,,,,,,2020-11-05,235.782158690735,119.0,461,2020-12-31
,,,,,,,,,,2020-11-06,232.55401615876,114.0,461,2020-12-31
,,,,,,,,,,2020-11-07,230.039852368661,111.0,461,2020-12-31
,,,,,,,,,,2020-11-08,226.832528856395,107.0,461,2020-12-31
,,,,,,,,,,2020-11-09,229.340923562106,115.0,461,2020-12-31
,,,,,,,,,,2020-11-10,230.21273534498297,116.0,461,2020-12-31
,,,,,,,,,,2020-11-11,231.378954033923,112.0,461,2020-12-31
,,,,,,,,,,2020-11-12,233.04742770246799,108.0,461,2020-12-31
,,,,,,,,,,2020-11-13,234.39267546207995,109.0,461,2020-12-31
,,,,,,,,,,2020-11-14,236.81212089683498,112.0,461,2020-12-31
,,,,,,,,,,2020-11-15,238.986246576812,107.0,461,2020-12-31
,,,,,,,,,,2020-11-16,241.348981476714,112.0,461,2020-12-31
,,,,,,,,,,2020-11-17,241.74838501015202,116.0,461,2020-12-31
,,,,,,,,,,2020-11-18,241.422243894696,121.0,461,2020-12-31
,,,,,,,,,,2020-11-19,241.34787246361302,131.0,461,2020-12-31
,,,,,,,,,,2020-11-20,240.365924952137,127.0,461,2020-12-31
,,,,,,,,,,2020-11-21,239.908904606696,126.0,461,2020-12-31
,,,,,,,,,,2020-11-22,244.44094739092498,127.0,461,2020-12-31
,,,,,,,,,,2020-11-23,249.23428656288502,124.0,461,2020-12-31
,,,,,,,,,,2020-11-24,256.904079984654,119.0,461,2020-12-31
,,,,,,,,,,2020-11-25,264.727539173079,125.0,461,2020-12-31
,,,,,,,,,,2020-11-26,271.802256647697,125.0,461,2020-12-31
,,,,,,,,,,2020-11-27,274.175953613485,132.0,461,2020-12-31
,,,,,,,,,,2020-11-28,275.521059833569,131.0,461,2020-12-31
,,,,,,,,,,2020-11-29,277.889221734649,127.0,461,2020-12-31
,,,,,,,,,,2020-11-30,276.041612525769,133.0,461,2020-12-31
,,,,,,,,,,2020-12-01,277.814106477808,142.0,461,2020-12-31
,,,,,,,,,,2020-12-02,280.601885565359,143.0,461,2020-12-31
,,,,,,,,,,2020-12-03,277.043910692618,145.0,461,2020-12-31
,,,,,,,,,,2020-12-04,271.63107479414396,144.0,461,2020-12-31
,,,,,,,,,,2020-12-05,265.636471138626,140.0,461,2020-12-31
,,,,,,,,,,2020-12-06,261.450881669248,139.0,461,2020-12-31
,,,,,,,,,,2020-12-07,255.852754466797,149.0,461,2020-12-31
,,,,,,,,,,2020-12-08,256.25397696973704,145.0,461,2020-12-31
,,,,,,,,,,2020-12-09,258.008691768248,149.0,461,2020-12-31
,,,,,,,,,,2020-12-10,258.326438257453,151.0,461,2020-12-31
,,,,,,,,,,2020-12-11,257.52436278471197,150.0,461,2020-12-31
,,,,,,,,,,2020-12-12,256.083754705897,147.0,461,2020-12-31
,,,,,,,,,,2020-12-13,254.76620905952498,143.0,461,2020-12-31
,,,,,,,,,,2020-12-14,253.66838493340302,160.0,461,2020-12-31
,,,,,,,,,,2020-12-15,251.67518518831298,172.0,461,2020-12-31
,,,,,,,,,,2020-12-16,248.884970086471,166.0,461,2020-12-31
,,,,,,,,,,2020-12-17,247.122863235724,179.0,461,2020-12-31
,,,,,,,,,,2020-12-18,246.930179116884,182.0,461,2020-12-31
,,,,,,,,,,2020-12-19,246.83942191605,177.0,461,2020-12-31
,,,,,,,,,,2020-12-20,248.083885587712,174.0,461,2020-12-31
,,,,,,,,,,2020-12-21,253.769838927622,181.0,461,2020-12-31
,,,,,,,,,,2020-12-22,259.81897431850103,182.0,461,2020-12-31
,,,,,,,,,,2020-12-23,265.75604837611,174.0,461,2020-12-31
,,,,,,,,,,2020-12-24,273.307579538238,179.0,461,2020-12-31
,,,,,,,,,,2020-12-25,274.873414004009,179.0,461,2020-12-31
,,,,,,,,,,2020-12-26,277.930259965709,172.0,461,2020-12-31
,,,,,,,,,,2020-12-27,279.177355180633,163.0,461,2020-12-31
,,,,,,,,,,2020-12-28,282.58982867935504,174.0,461,2020-12-31
,,,,,,,,,,2020-12-29,283.583391860939,162.0,461,2020-12-31
,,,,,,,,,,2020-12-30,287.899189143956,157.0,461,2020-12-31
,,,,,,,,,,2020-12-31,292.272358020164,163.0,461,2020-12-31
,,,,,,,,,,2021-01-01,298.32495226058995,163.0,461,2020-12-31
,,,,,,,,,,2021-01-02,300.44955215487596,160.0,461,2020-12-31
,,,,,,,,,,2021-01-03,299.709137732642,156.0,461,2020-12-31
,,,,,,,,,,2021-01-04,301.450409661278,162.0,461,2020-12-31
,,,,,,,,,,2021-01-05,304.289193625686,165.0,461,2020-12-31
,,,,,,,,,,2021-01-06,307.888567094088,170.0,461,2020-12-31
,,,,,,,,,,2021-01-07,315.336474825648,170.0,461,2020-12-31
,,,,,,,,,,2021-01-08,322.331469216088,181.0,461,2020-12-31
,,,,,,,,,,2021-01-09,328.16871625321096,184.0,461,2020-12-31
,,,,,,,,,,2021-01-10,333.600813800928,180.0,461,2020-12-31
,,,,,,,,,,2021-01-11,338.137950487679,181.0,461,2020-12-31
,,,,,,,,,,2021-01-12,343.057329929534,182.0,461,2020-12-31
,,,,,,,,,,2021-01-13,346.76168225216,185.0,461,2020-12-31
,,,,,,,,,,2021-01-14,350.202930165763,186.0,461,2020-12-31
,,,,,,,,,,2021-01-15,352.049030745143,187.0,461,2020-12-31
,,,,,,,,,,2021-01-16,352.67388067753194,187.0,461,2020-12-31
,,,,,,,,,,2021-01-17,352.190877499027,186.0,461,2020-12-31
,,,,,,,,,,2021-01-18,351.943435038515,204.0,461,2020-12-31
,,,,,,,,,,2021-01-19,353.031290792731,209.0,461,2020-12-31
,,,,,,,,,,2021-01-20,356.13163478111704,220.0,461,2020-12-31
,,,,,,,,,,2021-01-21,359.852976483899,238.0,461,2020-12-31
,,,,,,,,,,2021-01-22,365.327215620227,250.0,461,2020-12-31
,,,,,,,,,,2021-01-23,364.94314789021,243.0,461,2020-12-31
,,,,,,,,,,2021-01-24,364.159647572016,245.0,461,2020-12-31
,,,,,,,,,,2021-01-25,361.57958776617005,244.0,461,2020-12-31
,,,,,,,,,,2021-01-26,357.222709019339,242.0,461,2020-12-31
,,,,,,,,,,2021-01-27,355.40703734035696,251.0,461,2020-12-31
,,,,,,,,,,2021-01-28,349.613033324967,242.0,461,2020-12-31
,,,,,,,,,,2021-01-29,343.329792559272,255.0,461,2020-12-31
,,,,,,,,,,2021-01-30,343.477736191866,251.0,461,2020-12-31
,,,,,,,,,,2021-01-31,346.818140413256,247.0,461,2020-12-31
,,,,,,,,,,2021-02-01,351.58947040175,247.0,461,2020-12-31
,,,,,,,,,,2021-02-02,351.323548586869,238.0,461,2020-12-31
,,,,,,,,,,2021-02-03,353.48100542237097,232.0,461,2020-12-31
,,,,,,,,,,2021-02-04,364.702115184262,231.0,461,2020-12-31
,,,,,,,,,,2021-02-05,373.51517412927905,233.0,461,2020-12-31
,,,,,,,,,,2021-02-06,383.68736962169197,235.0,461,2020-12-31
,,,,,,,,,,2021-02-07,393.40344402655296,234.0,461,2020-12-31
,,,,,,,,,,2021-02-08,401.799863300254,237.0,461,2020-12-31
,,,,,,,,,,2021-02-09,412.87416240642,232.0,461,2020-12-31
,,,,,,,,,,2021-02-10,423.214898925485,230.0,461,2020-12-31
,,,,,,,,,,2021-02-11,432.63687949988406,237.0,461,2020-12-31
,,,,,,,,,,2021-02-12,442.215952783136,243.0,461,2020-12-31
,,,,,,,,,,2021-02-13,450.81507185790605,242.0,461,2020-12-31
,,,,,,,,,,2021-02-14,457.375396848308,240.0,461,2020-12-31
,,,,,,,,,,2021-02-15,460.842233382548,233.0,461,2020-12-31
,,,,,,,,,,2021-02-16,459.53780230028394,231.0,461,2020-12-31
,,,,,,,,,,2021-02-17,458.03411782079695,232.0,461,2020-12-31
,,,,,,,,,,2021-02-18,458.898546771989,240.0,461,2020-12-31
,,,,,,,,,,2021-02-19,457.665827667828,239.0,461,2020-12-31
,,,,,,,,,,2021-02-20,460.194717724707,237.0,461,2020-12-31
,,,,,,,,,,2021-02-21,457.800571556521,228.0,461,2020-12-31
,,,,,,,,,,2021-02-22,452.99778335848504,242.0,461,2020-12-31
,,,,,,,,,,2021-02-23,443.53537502734804,250.0,461,2020-12-31
,,,,,,,,,,2021-02-24,431.575737891774,256.0,461,2020-12-31
,,,,,,,,,,2021-02-25,416.545162223907,256.0,461,2020-12-31
,,,,,,,,,,2021-02-26,407.207387649051,255.0,461,2020-12-31
,,,,,,,,,,2021-02-27,403.03738224899695,254.0,461,2020-12-31
,,,,,,,,,,2021-02-28,398.81859167732,257.0,461,2020-12-31
,,,,,,,,,,2021-03-01,396.216315098519,262.0,461,2020-12-31
,,,,,,,,,,2021-03-02,394.699785907415,261.0,461,2020-12-31
,,,,,,,,,,2021-03-03,393.94965917477003,270.0,461,2020-12-31
,,,,,,,,,,2021-03-04,398.950527604748,293.0,461,2020-12-31
,,,,,,,,,,2021-03-05,406.68614411577596,294.0,461,2020-12-31
,,,,,,,,,,2021-03-06,414.348404053714,300.0,461,2020-12-31
,,,,,,,,,,2021-03-07,423.13710821034,293.0,461,2020-12-31
,,,,,,,,,,2021-03-08,429.887464109488,296.0,461,2020-12-31
,,,,,,,,,,2021-03-09,437.986347616355,324.0,461,2020-12-31
,,,,,,,,,,2021-03-10,446.429415511114,327.0,461,2020-12-31
,,,,,,,,,,2021-03-11,458.511977818244,331.0,461,2020-12-31
,,,,,,,,,,2021-03-12,467.57646826434006,341.0,461,2020-12-31
,,,,,,,,,,2021-03-13,476.936333466875,342.0,461,2020-12-31
,,,,,,,,,,2021-03-14,485.961839189437,349.0,461,2020-12-31
,,,,,,,,,,2021-03-15,493.970089408916,353.0,461,2020-12-31
,,,,,,,,,,2021-03-16,501.841622300325,354.0,461,2020-12-31
,,,,,,,,,,2021-03-17,506.022082826424,352.0,461,2020-12-31
,,,,,,,,,,2021-03-18,509.273270916863,368.0,461,2020-12-31
,,,,,,,,,,2021-03-19,511.072812329214,382.0,461,2020-12-31
,,,,,,,,,,2021-03-20,509.770236614463,377.0,461,2020-12-31
,,,,,,,,,,2021-03-21,503.36037153812896,377.0,461,2020-12-31
,,,,,,,,,,2021-03-22,498.864353142672,404.0,461,2020-12-31
,,,,,,,,,,2021-03-23,497.93537829328903,424.0,461,2020-12-31
,,,,,,,,,,2021-03-24,501.855195765718,413.0,461,2020-12-31
,,,,,,,,,,2021-03-25,490.66282829137396,405.0,461,2020-12-31
,,,,,,,,,,2021-03-26,472.646858404911,420.0,461,2020-12-31
,,,,,,,,,,2021-03-27,456.26314923385996,423.0,461,2020-12-31
,,,,,,,,,,2021-03-28,438.005600541851,407.0,461,2020-12-31
,,,,,,,,,,2021-03-29,426.066291723905,405.0,461,2020-12-31
,,,,,,,,,,2021-03-30,413.02319061559405,397.0,461,2020-12-31
,,,,,,,,,,2021-03-31,405.971093341776,408.0,461,2020-12-31
,,,,,,,,,,2021-04-01,408.275071525983,428.0,461,2020-12-31
,,,,,,,,,,2021-04-02,409.15910647566704,431.0,461,2020-12-31
,,,,,,,,,,2021-04-03,412.26043729739996,428.0,461,2020-12-31
,,,,,,,,,,2021-04-04,412.273820667341,431.0,461,2020-12-31
,,,,,,,,,,2021-04-05,416.21444504664004,429.0,461,2020-12-31
,,,,,,,,,,2021-04-06,421.81568302783205,427.0,461,2020-12-31
,,,,,,,,,,2021-04-07,433.71617215059194,436.0,461,2020-12-31
,,,,,,,,,,2021-04-08,442.409656400203,438.0,461,2020-12-31
,,,,,,,,,,2021-04-09,456.683487200875,445.0,461,2020-12-31
,,,,,,,,,,2021-04-10,468.317237134552,444.0,461,2020-12-31
,,,,,,,,,,2021-04-11,478.745461832432,442.0,461,2020-12-31
,,,,,,,,,,2021-04-12,488.098916226259,446.0,461,2020-12-31
,,,,,,,,,,2021-04-13,496.702728098389,485.0,461,2020-12-31
,,,,,,,,,,2021-04-14,504.738636911784,489.0,461,2020-12-31
,,,,,,,,,,2021-04-15,511.770832987168,504.0,461,2020-12-31
,,,,,,,,,,2021-04-16,516.552202306636,501.0,461,2020-12-31
,,,,,,,,,,2021-04-17,514.9698465990509,499.0,461,2020-12-31
,,,,,,,,,,2021-04-18,509.13914388050006,495.0,461,2020-12-31
,,,,,,,,,,2021-04-19,504.918107169585,510.0,461,2020-12-31
,,,,,,,,,,2021-04-20,499.43974686083,521.0,461,2020-12-31
,,,,,,,,,,2021-04-21,494.69027857744004,508.0,461,2020-12-31
,,,,,,,,,,2021-04-22,490.61121161439,503.0,461,2020-12-31
,,,,,,,,,,2021-04-23,488.45378543531194,525.0,461,2020-12-31
,,,,,,,,,,2021-04-24,485.18981389014704,521.0,461,2020-12-31
,,,,,,,,,,2021-04-25,469.71039565154007,514.0,461,2020-12-31
,,,,,,,,,,2021-04-26,451.73517770319603,549.0,461,2020-12-31
,,,,,,,,,,2021-04-27,430.31042938683,563.0,461,2020-12-31
,,,,,,,,,,2021-04-28,418.520689908036,537.0,461,2020-12-31
,,,,,,,,,,2021-04-29,409.27033591305496,526.0,461,2020-12-31
,,,,,,,,,,2021-04-30,399.136375556327,516.0,461,2020-12-31
,,,,,,,,,,2021-05-01,399.461684484098,512.0,461,2020-12-31
,,,,,,,,,,2021-05-02,391.59153336753405,508.0,461,2020-12-31
,,,,,,,,,,2021-05-03,389.614879604303,527.0,461,2020-12-31
,,,,,,,,,,2021-05-04,397.96779888158204,553.0,461,2020-12-31
,,,,,,,,,,2021-05-05,403.120731228579,552.0,461,2020-12-31
,,,,,,,,,,2021-05-06,405.427036505075,545.0,461,2020-12-31
,,,,,,,,,,2021-05-07,411.332280862306,567.0,461,2020-12-31
,,,,,,,,,,2021-05-08,416.181366636192,570.0,461,2020-12-31
,,,,,,,,,,2021-05-09,423.70667507524297,565.0,461,2020-12-31
,,,,,,,,,,2021-05-10,427.83737993280505,565.0,461,2020-12-31
,,,,,,,,,,2021-05-11,431.231923936648,581.0,461,2020-12-31
,,,,,,,,,,2021-05-12,430.788590760212,599.0,461,2020-12-31
,,,,,,,,,,2021-05-13,429.28339829267,592.0,461,2020-12-31
,,,,,,,,,,2021-05-14,425.67829392737605,590.0,461,2020-12-31
,,,,,,,,,,2021-05-15,421.563838337652,584.0,461,2020-12-31
,,,,,,,,,,2021-05-16,416.45563142556296,582.0,461,2020-12-31
,,,,,,,,,,2021-05-17,407.54687080249494,560.0,461,2020-12-31
,,,,,,,,,,2021-05-18,398.50168618789496,570.0,461,2020-12-31
,,,,,,,,,,2021-05-19,389.820996001624,569.0,461,2020-12-31
,,,,,,,,,,2021-05-20,382.096227332542,584.0,461,2020-12-31
,,,,,,,,,,2021-05-21,374.44144260312106,570.0,461,2020-12-31
,,,,,,,,,,2021-05-22,368.783657775088,567.0,461,2020-12-31
,,,,,,,,,,2021-05-23,368.59518095050004,564.0,461,2020-12-31
,,,,,,,,,,2021-05-24,369.33421410564796,566.0,461,2020-12-31
,,,,,,,,,,2021-05-25,362.565962436387,601.0,461,2020-12-31
,,,,,,,,,,2021-05-26,355.70100508576303,596.0,461,2020-12-31
,,,,,,,,,,2021-05-27,347.73377431227203,598.0,461,2020-12-31
,,,,,,,,,,2021-05-28,343.583981264148,594.0,461,2020-12-31
,,,,,,,,,,2021-05-29,333.14244897368695,597.0,461,2020-12-31
,,,,,,,,,,2021-05-30,325.673800158067,585.0,461,2020-12-31
,,,,,,,,,,2021-05-31,319.782512275443,590.0,461,2020-12-31
,,,,,,,,,,2021-06-01,309.207763080073,607.0,461,2020-12-31
,,,,,,,,,,2021-06-02,301.91718634632196,605.0,461,2020-12-31
,,,,,,,,,,2021-06-03,290.60662096600896,587.0,461,2020-12-31
,,,,,,,,,,2021-06-04,281.621616299971,605.0,461,2020-12-31
,,,,,,,,,,2021-06-05,272.368289168993,605.0,461,2020-12-31
,,,,,,,,,,2021-06-06,264.57442576176004,593.0,461,2020-12-31
,,,,,,,,,,2021-06-07,257.17941702741797,587.0,461,2020-12-31
,,,,,,,,,,2021-06-08,250.588205399873,571.0,461,2020-12-31
,,,,,,,,,,2021-06-09,246.171377250493,627.0,461,2020-12-31
,,,,,,,,,,2021-06-10,241.979981089716,617.0,461,2020-12-31
,,,,,,,,,,2021-06-11,235.959615783434,618.0,461,2020-12-31
,,,,,,,,,,2021-06-12,229.555520913237,613.0,461,2020-12-31
,,,,,,,,,,2021-06-13,222.68809213871498,607.0,461,2020-12-31
,,,,,,,,,,2021-06-14,215.608560879603,617.0,461,2020-12-31
,,,,,,,,,,2021-06-15,208.29165008939498,582.0,461,2020-12-31
,,,,,,,,,,2021-06-16,200.73450944293998,584.0,461,2020-12-31
,,,,,,,,,,2021-06-17,194.297805963397,597.0,461,2020-12-31
,,,,,,,,,,2021-06-18,189.76563396277803,563.0,461,2020-12-31
,,,,,,,,,,2021-06-19,188.28748339850898,572.0,461,2020-12-31
,,,,,,,,,,2021-06-20,186.761188066063,571.0,461,2020-12-31
,,,,,,,,,,2021-06-21,187.15289633406996,577.0,461,2020-12-31
,,,,,,,,,,2021-06-22,189.14629068356004,570.0,461,2020-12-31
,,,,,,,,,,2021-06-23,193.449779212828,570.0,461,2020-12-31
,,,,,,,,,,2021-06-24,199.33938875557598,575.0,461,2020-12-31
,,,,,,,,,,2021-06-25,206.41769502397202,554.0,461,2020-12-31
,,,,,,,,,,2021-06-26,210.23589793173198,546.0,461,2020-12-31
,,,,,,,,,,2021-06-27,216.91200464627602,540.0,461,2020-12-31
,,,,,,,,,,2021-06-28,220.170195694422,532.0,461,2020-12-31
,,,,,,,,,,2021-06-29,226.811736131554,536.0,461,2020-12-31
,,,,,,,,,,2021-06-30,228.972131050933,541.0,461,2020-12-31
,,,,,,,,,,2021-07-01,228.953331912538,568.0,461,2020-12-31
,,,,,,,,,,2021-07-02,224.36829911383202,573.0,461,2020-12-31
,,,,,,,,,,2021-07-03,219.893755598546,576.0,461,2020-12-31
,,,,,,,,,,2021-07-04,210.09485939847,573.0,461,2020-12-31
,,,,,,,,,,2021-07-05,197.787898956278,591.0,461,2020-12-31
,,,,,,,,,,2021-07-06,184.738808037081,587.0,461,2020-12-31
,,,,,,,,,,2021-07-07,171.800341069061,589.0,461,2020-12-31
,,,,,,,,,,2021-07-08,158.968756222259,618.0,461,2020-12-31
,,,,,,,,,,2021-07-09,148.235834141123,612.0,461,2020-12-31
,,,,,,,,,,2021-07-10,137.485326334257,615.0,461,2020-12-31
,,,,,,,,,,2021-07-11,127.130165296818,597.0,461,2020-12-31
,,,,,,,,,,2021-07-12,117.573416270273,571.0,461,2020-12-31
,,,,,,,,,,2021-07-13,108.438852504652,513.0,461,2020-12-31
,,,,,,,,,,2021-07-14,100.093057742009,495.0,461,2020-12-31
,,,,,,,,,,2021-07-15,92.9351502831788,468.0,461,2020-12-31
,,,,,,,,,,2021-07-16,86.1103632416649,457.0,461,2020-12-31
,,,,,,,,,,2021-07-17,83.3903148753291,487.0,461,2020-12-31
,,,,,,,,,,2021-07-18,82.2404052348563,494.0,461,2020-12-31
,,,,,,,,,,2021-07-19,86.4952340704923,452.0,461,2020-12-31
,,,,,,,,,,2021-07-20,89.5488663999534,441.0,461,2020-12-31
,,,,,,,,,,2021-07-21,94.7013260135372,433.0,461,2020-12-31
,,,,,,,,,,2021-07-22,100.899520382782,423.0,461,2020-12-31
,,,,,,,,,,2021-07-23,110.934083073847,388.0,461,2020-12-31
,,,,,,,,,,2021-07-24,122.70846606241001,392.0,461,2020-12-31
,,,,,,,,,,2021-07-25,135.606425208332,374.0,461,2020-12-31
,,,,,,,,,,2021-07-26,145.527012506833,377.0,461,2020-12-31
,,,,,,,,,,2021-07-27,157.419675401124,346.0,461,2020-12-31
,,,,,,,,,,2021-07-28,165.863198080742,349.0,461,2020-12-31
,,,,,,,,,,2021-07-29,168.407522470349,329.0,461,2020-12-31
,,,,,,,,,,2021-07-30,171.867423914211,310.0,461,2020-12-31
,,,,,,,,,,2021-07-31,176.01990350634102,315.0,461,2020-12-31
,,,,,,,,,,2021-08-01,173.813354058187,317.0,461,2020-12-31
,,,,,,,,,,2021-08-02,177.665175872155,325.0,461,2020-12-31
,,,,,,,,,,2021-08-03,174.52788877843898,311.0,461,2020-12-31
,,,,,,,,,,2021-08-04,166.682348814179,314.0,461,2020-12-31
,,,,,,,,,,2021-08-05,157.49897640381099,297.0,461,2020-12-31
,,,,,,,,,,2021-08-06,145.496928790257,292.0,461,2020-12-31
,,,,,,,,,,2021-08-07,135.14012209206498,277.0,461,2020-12-31
,,,,,,,,,,2021-08-08,124.838141857828,278.0,461,2020-12-31
,,,,,,,,,,2021-08-09,115.327765139817,271.0,461,2020-12-31
,,,,,,,,,,2021-08-10,106.784550055805,260.0,461,2020-12-31
,,,,,,,,,,2021-08-11,98.7034024909961,258.0,461,2020-12-31
,,,,,,,,,,2021-08-12,91.41360494720699,244.0,461,2020-12-31
,,,,,,,,,,2021-08-13,84.9957102138456,235.0,461,2020-12-31
,,,,,,,,,,2021-08-14,79.09947915087129,228.0,461,2020-12-31
,,,,,,,,,,2021-08-15,73.4503485809326,226.0,461,2020-12-31
,,,,,,,,,,2021-08-16,68.20064739679171,211.0,461,2020-12-31
,,,,,,,,,,2021-08-17,66.2180470963839,212.0,461,2020-12-31
,,,,,,,,,,2021-08-18,65.5410523855974,194.0,461,2020-12-31
,,,,,,,,,,2021-08-19,69.2498245914374,190.0,461,2020-12-31
,,,,,,,,,,2021-08-20,73.33669408608021,185.0,461,2020-12-31
,,,,,,,,,,2021-08-21,78.83104647478359,179.0,461,2020-12-31
,,,,,,,,,,2021-08-22,85.39447055723609,180.0,461,2020-12-31
,,,,,,,,,,2021-08-23,97.0932938142474,171.0,461,2020-12-31
,,,,,,,,,,2021-08-24,109.019588375063,163.0,461,2020-12-31
,,,,,,,,,,2021-08-25,120.905592676886,159.0,461,2020-12-31
,,,,,,,,,,2021-08-26,131.997701948831,148.0,461,2020-12-31
,,,,,,,,,,2021-08-27,143.698269652727,133.0,461,2020-12-31
,,,,,,,,,,2021-08-28,155.212713492982,130.0,461,2020-12-31
,,,,,,,,,,2021-08-29,162.488176966015,130.0,461,2020-12-31
,,,,,,,,,,2021-08-30,170.506730210298,116.0,461,2020-12-31
,,,,,,,,,,2021-08-31,182.110150902877,108.0,461,2020-12-31
,,,,,,,,,,2021-09-01,183.772494471598,94.0,461,2020-12-31
,,,,,,,,,,2021-09-02,183.98886922394,90.0,461,2020-12-31
,,,,,,,,,,2021-09-03,180.879794247061,88.0,461,2020-12-31
,,,,,,,,,,2021-09-04,171.736347165305,87.0,461,2020-12-31
,,,,,,,,,,2021-09-05,164.081294737343,86.0,461,2020-12-31
,,,,,,,,,,2021-09-06,152.904181189755,81.0,461,2020-12-31
,,,,,,,,,,2021-09-07,141.399261115975,77.0,461,2020-12-31
,,,,,,,,,,2021-09-08,131.712112675994,71.0,461,2020-12-31
,,,,,,,,,,2021-09-09,121.867848093845,66.0,461,2020-12-31
,,,,,,,,,,2021-09-10,113.255214293933,55.0,461,2020-12-31
,,,,,,,,,,2021-09-11,104.52786482723101,56.0,461,2020-12-31
,,,,,,,,,,2021-09-12,96.8277582714611,54.0,461,2020-12-31
,,,,,,,,,,2021-09-13,89.5847220836092,48.0,461,2020-12-31
,,,,,,,,,,2021-09-14,83.02324414245909,52.0,461,2020-12-31
,,,,,,,,,,2021-09-15,77.1458900785492,49.0,461,2020-12-31
,,,,,,,,,,2021-09-16,74.2576689414884,40.0,461,2020-12-31
,,,,,,,,,,2021-09-17,74.99123138392571,35.0,461,2020-12-31
,,,,,,,,,,2021-09-18,80.58628756952949,36.0,461,2020-12-31
,,,,,,,,,,2021-09-19,85.595758487724,37.0,461,2020-12-31
,,,,,,,,,,2021-09-20,91.66645619891692,33.0,461,2020-12-31
,,,,,,,,,,2021-09-21,97.2563253765488,25.0,461,2020-12-31
,,,,,,,,,,2021-09-22,106.449126918343,27.0,461,2020-12-31
,,,,,,,,,,2021-09-23,118.717789414452,26.0,461,2020-12-31
,,,,,,,,,,2021-09-24,128.795094494304,24.0,461,2020-12-31
,,,,,,,,,,2021-09-25,140.09506881188,23.0,461,2020-12-31
,,,,,,,,,,2021-09-26,153.260444672111,23.0,461,2020-12-31
,,,,,,,,,,2021-09-27,160.761134515691,25.0,461,2020-12-31
,,,,,,,,,,2021-09-28,177.42748539615002,21.0,461,2020-12-31
,,,,,,,,,,2021-09-29,190.483220068441,15.0,461,2020-12-31
,,,,,,,,,,2021-09-30,195.268395322039,14.0,461,2020-12-31
,,,,,,,,,,2021-10-01,192.987738952182,13.0,461,2020-12-31
,,,,,,,,,,2021-10-02,191.315654721195,14.0,461,2020-12-31
,,,,,,,,,,2021-10-03,186.87808568500702,14.0,461,2020-12-31
,,,,,,,,,,2021-10-04,179.66718913694,12.0,461,2020-12-31
,,,,,,,,,,2021-10-05,170.222191560219,14.0,461,2020-12-31
,,,,,,,,,,2021-10-06,157.658670386311,14.0,461,2020-12-31
,,,,,,,,,,2021-10-07,145.86326974221,14.0,461,2020-12-31
,,,,,,,,,,2021-10-08,137.450052625426,12.0,461,2020-12-31
,,,,,,,,,,2021-10-09,127.286085612484,11.0,461,2020-12-31
,,,,,,,,,,2021-10-10,118.45477313881399,11.0,461,2020-12-31
,,,,,,,,,,2021-10-11,110.009865104979,13.0,461,2020-12-31
,,,,,,,,,,2021-10-12,102.33589205940399,14.0,461,2020-12-31
,,,,,,,,,,2021-10-13,95.22979933893428,13.0,461,2020-12-31
,,,,,,,,,,2021-10-14,88.6526917064008,11.0,461,2020-12-31
,,,,,,,,,,2021-10-15,82.55888657865201,11.0,461,2020-12-31
,,,,,,,,,,2021-10-16,77.7821083204223,10.0,461,2020-12-31
,,,,,,,,,,2021-10-17,73.6408972014089,9.0,461,2020-12-31
,,,,,,,,,,2021-10-18,73.48867552882399,12.0,461,2020-12-31
,,,,,,,,,,2021-10-19,72.9929418451767,13.0,461,2020-12-31
,,,,,,,,,,2021-10-20,73.4382358905831,15.0,461,2020-12-31
,,,,,,,,,,2021-10-21,72.47246347933391,13.0,461,2020-12-31
,,,,,,,,,,2021-10-22,71.1890481489587,13.0,461,2020-12-31
,,,,,,,,,,2021-10-23,69.80444908465459,12.0,461,2020-12-31
,,,,,,,,,,2021-10-24,67.8571610780927,13.0,461,2020-12-31
,,,,,,,,,,2021-10-25,66.9813194880132,14.0,461,2020-12-31
,,,,,,,,,,2021-10-26,63.81216867973951,16.0,461,2020-12-31
,,,,,,,,,,2021-10-27,61.951006389161996,15.0,461,2020-12-31
,,,,,,,,,,2021-10-28,60.431740124029,14.0,461,2020-12-31
,,,,,,,,,,2021-10-29,58.318757973342706,17.0,461,2020-12-31
,,,,,,,,,,2021-10-30,57.3715306166502,17.0,461,2020-12-31
,,,,,,,,,,2021-10-31,56.6632344126584,17.0,461,2020-12-31
,,,,,,,,,,2021-11-01,55.5906226235882,21.0,461,2020-12-31
,,,,,,,,,,2021-11-02,55.6852831980268,28.0,461,2020-12-31
,,,,,,,,,,2021-11-03,56.1460530140136,28.0,461,2020-12-31
,,,,,,,,,,2021-11-04,56.788123347781294,31.0,461,2020-12-31
,,,,,,,,,,2021-11-05,57.765940477133896,35.0,461,2020-12-31
,,,,,,,,,,2021-11-06,60.2830683829685,35.0,461,2020-12-31
,,,,,,,,,,2021-11-07,62.9648338358238,35.0,461,2020-12-31
,,,,,,,,,,2021-11-08,65.2985050375406,39.0,461,2020-12-31
,,,,,,,,,,2021-11-09,68.0551607272402,38.0,461,2020-12-31
,,,,,,,,,,2021-11-10,71.8443906539021,41.0,461,2020-12-31
,,,,,,,,,,2021-11-11,75.53021042530271,43.0,461,2020-12-31
,,,,,,,,,,2021-11-12,79.428639309107,43.0,461,2020-12-31
,,,,,,,,,,2021-11-13,83.80744794773851,44.0,461,2020-12-31
,,,,,,,,,,2021-11-14,88.4183187482715,44.0,461,2020-12-31
,,,,,,,,,,2021-11-15,93.2132365070462,45.0,461,2020-12-31
,,,,,,,,,,2021-11-16,98.3219035886141,46.0,461,2020-12-31
,,,,,,,,,,2021-11-17,102.513139038633,46.0,461,2020-12-31
,,,,,,,,,,2021-11-18,107.649179448199,42.0,461,2020-12-31
,,,,,,,,,,2021-11-19,112.225348574066,39.0,461,2020-12-31
,,,,,,,,,,2021-11-20,116.704132888627,40.0,461,2020-12-31
,,,,,,,,,,2021-11-21,117.956341252911,38.0,461,2020-12-31
,,,,,,,,,,2021-11-22,118.39736584857701,33.0,461,2020-12-31
,,,,,,,,,,2021-11-23,116.682196998897,37.0,461,2020-12-31
,,,,,,,,,,2021-11-24,116.362015925657,40.0,461,2020-12-31
,,,,,,,,,,2021-11-25,114.14357487669099,40.0,461,2020-12-31
,,,,,,,,,,2021-11-26,110.559839810266,42.0,461,2020-12-31
,,,,,,,,,,2021-11-27,106.935783259322,42.0,461,2020-12-31
,,,,,,,,,,2021-11-28,100.37276999182,41.0,461,2020-12-31
,,,,,,,,,,2021-11-29,96.71038658974899,43.0,461,2020-12-31
,,,,,,,,,,2021-11-30,95.46997245046879,38.0,461,2020-12-31
,,,,,,,,,,2021-12-01,94.47259065052731,42.0,461,2020-12-31
,,,,,,,,,,2021-12-02,96.7409522330287,47.0,461,2020-12-31
,,,,,,,,,,2021-12-03,97.7839550170017,48.0,461,2020-12-31
,,,,,,,,,,2021-12-04,101.341079775357,49.0,461,2020-12-31
,,,,,,,,,,2021-12-05,104.897344964919,49.0,461,2020-12-31
,,,,,,,,,,2021-12-06,108.080753458118,52.0,461,2020-12-31
,,,,,,,,,,2021-12-07,112.100111636545,55.0,461,2020-12-31
,,,,,,,,,,2021-12-08,115.903623895343,53.0,461,2020-12-31
,,,,,,,,,,2021-12-09,121.361775608111,56.0,461,2020-12-31
,,,,,,,,,,2021-12-10,124.506288455642,55.0,461,2020-12-31
,,,,,,,,,,2021-12-11,128.992121270276,55.0,461,2020-12-31
,,,,,,,,,,2021-12-12,133.922580645228,54.0,461,2020-12-31
,,,,,,,,,,2021-12-13,137.378924738664,58.0,461,2020-12-31
,,,,,,,,,,2021-12-14,140.447773156341,54.0,461,2020-12-31
,,,,,,,,,,2021-12-15,141.499749770651,54.0,461,2020-12-31
,,,,,,,,,,2021-12-16,142.076704678793,56.0,461,2020-12-31
,,,,,,,,,,2021-12-17,143.55949235273198,57.0,461,2020-12-31
,,,,,,,,,,2021-12-18,143.320811508827,56.0,461,2020-12-31
,,,,,,,,,,2021-12-19,141.993806225609,56.0,461,2020-12-31
,,,,,,,,,,2021-12-20,136.593445542382,50.0,461,2020-12-31
,,,,,,,,,,2021-12-21,131.878409378367,51.0,461,2020-12-31
,,,,,,,,,,2021-12-22,127.46000590810499,49.0,461,2020-12-31
,,,,,,,,,,2021-12-23,121.58017236365801,49.0,461,2020-12-31
,,,,,,,,,,2021-12-24,114.35541753204599,48.0,461,2020-12-31
,,,,,,,,,,2021-12-25,106.93078240495701,47.0,461,2020-12-31
,,,,,,,,,,2021-12-26,100.981201270167,47.0,461,2020-12-31
,,,,,,,,,,2021-12-27,94.6813924053982,49.0,461,2020-12-31
,,,,,,,,,,2021-12-28,88.4863273744873,50.0,461,2020-12-31
,,,,,,,,,,2021-12-29,84.2743870464841,45.0,461,2020-12-31
,,,,,,,,,,2021-12-30,80.33829746302159,44.0,461,2020-12-31
,,,,,,,,,,2021-12-31,76.99179172552749,46.0,461,2020-12-31
,,,,,,,,,,2022-01-01,75.39079332982621,46.0,461,2020-12-31
,,,,,,,,,,2022-01-02,73.6433526368008,46.0,461,2020-12-31
,,,,,,,,,,2022-01-03,71.28893486351609,37.0,461,2020-12-31
,,,,,,,,,,2022-01-04,69.8469561919644,41.0,461,2020-12-31
,,,,,,,,,,2022-01-05,69.9948837627782,39.0,461,2020-12-31
,,,,,,,,,,2022-01-06,68.2375900670856,48.0,461,2020-12-31
,,,,,,,,,,2022-01-07,67.9563953418631,51.0,461,2020-12-31
,,,,,,,,,,2022-01-08,66.6130139663851,51.0,461,2020-12-31
,,,,,,,,,,2022-01-09,65.3971634960139,51.0,461,2020-12-31
,,,,,,,,,,2022-01-10,63.6248303105713,59.0,461,2020-12-31
,,,,,,,,,,2022-01-11,61.622771725803204,57.0,461,2020-12-31
,,,,,,,,,,2022-01-12,59.4458653907235,59.0,461,2020-12-31
,,,,,,,,,,2022-01-13,57.1949168403779,67.0,461,2020-12-31
,,,,,,,,,,2022-01-14,54.843495168740205,82.0,461,2020-12-31
,,,,,,,,,,2022-01-15,52.65034421248429,81.0,461,2020-12-31
,,,,,,,,,,2022-01-16,53.3977064061775,81.0,461,2020-12-31
,,,,,,,,,,2022-01-17,54.1027272431456,87.0,461,2020-12-31
,,,,,,,,,,2022-01-18,54.9910767055455,97.0,461,2020-12-31
,,,,,,,,,,2022-01-19,56.4566412722728,113.0,461,2020-12-31
,,,,,,,,,,2022-01-20,57.661158032618,124.0,461,2020-12-31
,,,,,,,,,,2022-01-21,56.549186823738296,144.0,461,2020-12-31
,,,,,,,,,,2022-01-22,55.0103491255394,146.0,461,2020-12-31
,,,,,,,,,,2022-01-23,55.290669072541704,150.0,461,2020-12-31
,,,,,,,,,,2022-01-24,53.9139654109657,150.0,461,2020-12-31
,,,,,,,,,,2022-01-25,52.8202039702247,155.0,461,2020-12-31
,,,,,,,,,,2022-01-26,52.1719674932774,168.0,461,2020-12-31
,,,,,,,,,,2022-01-27,51.333480480791906,176.0,461,2020-12-31
,,,,,,,,,,2022-01-28,49.117282894358304,179.0,461,2020-12-31
,,,,,,,,,,2022-01-29,47.8100580929153,178.0,461,2020-12-31
,,,,,,,,,,2022-01-30,45.4857643783477,178.0,461,2020-12-31
,,,,,,,,,,2022-01-31,42.4448118422767,187.0,461,2020-12-31
,,,,,,,,,,2022-02-01,39.7409301840617,204.0,461,2020-12-31
,,,,,,,,,,2022-02-02,37.258848691189,210.0,461,2020-12-31
,,,,,,,,,,2022-02-03,34.5878875093722,207.0,461,2020-12-31
,,,,,,,,,,2022-02-04,32.2870704885702,210.0,461,2020-12-31
,,,,,,,,,,2022-02-05,30.014222304134396,210.0,461,2020-12-31
,,,,,,,,,,2022-02-06,27.8099134077175,216.0,461,2020-12-31
,,,,,,,,,,2022-02-07,25.7804351842251,189.0,461,2020-12-31
,,,,,,,,,,2022-02-08,23.8147506009263,185.0,461,2020-12-31
,,,,,,,,,,2022-02-09,21.939347292217,193.0,461,2020-12-31
,,,,,,,,,,2022-02-10,20.2120192037885,190.0,461,2020-12-31
,,,,,,,,,,2022-02-11,18.635688847962196,194.0,461,2020-12-31
,,,,,,,,,,2022-02-12,17.1483992208498,195.0,461,2020-12-31
,,,,,,,,,,2022-02-13,15.7994268752142,194.0,461,2020-12-31
,,,,,,,,,,2022-02-14,14.916505270112697,191.0,461,2020-12-31
,,,,,,,,,,2022-02-15,16.1963189603156,187.0,461,2020-12-31
,,,,,,,,,,2022-02-16,17.961358326655102,181.0,461,2020-12-31
,,,,,,,,,,2022-02-17,20.237734898229498,165.0,461,2020-12-31
,,,,,,,,,,2022-02-18,21.572284304325198,159.0,461,2020-12-31
,,,,,,,,,,2022-02-19,23.6855234034266,162.0,461,2020-12-31
,,,,,,,,,,2022-02-20,25.8966819423946,165.0,461,2020-12-31
,,,,,,,,,,2022-02-21,27.9145316248618,156.0,461,2020-12-31
,,,,,,,,,,2022-02-22,29.9413100659897,158.0,461,2020-12-31
,,,,,,,,,,2022-02-23,30.415685618382696,155.0,461,2020-12-31
,,,,,,,,,,2022-02-24,31.2774176441287,144.0,461,2020-12-31
,,,,,,,,,,2022-02-25,32.8367829723407,149.0,461,2020-12-31
,,,,,,,,,,2022-02-26,32.6591560762847,148.0,461,2020-12-31
,,,,,,,,,,2022-02-27,32.1831016746083,151.0,461,2020-12-31
,,,,,,,,,,2022-02-28,31.6338529472165,144.0,461,2020-12-31
,,,,,,,,,,2022-03-01,31.0639277754221,128.0,461,2020-12-31
,,,,,,,,,,2022-03-02,29.524654732442396,132.0,461,2020-12-31
,,,,,,,,,,2022-03-03,27.824645498266896,130.0,461,2020-12-31
,,,,,,,,,,2022-03-04,26.324771463712697,130.0,461,2020-12-31
,,,,,,,,,,2022-03-05,24.396332407624502,132.0,461,2020-12-31
,,,,,,,,,,2022-03-06,23.2008119532574,131.0,461,2020-12-31
,,,,,,,,,,2022-03-07,21.4165803139365,121.0,461,2020-12-31
,,,,,,,,,,2022-03-08,19.9794401369011,119.0,461,2020-12-31
,,,,,,,,,,2022-03-09,18.4950241889049,106.0,461,2020-12-31
,,,,,,,,,,2022-03-10,17.1344845629323,100.0,461,2020-12-31
,,,,,,,,,,2022-03-11,15.9481175564747,86.0,461,2020-12-31
,,,,,,,,,,2022-03-12,14.729790304330098,85.0,461,2020-12-31
,,,,,,,,,,2022-03-13,13.6760419963905,85.0,461,2020-12-31
,,,,,,,,,,2022-03-14,12.6421962475703,80.0,461,2020-12-31
,,,,,,,,,,2022-03-15,11.747243474646599,77.0,461,2020-12-31
,,,,,,,,,,2022-03-16,10.958327378564901,75.0,461,2020-12-31
,,,,,,,,,,2022-03-17,10.9065407201141,68.0,461,2020-12-31
,,,,,,,,,,2022-03-18,11.99120022507,57.0,461,2020-12-31
,,,,,,,,,,2022-03-19,14.3268980417009,57.0,461,2020-12-31
,,,,,,,,,,2022-03-20,16.6304996466902,57.0,461,2020-12-31
,,,,,,,,,,2022-03-21,18.9589091289137,50.0,461,2020-12-31
,,,,,,,,,,2022-03-22,21.008404588188,49.0,461,2020-12-31
,,,,,,,,,,2022-03-23,22.894243829058,48.0,461,2020-12-31
,,,,,,,,,,2022-03-24,25.472175201760802,45.0,461,2020-12-31
,,,,,,,,,,2022-03-25,28.8146220816478,40.0,461,2020-12-31
,,,,,,,,,,2022-03-26,32.2344535145523,38.0,461,2020-12-31
,,,,,,,,,,2022-03-27,34.3471011230546,37.0,461,2020-12-31
,,,,,,,,,,2022-03-28,34.4246176931812,33.0,461,2020-12-31
,,,,,,,,,,2022-03-29,35.0374320009458,32.0,461,2020-12-31
,,,,,,,,,,2022-03-30,36.6979626342981,30.0,461,2020-12-31
,,,,,,,,,,2022-03-31,36.4090196968194,30.0,461,2020-12-31
,,,,,,,,,,2022-04-01,34.1705022499161,27.0,461,2020-12-31
,,,,,,,,,,2022-04-02,32.1124045485059,27.0,461,2020-12-31
,,,,,,,,,,2022-04-03,30.601743950972,25.0,461,2020-12-31
,,,,,,,,,,2022-04-04,29.4429314367006,22.0,461,2020-12-31
,,,,,,,,,,2022-04-05,29.185264635552397,23.0,461,2020-12-31
,,,,,,,,,,2022-04-06,30.4390810810901,16.0,461,2020-12-31
,,,,,,,,,,2022-04-07,35.117723805134396,15.0,461,2020-12-31
,,,,,,,,,,2022-04-08,37.5576850130309,16.0,461,2020-12-31
,,,,,,,,,,2022-04-09,41.5239714795,17.0,461,2020-12-31
,,,,,,,,,,2022-04-10,44.7381245345994,16.0,461,2020-12-31
,,,,,,,,,,2022-04-11,47.3978898844341,14.0,461,2020-12-31
,,,,,,,,,,2022-04-12,49.31694594262321,13.0,461,2020-12-31
,,,,,,,,,,2022-04-13,50.3387020505128,13.0,461,2020-12-31
,,,,,,,,,,2022-04-14,51.841979225138296,13.0,461,2020-12-31
,,,,,,,,,,2022-04-15,53.237830240247,13.0,461,2020-12-31
,,,,,,,,,,2022-04-16,54.463280210675,12.0,461,2020-12-31
,,,,,,,,,,2022-04-17,55.2562082903453,13.0,461,2020-12-31
,,,,,,,,,,2022-04-18,56.911448060961,12.0,461,2020-12-31
,,,,,,,,,,2022-04-19,58.821851905948805,13.0,461,2020-12-31
,,,,,,,,,,2022-04-20,58.8601136744918,8.0,461,2020-12-31
,,,,,,,,,,2022-04-21,60.3307129259272,8.0,461,2020-12-31
,,,,,,,,,,2022-04-22,58.7371505881011,7.0,461,2020-12-31
,,,,,,,,,,2022-04-23,59.89789809369859,8.0,461,2020-12-31
,,,,,,,,,,2022-04-24,58.88209189000939,6.0,461,2020-12-31
,,,,,,,,,,2022-04-25,57.3379492236489,5.0,461,2020-12-31
,,,,,,,,,,2022-04-26,56.49887836578779,5.0,461,2020-12-31
,,,,,,,,,,2022-04-27,54.216685093432204,4.0,461,2020-12-31
,,,,,,,,,,2022-04-28,53.8926125660588,4.0,461,2020-12-31
,,,,,,,,,,2022-04-29,51.8559808920576,4.0,461,2020-12-31
,,,,,,,,,,2022-04-30,51.1853131895467,4.0,461,2020-12-31
,,,,,,,,,,2022-05-01,50.105724637421595,4.0,461,2020-12-31
,,,,,,,,,,2022-05-02,48.91600764737329,4.0,461,2020-12-31
,,,,,,,,,,2022-05-03,49.333546714071105,5.0,461,2020-12-31
,,,,,,,,,,2022-05-04,49.7013460523157,7.0,461,2020-12-31
,,,,,,,,,,2022-05-05,51.268077436324795,8.0,461,2020-12-31
,,,,,,,,,,2022-05-06,53.019731441382504,8.0,461,2020-12-31
,,,,,,,,,,2022-05-07,55.350588928353794,8.0,461,2020-12-31
,,,,,,,,,,2022-05-08,57.7827634403621,9.0,461,2020-12-31
,,,,,,,,,,2022-05-09,61.060516661495,9.0,461,2020-12-31
,,,,,,,,,,2022-05-10,64.05001666225999,11.0,461,2020-12-31
,,,,,,,,,,2022-05-11,67.0410477203603,9.0,461,2020-12-31
,,,,,,,,,,2022-05-12,69.87329788197479,8.0,461,2020-12-31
,,,,,,,,,,2022-05-13,72.1369660494718,8.0,461,2020-12-31
,,,,,,,,,,2022-05-14,73.93296476165101,8.0,461,2020-12-31
,,,,,,,,,,2022-05-15,75.71191959191421,7.0,461,2020-12-31
,,,,,,,,,,2022-05-16,76.81506333357079,4.0,461,2020-12-31
,,,,,,,,,,2022-05-17,77.5261100227118,4.0,461,2020-12-31
,,,,,,,,,,2022-05-18,79.56336319495941,4.0,461,2020-12-31
,,,,,,,,,,2022-05-19,82.0600233077922,3.0,461,2020-12-31
,,,,,,,,,,2022-05-20,83.4073668811974,3.0,461,2020-12-31
,,,,,,,,,,2022-05-21,84.205610360856,3.0,461,2020-12-31
,,,,,,,,,,2022-05-22,84.09012158556929,3.0,461,2020-12-31
,,,,,,,,,,2022-05-23,83.94341875395459,4.0,461,2020-12-31
,,,,,,,,,,2022-05-24,82.731670582193,3.0,461,2020-12-31
,,,,,,,,,,2022-05-25,79.8660080831566,4.0,461,2020-12-31
,,,,,,,,,,2022-05-26,76.8271107703613,4.0,461,2020-12-31
,,,,,,,,,,2022-05-27,73.457001125007,6.0,461,2020-12-31
,,,,,,,,,,2022-05-28,71.00361569580409,6.0,461,2020-12-31
,,,,,,,,,,2022-05-29,66.9836559905933,6.0,461,2020-12-31
,,,,,,,,,,2022-05-30,63.7466045677766,5.0,461,2020-12-31
,,,,,,,,,,2022-05-31,61.5107739602291,5.0,461,2020-12-31
,,,,,,,,,,2022-06-01,58.9431227859049,5.0,461,2020-12-31
,,,,,,,,,,2022-06-02,57.6671553646986,4.0,461,2020-12-31
,,,,,,,,,,2022-06-03,55.8308208466504,3.0,461,2020-12-31
,,,,,,,,,,2022-06-04,54.738303578544794,3.0,461,2020-12-31
,,,,,,,,,,2022-06-05,54.0274855215135,3.0,461,2020-12-31
,,,,,,,,,,2022-06-06,53.2344472377619,5.0,461,2020-12-31
,,,,,,,,,,2022-06-07,52.2859858784654,6.0,461,2020-12-31
,,,,,,,,,,2022-06-08,51.338301555104195,8.0,461,2020-12-31
,,,,,,,,,,2022-06-09,50.744189560906705,9.0,461,2020-12-31
,,,,,,,,,,2022-06-10,50.4207573715045,7.0,461,2020-12-31
,,,,,,,,,,2022-06-11,49.5828146656024,8.0,461,2020-12-31
,,,,,,,,,,2022-06-12,48.4525369896442,8.0,461,2020-12-31
,,,,,,,,,,2022-06-13,47.1222786430201,6.0,461,2020-12-31
,,,,,,,,,,2022-06-14,45.4323884154894,8.0,461,2020-12-31
,,,,,,,,,,2022-06-15,43.76501316427421,5.0,461,2020-12-31
,,,,,,,,,,2022-06-16,41.8908958685931,5.0,461,2020-12-31
,,,,,,,,,,2022-06-17,40.535380980335106,10.0,461,2020-12-31
,,,,,,,,,,2022-06-18,40.4727594524015,11.0,461,2020-12-31
,,,,,,,,,,2022-06-19,41.4201544644836,81.0,461,2020-12-31
,,,,,,,,,,2022-06-20,42.6926106221917,93.0,461,2020-12-31
,,,,,,,,,,2022-06-21,43.2770251850634,114.0,461,2020-12-31
,,,,,,,,,,2022-06-22,43.0965053605206,144.0,461,2020-12-31
,,,,,,,,,,2022-06-23,42.9629246017939,175.0,461,2020-12-31
,,,,,,,,,,2022-06-24,43.671636722028296,209.0,461,2020-12-31
,,,,,,,,,,2022-06-25,43.520427464540504,214.0,461,2020-12-31
,,,,,,,,,,2022-06-26,44.192485831642294,25.0,461,2020-12-31
,,,,,,,,,,2022-06-27,44.4671723492727,31.0,461,2020-12-31
,,,,,,,,,,2022-06-28,43.7398514583359,32.0,461,2020-12-31
,,,,,,,,,,2022-06-29,44.144991867735,34.0,461,2020-12-31
,,,,,,,,,,2022-06-30,43.686141571236,33.0,461,2020-12-31
,,,,,,,,,,2022-07-01,42.0230214372899,37.0,461,2020-12-31
,,,,,,,,,,2022-07-02,39.706182462255,37.0,461,2020-12-31
,,,,,,,,,,2022-07-03,37.1740730456429,36.0,461,2020-12-31
,,,,,,,,,,2022-07-04,34.6247786407612,37.0,461,2020-12-31
,,,,,,,,,,2022-07-05,32.64719807132,41.0,461,2020-12-31
,,,,,,,,,,2022-07-06,30.3201312748346,44.0,461,2020-12-31
,,,,,,,,,,2022-07-07,28.1079059433958,49.0,461,2020-12-31
,,,,,,,,,,2022-07-08,26.30254884341,50.0,461,2020-12-31
,,,,,,,,,,2022-07-09,24.403358052796303,49.0,461,2020-12-31
,,,,,,,,,,2022-07-10,22.585786138339895,49.0,461,2020-12-31
,,,,,,,,,,2022-07-11,20.9567256036949,53.0,461,2020-12-31
,,,,,,,,,,2022-07-12,19.309909901915397,60.0,461,2020-12-31
,,,,,,,,,,2022-07-13,17.810173680818103,59.0,461,2020-12-31
,,,,,,,,,,2022-07-14,16.4408191162703,63.0,461,2020-12-31
,,,,,,,,,,2022-07-15,15.112848306517902,69.0,461,2020-12-31
,,,,,,,,,,2022-07-16,13.938733820076301,72.0,461,2020-12-31
,,,,,,,,,,2022-07-17,14.104283975727698,73.0,461,2020-12-31
,,,,,,,,,,2022-07-18,14.866938518484002,87.0,461,2020-12-31
,,,,,,,,,,2022-07-19,16.2745246401199,89.0,461,2020-12-31
,,,,,,,,,,2022-07-20,17.747281787934,97.0,461,2020-12-31
,,,,,,,,,,2022-07-21,20.2025274884863,93.0,461,2020-12-31
,,,,,,,,,,2022-07-22,21.202975389782104,96.0,461,2020-12-31
,,,,,,,,,,2022-07-23,23.4522257881703,94.0,461,2020-12-31
,,,,,,,,,,2022-07-24,26.0589568868651,94.0,461,2020-12-31
,,,,,,,,,,2022-07-25,27.6862772939257,88.0,461,2020-12-31
,,,,,,,,,,2022-07-26,28.1526338842334,85.0,461,2020-12-31
,,,,,,,,,,2022-07-27,28.8305279661544,82.0,461,2020-12-31
,,,,,,,,,,2022-07-28,28.5043225241452,84.0,461,2020-12-31
,,,,,,,,,,2022-07-29,29.7428987015453,77.0,461,2020-12-31
,,,,,,,,,,2022-07-30,30.7583937269201,78.0,461,2020-12-31
,,,,,,,,,,2022-07-31,30.0072635286889,77.0,461,2020-12-31
,,,,,,,,,,2022-08-01,28.6617595064376,83.0,461,2020-12-31
,,,,,,,,,,2022-08-02,26.813521385749898,86.0,461,2020-12-31
,,,,,,,,,,2022-08-03,25.2727216280106,81.0,461,2020-12-31
,,,,,,,,,,2022-08-04,23.710808099159898,82.0,461,2020-12-31
,,,,,,,,,,2022-08-05,22.2444885047431,76.0,461,2020-12-31
,,,,,,,,,,2022-08-06,20.821234702952896,76.0,461,2020-12-31
,,,,,,,,,,2022-08-07,19.33734187375,76.0,461,2020-12-31
,,,,,,,,,,2022-08-08,18.1838295280512,70.0,461,2020-12-31
,,,,,,,,,,2022-08-09,16.930962978724,64.0,461,2020-12-31
,,,,,,,,,,2022-08-10,15.668634788750902,64.0,461,2020-12-31
,,,,,,,,,,2022-08-11,14.6026881976132,58.0,461,2020-12-31
,,,,,,,,,,2022-08-12,13.5724470457982,56.0,461,2020-12-31
,,,,,,,,,,2022-08-13,12.525390218241197,56.0,461,2020-12-31
,,,,,,,,,,2022-08-14,11.5785273790679,56.0,461,2020-12-31
,,,,,,,,,,2022-08-15,10.7432366423987,59.0,461,2020-12-31
,,,,,,,,,,2022-08-16,9.941067145345881,49.0,461,2020-12-31
,,,,,,,,,,2022-08-17,10.5604298466007,53.0,461,2020-12-31
,,,,,,,,,,2022-08-18,12.2753076395637,51.0,461,2020-12-31
,,,,,,,,,,2022-08-19,13.7671814659109,46.0,461,2020-12-31
,,,,,,,,,,2022-08-20,15.3926112814537,45.0,461,2020-12-31
,,,,,,,,,,2022-08-21,17.5637682495779,43.0,461,2020-12-31
,,,,,,,,,,2022-08-22,18.4911655108798,38.0,461,2020-12-31
,,,,,,,,,,2022-08-23,20.3306052631212,33.0,461,2020-12-31
,,,,,,,,,,2022-08-24,21.606728438941698,32.0,461,2020-12-31
,,,,,,,,,,2022-08-25,23.469786321397,26.0,461,2020-12-31
,,,,,,,,,,2022-08-26,24.3989845557488,28.0,461,2020-12-31
,,,,,,,,,,2022-08-27,25.041010143351397,28.0,461,2020-12-31
,,,,,,,,,,2022-08-28,26.3899693265103,28.0,461,2020-12-31
,,,,,,,,,,2022-08-29,26.0627727761334,20.0,461,2020-12-31
,,,,,,,,,,2022-08-30,25.6182576162548,20.0,461,2020-12-31
,,,,,,,,,,2022-08-31,24.9751551906916,18.0,461,2020-12-31
,,,,,,,,,,2022-09-01,24.455308970492002,20.0,461,2020-12-31
,,,,,,,,,,2022-09-02,23.160870876343303,17.0,461,2020-12-31
,,,,,,,,,,2022-09-03,22.026803916976398,17.0,461,2020-12-31
,,,,,,,,,,2022-09-04,21.1988406479721,17.0,461,2020-12-31
,,,,,,,,,,2022-09-05,19.747380884549,15.0,461,2020-12-31
,,,,,,,,,,2022-09-06,18.7628654059196,14.0,461,2020-12-31
,,,,,,,,,,2022-09-07,17.391337457763697,14.0,461,2020-12-31
,,,,,,,,,,2022-09-08,16.1147470900911,11.0,461,2020-12-31
,,,,,,,,,,2022-09-09,15.0496143223627,10.0,461,2020-12-31
,,,,,,,,,,2022-09-10,14.012543560162802,10.0,461,2020-12-31
,,,,,,,,,,2022-09-11,13.0123517691381,10.0,461,2020-12-31
,,,,,,,,,,2022-09-12,12.0762336810024,10.0,461,2020-12-31
,,,,,,,,,,2022-09-13,11.2372877682526,11.0,461,2020-12-31
,,,,,,,,,,2022-09-14,10.4601282315921,12.0,461,2020-12-31
,,,,,,,,,,2022-09-15,9.75535222437194,11.0,461,2020-12-31
,,,,,,,,,,2022-09-16,9.92224800253784,11.0,461,2020-12-31
,,,,,,,,,,2022-09-17,11.066553183264501,11.0,461,2020-12-31
,,,,,,,,,,2022-09-18,12.941615947371199,10.0,461,2020-12-31
,,,,,,,,,,2022-09-19,15.5748260964944,9.0,461,2020-12-31
,,,,,,,,,,2022-09-20,18.0289576018248,10.0,461,2020-12-31
,,,,,,,,,,2022-09-21,20.4723559645846,9.0,461,2020-12-31
,,,,,,,,,,2022-09-22,22.5609546727041,8.0,461,2020-12-31
,,,,,,,,,,2022-09-23,24.848100548965803,7.0,461,2020-12-31
,,,,,,,,,,2022-09-24,26.3459729000966,6.0,461,2020-12-31
,,,,,,,,,,2022-09-25,28.3704263297894,6.0,461,2020-12-31
,,,,,,,,,,2022-09-26,28.723947711925202,4.0,461,2020-12-31
,,,,,,,,,,2022-09-27,29.1705177740302,3.0,461,2020-12-31
,,,,,,,,,,2022-09-28,30.099220732266,2.0,461,2020-12-31
,,,,,,,,,,2022-09-29,29.9541595206953,3.0,461,2020-12-31
,,,,,,,,,,2022-09-30,30.043913507411105,4.0,461,2020-12-31
,,,,,,,,,,2022-10-01,29.0130705050457,4.0,461,2020-12-31
,,,,,,,,,,2022-10-02,27.6012160590775,4.0,461,2020-12-31
,,,,,,,,,,2022-10-03,26.6207156841994,5.0,461,2020-12-31
,,,,,,,,,,2022-10-04,25.4968990992596,4.0,461,2020-12-31
,,,,,,,,,,2022-10-05,24.192783267756,4.0,461,2020-12-31
,,,,,,,,,,2022-10-06,23.0908704504052,3.0,461,2020-12-31
,,,,,,,,,,2022-10-07,22.1603290254598,3.0,461,2020-12-31
,,,,,,,,,,2022-10-08,21.2574674604378,3.0,461,2020-12-31
,,,,,,,,,,2022-10-09,20.626307567618802,4.0,461,2020-12-31
,,,,,,,,,,2022-10-10,20.3744829045269,3.0,461,2020-12-31
,,,,,,,,,,2022-10-11,20.212641324581302,3.0,461,2020-12-31
,,,,,,,,,,2022-10-12,20.2032588993662,3.0,461,2020-12-31
,,,,,,,,,,2022-10-13,20.445890984530198,2.0,461,2020-12-31
,,,,,,,,,,2022-10-14,20.842001335413002,3.0,461,2020-12-31
,,,,,,,,,,2022-10-15,21.4451066661845,3.0,461,2020-12-31
,,,,,,,,,,2022-11-01,,4.0,461,2020-12-31
,,,,,,,,,,2022-12-01,,11.0,461,2020-12-31
,,,,,,,,,,2022-11-02,,2.0,461,2020-12-31
,,,,,,,,,,2022-12-02,,11.0,461,2020-12-31
,,,,,,,,,,2022-11-03,,1.0,461,2020-12-31
,,,,,,,,,,2022-12-03,,11.0,461,2020-12-31
,,,,,,,,,,2022-11-04,,2.0,461,2020-12-31
,,,,,,,,,,2022-12-04,,10.0,461,2020-12-31
,,,,,,,,,,2022-11-05,,2.0,461,2020-12-31
,,,,,,,,,,2022-12-05,,11.0,461,2020-12-31
,,,,,,,,,,2022-11-06,,2.0,461,2020-12-31
,,,,,,,,,,2022-12-06,,13.0,461,2020-12-31
,,,,,,,,,,2022-11-07,,0.0,461,2020-12-31
,,,,,,,,,,2022-12-07,,15.0,461,2020-12-31
,,,,,,,,,,2022-11-08,,0.0,461,2020-12-31
,,,,,,,,,,2022-12-08,,15.0,461,2020-12-31
,,,,,,,,,,2022-11-09,,0.0,461,2020-12-31
,,,,,,,,,,2022-12-09,,15.0,461,2020-12-31
,,,,,,,,,,2022-11-10,,1.0,461,2020-12-31
,,,,,,,,,,2022-12-10,,15.0,461,2020-12-31
,,,,,,,,,,2022-10-16,,3.0,461,2020-12-31
,,,,,,,,,,2022-10-17,,5.0,461,2020-12-31
,,,,,,,,,,2022-10-18,,5.0,461,2020-12-31
,,,,,,,,,,2022-10-19,,4.0,461,2020-12-31
,,,,,,,,,,2022-10-20,,4.0,461,2020-12-31
,,,,,,,,,,2022-10-21,,4.0,461,2020-12-31
,,,,,,,,,,2022-10-22,,4.0,461,2020-12-31
,,,,,,,,,,2022-10-23,,4.0,461,2020-12-31
,,,,,,,,,,2022-10-24,,3.0,461,2020-12-31
,,,,,,,,,,2022-10-25,,4.0,461,2020-12-31
,,,,,,,,,,2022-10-26,,4.0,461,2020-12-31
,,,,,,,,,,2022-10-27,,4.0,461,2020-12-31
,,,,,,,,,,2022-10-28,,4.0,461,2020-12-31
,,,,,,,,,,2022-10-29,,4.0,461,2020-12-31
,,,,,,,,,,2022-10-30,,4.0,461,2020-12-31
,,,,,,,,,,2022-10-31,,5.0,461,2020-12-31
,,,,,,,,,,2022-11-11,,2.0,461,2020-12-31
,,,,,,,,,,2022-12-11,,15.0,461,2020-12-31
,,,,,,,,,,2022-11-13,,2.0,461,2020-12-31
,,,,,,,,,,2022-11-14,,2.0,461,2020-12-31
,,,,,,,,,,2022-11-15,,2.0,461,2020-12-31
,,,,,,,,,,2022-11-16,,2.0,461,2020-12-31
,,,,,,,,,,2022-11-17,,3.0,461,2020-12-31
,,,,,,,,,,2022-11-18,,4.0,461,2020-12-31
,,,,,,,,,,2022-11-19,,4.0,461,2020-12-31
,,,,,,,,,,2022-11-20,,4.0,461,2020-12-31
,,,,,,,,,,2022-11-21,,3.0,461,2020-12-31
,,,,,,,,,,2022-11-22,,4.0,461,2020-12-31
,,,,,,,,,,2022-11-23,,4.0,461,2020-12-31
,,,,,,,,,,2022-11-24,,4.0,461,2020-12-31
,,,,,,,,,,2022-11-25,,4.0,461,2020-12-31
,,,,,,,,,,2022-11-26,,4.0,461,2020-12-31
,,,,,,,,,,2022-11-27,,4.0,461,2020-12-31
,,,,,,,,,,2022-11-28,,6.0,461,2020-12-31
,,,,,,,,,,2022-11-29,,9.0,461,2020-12-31
,,,,,,,,,,2022-11-30,,10.0,461,2020-12-31
,,,,,,,,,,2022-11-12,,2.0,461,2020-12-31
,,,,,,,,,,2022-12-12,,18.0,461,2020-12-31
,,,,,,,,,,2022-12-13,,20.0,461,2020-12-31
,,,,,,,,,,2022-12-14,,17.0,461,2020-12-31
,,,,,,,,,,2022-12-15,,17.0,461,2020-12-31
,,,,,,,,,,2022-12-16,,14.0,461,2020-12-31
,,,,,,,,,,2022-12-17,,14.0,461,2020-12-31
,,,,,,,,,,2022-12-18,,13.0,461,2020-12-31
,,,,,,,,,,2022-12-19,,20.0,461,2020-12-31
,,,,,,,,,,2022-12-20,,22.0,461,2020-12-31
,,,,,,,,,,2022-12-21,,21.0,461,2020-12-31
,,,,,,,,,,2022-12-22,,24.0,461,2020-12-31
,,,,,,,,,,2022-12-23,,25.0,461,2020-12-31
,,,,,,,,,,2022-12-24,,25.0,461,2020-12-31
,,,,,,,,,,2022-12-25,,25.0,461,2020-12-31
,,,,,,,,,,2022-12-26,,30.0,461,2020-12-31
,,,,,,,,,,2022-12-27,,36.0,461,2020-12-31
,,,,,,,,,,2022-12-28,,42.0,461,2020-12-31
,,,,,,,,,,2022-12-29,,45.0,461,2020-12-31
,,,,,,,,,,2022-12-30,,45.0,461,2020-12-31
,,,,,,,,,,2022-12-31,,45.0,461,2020-12-31
