fecha,peor,mejor,proy,eq,X2w,X4w,q25,q75,X10p,X20p,H,Hospitalizados,CapacidadMax,FechaCapacidadMax
2022-12-24,76.2346142396735,76.2346142396735,76.2346142396735,76.2346142396735,76.2346142396735,76.2346142396735,76.2346142396735,76.2346142396735,76.2346142396735,76.2346142396735,76.2346142396735,225.0,1319,2020-12-31
2022-12-25,87.9261993773863,87.74820882477329,87.83916908540002,87.83916906940159,87.8391691287413,87.83916911002599,87.8391690596634,87.83916966526958,87.8391697107778,87.83916911016821,,224.0,1319,2020-12-31
2022-12-26,100.724862340327,99.44026268044772,100.094094857388,100.09409470345301,100.09409527442101,100.094095094338,100.09409460975401,100.094096911354,100.09409734924499,100.094095095704,,233.0,1319,2020-12-31
2022-12-27,114.588473057589,110.65242439716499,112.64282186993601,112.642821194373,112.64282369496,112.64282290979901,112.642820782982,112.64282767258001,112.642829582532,112.64282291579799,,219.0,1319,2020-12-31
2022-12-28,129.54913080414,121.026642681421,125.299070311473,125.29906815046101,125.29907616268,125.299073637899,125.299066834972,125.299085437857,125.299091577755,125.29907365708799,,227.0,1319,2020-12-31
2022-12-29,145.684037985185,130.39002064647698,137.976256704873,137.976250609651,137.97627321575501,137.976266087181,137.976246899515,137.97629512712402,137.976312460389,137.97626614130502,,246.0,1319,2020-12-31
2022-12-30,163.099467208135,138.681735149086,150.645030181387,150.645014172379,150.64507359616002,150.645054842486,150.645004433287,150.645125529928,150.645171137553,150.645054984807,,241.0,1319,2020-12-31
2022-12-31,181.92186606092,145.907409238932,163.308565857672,163.308525074914,163.308676471564,163.308628683941,163.3085002632,163.308802026814,163.308917693736,163.308629046547,,238.0,1319,2020-12-31
2020-03-06,,,,,,,,,,,,11.0,1319,2020-12-31
2020-03-07,,,,,,,,,,,,28.0,1319,2020-12-31
2020-03-08,,,,,,,,,,,,54.0,1319,2020-12-31
2020-03-09,,,,,,,,,,,,337.0,1319,2020-12-31
2020-03-10,,,,,,,,,,,,550.0,1319,2020-12-31
2020-03-11,,,,,,,,,,,,460.0,1319,2020-12-31
2020-03-12,,,,,,,,,,,,631.0,1319,2020-12-31
2020-03-13,,,,,,,,,,,,0.0,1319,2020-12-31
2020-03-14,,,,,,,,,,,,0.0,1319,2020-12-31
2020-03-15,,,,,,,,,,,,0.0,1319,2020-12-31
2020-03-16,,,,,,,,,,,,0.0,1319,2020-12-31
2020-03-17,,,,,,,,,,,,0.0,1319,2020-12-31
2020-03-18,,,,,,,,,,,,0.0,1319,2020-12-31
2020-03-19,,,,,,,,,,,,0.0,1319,2020-12-31
2020-03-20,,,,,,,,,,,,0.0,1319,2020-12-31
2020-03-21,,,,,,,,,,,,0.0,1319,2020-12-31
2020-03-22,,,,,,,,,,,,0.0,1319,2020-12-31
2020-03-23,,,,,,,,,,,,0.0,1319,2020-12-31
2020-03-24,,,,,,,,,,,,2.0,1319,2020-12-31
2020-03-25,,,,,,,,,,,,4.0,1319,2020-12-31
2020-03-26,,,,,,,,,,,,4.0,1319,2020-12-31
2020-03-27,,,,,,,,,,,,4.0,1319,2020-12-31
2020-03-28,,,,,,,,,,,,4.0,1319,2020-12-31
2020-03-29,,,,,,,,,,,,4.0,1319,2020-12-31
2020-03-30,,,,,,,,,,,,4.0,1319,2020-12-31
2020-03-31,,,,,,,,,,,,4.0,1319,2020-12-31
2020-04-01,,,,,,,,,,,,,1319,2020-12-31
2020-04-02,,,,,,,,,,,,,1319,2020-12-31
2020-04-03,,,,,,,,,,,,,1319,2020-12-31
2020-04-04,,,,,,,,,,,,8.0,1319,2020-12-31
2020-04-05,,,,,,,,,,,,7.0,1319,2020-12-31
2020-04-06,,,,,,,,,,,,10.0,1319,2020-12-31
2020-04-07,,,,,,,,,,,,30.0,1319,2020-12-31
2020-04-08,,,,,,,,,,,,39.0,1319,2020-12-31
2020-04-09,,,,,,,,,,,,356.0,1319,2020-12-31
2020-04-10,,,,,,,,,,,,550.0,1319,2020-12-31
2020-04-11,,,,,,,,,,,,472.0,1319,2020-12-31
2020-04-12,,,,,,,,,,,,598.0,1319,2020-12-31
2020-04-13,,,,,,,,,,,,3.0,1319,2020-12-31
2020-04-14,,,,,,,,,,,,4.0,1319,2020-12-31
2020-04-15,,,,,,,,,,,,4.0,1319,2020-12-31
2020-04-16,,,,,,,,,,,,5.0,1319,2020-12-31
2020-04-17,,,,,,,,,,,,6.0,1319,2020-12-31
2020-04-18,,,,,,,,,,,,7.0,1319,2020-12-31
2020-04-19,,,,,,,,,,,,10.0,1319,2020-12-31
2020-04-20,,,,,,,,,,,,10.0,1319,2020-12-31
2020-04-21,,,,,,,,,,,,6.0,1319,2020-12-31
2020-04-22,,,,,,,,,,,,6.0,1319,2020-12-31
2020-04-23,,,,,,,,,,,,3.0,1319,2020-12-31
2020-04-24,,,,,,,,,,,,3.0,1319,2020-12-31
2020-04-25,,,,,,,,,,,,4.0,1319,2020-12-31
2020-04-26,,,,,,,,,,,,2.0,1319,2020-12-31
2020-04-27,,,,,,,,,,,,2.0,1319,2020-12-31
2020-04-28,,,,,,,,,,,,2.0,1319,2020-12-31
2020-04-29,,,,,,,,,,,,3.0,1319,2020-12-31
2020-04-30,,,,,,,,,,,,5.0,1319,2020-12-31
2020-05-01,,,,,,,,,,,,,1319,2020-12-31
2020-05-02,,,,,,,,,,,,,1319,2020-12-31
2020-05-03,,,,,,,,,,,,,1319,2020-12-31
2020-05-04,,,,,,,,,,,,8.0,1319,2020-12-31
2020-05-05,,,,,,,,,,,,7.0,1319,2020-12-31
2020-05-06,,,,,,,,,,,,8.0,1319,2020-12-31
2020-05-07,,,,,,,,,,,,29.0,1319,2020-12-31
2020-05-08,,,,,,,,,,,,39.0,1319,2020-12-31
2020-05-09,,,,,,,,,,,,356.0,1319,2020-12-31
2020-05-10,,,,,,,,,,,,548.0,1319,2020-12-31
2020-05-11,,,,,,,,,,,,475.0,1319,2020-12-31
2020-05-12,,,,,,,,,,,,588.0,1319,2020-12-31
2020-05-13,,,,,,,,,,,,9.0,1319,2020-12-31
2020-05-14,,,,,,,,,,,,8.0,1319,2020-12-31
2020-05-15,,,,,,,,,,,,7.0,1319,2020-12-31
2020-05-16,,,,,,,,,,,,7.0,1319,2020-12-31
2020-05-17,,,,,,,,,,,,7.0,1319,2020-12-31
2020-05-18,,,,,,,,,,,,7.0,1319,2020-12-31
2020-05-19,,,,,,,,,,,,5.0,1319,2020-12-31
2020-05-20,,,,,,,,,,,,7.0,1319,2020-12-31
2020-05-21,,,,,,,,,,,,8.0,1319,2020-12-31
2020-05-22,,,,,,,,,,,,7.0,1319,2020-12-31
2020-05-23,,,,,,,,,,,,7.0,1319,2020-12-31
2020-05-24,,,,,,,,,,,,7.0,1319,2020-12-31
2020-05-25,,,,,,,,,,,,7.0,1319,2020-12-31
2020-05-26,,,,,,,,,,,,8.0,1319,2020-12-31
2020-05-27,,,,,,,,,,,,8.0,1319,2020-12-31
2020-05-28,,,,,,,,,,,,7.0,1319,2020-12-31
2020-05-29,,,,,,,,,,,,8.0,1319,2020-12-31
2020-05-30,,,,,,,,,,,,7.0,1319,2020-12-31
2020-05-31,,,,,,,,,,,,7.0,1319,2020-12-31
2020-06-01,,,,,,,,,,,,,1319,2020-12-31
2020-06-02,,,,,,,,,,,,,1319,2020-12-31
2020-06-03,,,,,,,,,,,,,1319,2020-12-31
2020-06-04,,,,,,,,,,,,6.0,1319,2020-12-31
2020-06-05,,,,,,,,,,,,9.0,1319,2020-12-31
2020-06-06,,,,,,,,,,,,8.0,1319,2020-12-31
2020-06-07,,,,,,,,,,,,26.0,1319,2020-12-31
2020-06-08,,,,,,,,,,,,43.0,1319,2020-12-31
2020-06-09,,,,,,,,,,,,377.0,1319,2020-12-31
2020-06-10,,,,,,,,,,,,541.0,1319,2020-12-31
2020-06-11,,,,,,,,,,,,493.0,1319,2020-12-31
2020-06-12,,,,,,,,,,,,598.0,1319,2020-12-31
2020-06-13,,,,,,,,,,,,7.0,1319,2020-12-31
2020-06-14,,,,,,,,,,,,7.0,1319,2020-12-31
2020-06-15,,,,,,,,,,,,8.0,1319,2020-12-31
2020-06-16,,,,,,,,,,,,7.0,1319,2020-12-31
2020-06-17,,,,,,,,,,,,8.0,1319,2020-12-31
2020-06-18,,,,,,,,,,,,10.0,1319,2020-12-31
2020-06-19,,,,,,,,,,,,10.0,1319,2020-12-31
2020-06-20,,,,,,,,,,,,9.0,1319,2020-12-31
2020-06-21,,,,,,,,,,,,8.0,1319,2020-12-31
2020-06-22,,,,,,,,,,,,8.0,1319,2020-12-31
2020-06-23,,,,,,,,,,,,8.0,1319,2020-12-31
2020-06-24,,,,,,,,,,,,11.0,1319,2020-12-31
2020-06-25,,,,,,,,,,,,10.0,1319,2020-12-31
2020-06-26,,,,,,,,,,,,9.0,1319,2020-12-31
2020-06-27,,,,,,,,,,,,20.0,1319,2020-12-31
2020-06-28,,,,,,,,,,,,23.0,1319,2020-12-31
2020-06-29,,,,,,,,,,,,23.0,1319,2020-12-31
2020-06-30,,,,,,,,,,,,25.0,1319,2020-12-31
2020-07-01,,,,,,,,,,,,,1319,2020-12-31
2020-07-02,,,,,,,,,,,,,1319,2020-12-31
2020-07-03,,,,,,,,,,,,0.0,1319,2020-12-31
2020-07-04,,,,,,,,,,,,6.0,1319,2020-12-31
2020-07-05,,,,,,,,,,,,8.0,1319,2020-12-31
2020-07-06,,,,,,,,,,,,6.0,1319,2020-12-31
2020-07-07,,,,,,,,,,,,23.0,1319,2020-12-31
2020-07-08,,,,,,,,,,,,52.0,1319,2020-12-31
2020-07-09,,,,,,,,,,,,400.0,1319,2020-12-31
2020-07-10,,,,,,,,,,,,551.0,1319,2020-12-31
2020-07-11,,,,,,,,,,,,490.0,1319,2020-12-31
2020-07-12,,,,,,,,,,,,623.0,1319,2020-12-31
2020-07-13,,,,,,,,,,,,17.0,1319,2020-12-31
2020-07-14,,,,,,,,,,,,19.0,1319,2020-12-31
2020-07-15,,,,,,,,,,,,14.0,1319,2020-12-31
2020-07-16,,,,,,,,,,,,18.0,1319,2020-12-31
2020-07-17,,,,,,,,,,,,18.0,1319,2020-12-31
2020-07-18,,,,,,,,,,,,19.0,1319,2020-12-31
2020-07-19,,,,,,,,,,,,17.0,1319,2020-12-31
2020-07-20,,,,,,,,,,,,23.0,1319,2020-12-31
2020-07-21,,,,,,,,,,,,20.0,1319,2020-12-31
2020-07-22,,,,,,,,,,,,18.0,1319,2020-12-31
2020-07-23,,,,,,,,,,,,18.0,1319,2020-12-31
2020-07-24,,,,,,,,,,,,25.0,1319,2020-12-31
2020-07-25,,,,,,,,,,,,29.0,1319,2020-12-31
2020-07-26,,,,,,,,,,,,32.0,1319,2020-12-31
2020-07-27,,,,,,,,,,,,32.0,1319,2020-12-31
2020-07-28,,,,,,,,,,,,32.0,1319,2020-12-31
2020-07-29,,,,,,,,,,,,39.0,1319,2020-12-31
2020-07-30,,,,,,,,,,,,41.0,1319,2020-12-31
2020-07-31,,,,,,,,,,,,43.0,1319,2020-12-31
2020-08-01,,,,,,,,,,,,,1319,2020-12-31
2020-08-02,,,,,,,,,,,,,1319,2020-12-31
2020-08-03,,,,,,,,,,,,0.0,1319,2020-12-31
2020-08-04,,,,,,,,,,,,6.0,1319,2020-12-31
2020-08-05,,,,,,,,,,,,7.0,1319,2020-12-31
2020-08-06,,,,,,,,,,,,6.0,1319,2020-12-31
2020-08-07,,,,,,,,,,,,25.0,1319,2020-12-31
2020-08-08,,,,,,,,,,,,53.0,1319,2020-12-31
2020-08-09,,,,,,,,,,,,385.0,1319,2020-12-31
2020-08-10,,,,,,,,,,,,583.0,1319,2020-12-31
2020-08-11,,,,,,,,,,,,494.0,1319,2020-12-31
2020-08-12,,,,,,,,,,,,631.0,1319,2020-12-31
2020-08-13,,,,,,,,,,,,87.0,1319,2020-12-31
2020-08-14,,,,,,,,,,,,89.0,1319,2020-12-31
2020-08-15,,,,,,,,,,,,91.0,1319,2020-12-31
2020-08-16,,,,,,,,,,,,119.0,1319,2020-12-31
2020-08-17,,,,,,,,,,,,127.0,1319,2020-12-31
2020-08-18,,,,,,,,,,,,126.0,1319,2020-12-31
2020-08-19,,,,,,,,,,,,142.0,1319,2020-12-31
2020-08-20,,,,,,,,,,,,155.0,1319,2020-12-31
2020-08-21,,,,,,,,,,,,191.0,1319,2020-12-31
2020-08-22,,,,,,,,,,,,193.0,1319,2020-12-31
2020-08-23,,,,,,,,,,,,222.0,1319,2020-12-31
2020-08-24,,,,,,,,,,,,200.0,1319,2020-12-31
2020-08-25,,,,,,,,,,,,209.0,1319,2020-12-31
2020-08-26,,,,,,,,,,,,213.0,1319,2020-12-31
2020-08-27,,,,,,,,,,,,241.0,1319,2020-12-31
2020-08-28,,,,,,,,,,,,262.0,1319,2020-12-31
2020-08-29,,,,,,,,,,,,282.0,1319,2020-12-31
2020-08-30,,,,,,,,,,,,291.0,1319,2020-12-31
2020-08-31,,,,,,,,,,,,315.0,1319,2020-12-31
2020-09-01,,,,,,,,,,,,,1319,2020-12-31
2020-09-02,,,,,,,,,,,,,1319,2020-12-31
2020-09-03,,,,,,,,,,,,0.0,1319,2020-12-31
2020-09-04,,,,,,,,,,,,5.0,1319,2020-12-31
2020-09-05,,,,,,,,,,,,10.0,1319,2020-12-31
2020-09-06,,,,,,,,,,,,6.0,1319,2020-12-31
2020-09-07,,,,,,,,,,,,21.0,1319,2020-12-31
2020-09-08,,,,,,,,,,,,52.0,1319,2020-12-31
2020-09-09,,,,,,,,,,,,387.0,1319,2020-12-31
2020-09-10,,,,,,,,,,,,610.0,1319,2020-12-31
2020-09-11,,,,,,,,,,,,481.0,1319,2020-12-31
2020-09-12,,,,,,,,,,,,613.0,1319,2020-12-31
2020-09-13,,,,,,,,,,,,449.0,1319,2020-12-31
2020-09-14,,,,,,,,,,,,461.0,1319,2020-12-31
2020-09-15,,,,,,,,,,,,457.0,1319,2020-12-31
2020-09-16,,,,,,,,,,,,456.0,1319,2020-12-31
2020-09-17,,,,,,,,,,,,461.0,1319,2020-12-31
2020-09-18,,,,,,,,,,,,475.0,1319,2020-12-31
2020-09-19,,,,,,,,,,,,483.0,1319,2020-12-31
2020-09-20,,,,,,,,,,,,498.0,1319,2020-12-31
2020-09-21,,,,,,,,,,,,509.0,1319,2020-12-31
2020-09-22,,,,,,,,,,,,523.0,1319,2020-12-31
2020-09-23,,,,,,,,,,,,528.0,1319,2020-12-31
2020-09-24,,,,,,,,,,,,520.0,1319,2020-12-31
2020-09-25,,,,,,,,,,,,519.0,1319,2020-12-31
2020-09-26,,,,,,,,,,,,517.0,1319,2020-12-31
2020-09-27,,,,,,,,,,,,524.0,1319,2020-12-31
2020-09-28,,,,,,,,,,,,559.0,1319,2020-12-31
2020-09-29,,,,,,,,,,,,550.0,1319,2020-12-31
2020-09-30,,,,,,,,,,,,552.0,1319,2020-12-31
2020-10-01,,,,,,,,,,,,,1319,2020-12-31
2020-10-02,,,,,,,,,,,,,1319,2020-12-31
2020-10-03,,,,,,,,,,,,3.0,1319,2020-12-31
2020-10-04,,,,,,,,,,,,3.0,1319,2020-12-31
2020-10-05,,,,,,,,,,,554.857142857143,9.0,1319,2020-12-31
2020-10-06,,,,,,,,,,,565.806102285645,7.0,1319,2020-12-31
2020-10-07,,,,,,,,,,,576.646544698893,23.0,1319,2020-12-31
2020-10-08,,,,,,,,,,,584.610293969391,53.0,1319,2020-12-31
2020-10-09,,,,,,,,,,,591.216430413263,408.0,1319,2020-12-31
2020-10-10,,,,,,,,,,,594.368150826048,609.0,1319,2020-12-31
2020-10-11,,,,,,,,,,,594.579825524602,501.0,1319,2020-12-31
2020-10-12,,,,,,,,,,,592.79032574424,632.0,1319,2020-12-31
2020-10-13,,,,,,,,,,,591.464936708674,624.0,1319,2020-12-31
2020-10-14,,,,,,,,,,,589.2290661033641,605.0,1319,2020-12-31
2020-10-15,,,,,,,,,,,585.210004874396,572.0,1319,2020-12-31
2020-10-16,,,,,,,,,,,580.838282002961,591.0,1319,2020-12-31
2020-10-17,,,,,,,,,,,576.8277695243161,617.0,1319,2020-12-31
2020-10-18,,,,,,,,,,,571.521283217297,614.0,1319,2020-12-31
2020-10-19,,,,,,,,,,,565.459837109554,621.0,1319,2020-12-31
2020-10-20,,,,,,,,,,,558.673448954571,617.0,1319,2020-12-31
2020-10-21,,,,,,,,,,,552.751569433254,599.0,1319,2020-12-31
2020-10-22,,,,,,,,,,,545.654631096736,603.0,1319,2020-12-31
2020-10-23,,,,,,,,,,,539.310572129032,523.0,1319,2020-12-31
2020-10-24,,,,,,,,,,,533.033929172499,523.0,1319,2020-12-31
2020-10-25,,,,,,,,,,,527.311032180002,524.0,1319,2020-12-31
2020-10-26,,,,,,,,,,,521.516299829296,518.0,1319,2020-12-31
2020-10-27,,,,,,,,,,,517.2341913725099,531.0,1319,2020-12-31
2020-10-28,,,,,,,,,,,513.195810752322,498.0,1319,2020-12-31
2020-10-29,,,,,,,,,,,509.069223081763,510.0,1319,2020-12-31
2020-10-30,,,,,,,,,,,505.999250516185,506.0,1319,2020-12-31
2020-10-31,,,,,,,,,,,502.465420731433,487.0,1319,2020-12-31
2020-11-01,,,,,,,,,,,498.765475664142,,1319,2020-12-31
2020-11-02,,,,,,,,,,,494.799880001034,,1319,2020-12-31
2020-11-03,,,,,,,,,,,492.377962729291,0.0,1319,2020-12-31
2020-11-04,,,,,,,,,,,490.632225216814,3.0,1319,2020-12-31
2020-11-05,,,,,,,,,,,489.078165596326,10.0,1319,2020-12-31
2020-11-06,,,,,,,,,,,487.836989754142,9.0,1319,2020-12-31
2020-11-07,,,,,,,,,,,487.28713854973,18.0,1319,2020-12-31
2020-11-08,,,,,,,,,,,486.91884005030505,56.0,1319,2020-12-31
2020-11-09,,,,,,,,,,,487.669740676792,404.0,1319,2020-12-31
2020-11-10,,,,,,,,,,,490.554419674063,624.0,1319,2020-12-31
2020-11-11,,,,,,,,,,,494.090273033116,486.0,1319,2020-12-31
2020-11-12,,,,,,,,,,,497.427170265372,633.0,1319,2020-12-31
2020-11-13,,,,,,,,,,,502.558509387706,487.0,1319,2020-12-31
2020-11-14,,,,,,,,,,,509.62778887356797,489.0,1319,2020-12-31
2020-11-15,,,,,,,,,,,518.916629754317,489.0,1319,2020-12-31
2020-11-16,,,,,,,,,,,527.579167110056,491.0,1319,2020-12-31
2020-11-17,,,,,,,,,,,539.4987748977829,518.0,1319,2020-12-31
2020-11-18,,,,,,,,,,,551.283947087604,516.0,1319,2020-12-31
2020-11-19,,,,,,,,,,,563.995328502301,510.0,1319,2020-12-31
2020-11-20,,,,,,,,,,,574.3235510820749,528.0,1319,2020-12-31
2020-11-21,,,,,,,,,,,584.515396575517,530.0,1319,2020-12-31
2020-11-22,,,,,,,,,,,593.639076222821,546.0,1319,2020-12-31
2020-11-23,,,,,,,,,,,603.747467654135,557.0,1319,2020-12-31
2020-11-24,,,,,,,,,,,611.795950389078,574.0,1319,2020-12-31
2020-11-25,,,,,,,,,,,619.0280763230919,596.0,1319,2020-12-31
2020-11-26,,,,,,,,,,,625.803471290977,596.0,1319,2020-12-31
2020-11-27,,,,,,,,,,,631.913720907858,613.0,1319,2020-12-31
2020-11-28,,,,,,,,,,,634.3946913768721,610.0,1319,2020-12-31
2020-11-29,,,,,,,,,,,635.822660805467,623.0,1319,2020-12-31
2020-11-30,,,,,,,,,,,636.310488236918,670.0,1319,2020-12-31
2020-12-01,,,,,,,,,,,637.931762114178,,1319,2020-12-31
2020-12-02,,,,,,,,,,,636.5448391323599,,1319,2020-12-31
2020-12-03,,,,,,,,,,,634.15038796873,0.0,1319,2020-12-31
2020-12-04,,,,,,,,,,,633.236122736831,3.0,1319,2020-12-31
2020-12-05,,,,,,,,,,,631.03500481753,10.0,1319,2020-12-31
2020-12-06,,,,,,,,,,,631.0198746708901,8.0,1319,2020-12-31
2020-12-07,,,,,,,,,,,632.516162159996,17.0,1319,2020-12-31
2020-12-08,,,,,,,,,,,633.837398778346,58.0,1319,2020-12-31
2020-12-09,,,,,,,,,,,635.451347004702,438.0,1319,2020-12-31
2020-12-10,,,,,,,,,,,637.995210493728,631.0,1319,2020-12-31
2020-12-11,,,,,,,,,,,639.453999273083,492.0,1319,2020-12-31
2020-12-12,,,,,,,,,,,644.081187559353,637.0,1319,2020-12-31
2020-12-13,,,,,,,,,,,649.061658774639,654.0,1319,2020-12-31
2020-12-14,,,,,,,,,,,653.963771351598,623.0,1319,2020-12-31
2020-12-15,,,,,,,,,,,656.277857501404,662.0,1319,2020-12-31
2020-12-16,,,,,,,,,,,656.862098850634,680.0,1319,2020-12-31
2020-12-17,,,,,,,,,,,655.495775925668,677.0,1319,2020-12-31
2020-12-18,,,,,,,,,,,653.162488290669,645.0,1319,2020-12-31
2020-12-19,,,,,,,,,,,651.848111464477,644.0,1319,2020-12-31
2020-12-20,,,,,,,,,,,650.10968680803,650.0,1319,2020-12-31
2020-12-21,,,,,,,,,,,648.545523301624,668.0,1319,2020-12-31
2020-12-22,,,,,,,,,,,645.583372683796,641.0,1319,2020-12-31
2020-12-23,,,,,,,,,,,642.0109681714499,658.0,1319,2020-12-31
2020-12-24,,,,,,,,,,,637.812438156457,651.0,1319,2020-12-31
2020-12-25,,,,,,,,,,,632.636185153164,651.0,1319,2020-12-31
2020-12-26,,,,,,,,,,,629.864217918019,634.0,1319,2020-12-31
2020-12-27,,,,,,,,,,,628.30102469035,639.0,1319,2020-12-31
2020-12-28,,,,,,,,,,,627.99230543582,638.0,1319,2020-12-31
2020-12-29,,,,,,,,,,,629.621643202655,630.0,1319,2020-12-31
2020-12-30,,,,,,,,,,,631.190599415746,647.0,1319,2020-12-31
2020-12-31,,,,,,,,,,,633.361255592565,651.0,1319,2020-12-31
2021-01-01,,,,,,,,,,,636.784255304431,651.0,1319,2020-12-31
2021-01-02,,,,,,,,,,,637.551299275233,527.0,1319,2020-12-31
2021-01-03,,,,,,,,,,,639.2229538958429,770.0,1319,2020-12-31
2021-01-04,,,,,,,,,,,645.079823957503,1954.0,1319,2020-12-31
2021-01-05,,,,,,,,,,,652.849192544943,2476.0,1319,2020-12-31
2021-01-06,,,,,,,,,,,659.356391061207,3247.0,1319,2020-12-31
2021-01-07,,,,,,,,,,,663.911068085883,2505.0,1319,2020-12-31
2021-01-08,,,,,,,,,,,668.574997816769,946.0,1319,2020-12-31
2021-01-09,,,,,,,,,,,669.4387382988131,175.0,1319,2020-12-31
2021-01-10,,,,,,,,,,,669.551417358085,15.0,1319,2020-12-31
2021-01-11,,,,,,,,,,,668.581268982213,49.0,1319,2020-12-31
2021-01-12,,,,,,,,,,,663.361665927851,62.0,1319,2020-12-31
2021-01-13,,,,,,,,,,,655.228419031652,695.0,1319,2020-12-31
2021-01-14,,,,,,,,,,,648.4689393356861,672.0,1319,2020-12-31
2021-01-15,,,,,,,,,,,640.1293116537449,655.0,1319,2020-12-31
2021-01-16,,,,,,,,,,,629.514456951323,641.0,1319,2020-12-31
2021-01-17,,,,,,,,,,,619.341510058072,638.0,1319,2020-12-31
2021-01-18,,,,,,,,,,,609.818221781088,650.0,1319,2020-12-31
2021-01-19,,,,,,,,,,,601.265806878561,616.0,1319,2020-12-31
2021-01-20,,,,,,,,,,,593.610216297581,600.0,1319,2020-12-31
2021-01-21,,,,,,,,,,,586.2395261311431,602.0,1319,2020-12-31
2021-01-22,,,,,,,,,,,579.054626858175,583.0,1319,2020-12-31
2021-01-23,,,,,,,,,,,571.2753133709381,573.0,1319,2020-12-31
2021-01-24,,,,,,,,,,,563.950122112308,574.0,1319,2020-12-31
2021-01-25,,,,,,,,,,,557.300779107364,584.0,1319,2020-12-31
2021-01-26,,,,,,,,,,,550.467535864624,578.0,1319,2020-12-31
2021-01-27,,,,,,,,,,,543.188943773153,535.0,1319,2020-12-31
2021-01-28,,,,,,,,,,,536.255030020818,530.0,1319,2020-12-31
2021-01-29,,,,,,,,,,,530.110785335373,519.0,1319,2020-12-31
2021-01-30,,,,,,,,,,,525.2142111776581,514.0,1319,2020-12-31
2021-01-31,,,,,,,,,,,520.8571611690901,519.0,1319,2020-12-31
2021-02-01,,,,,,,,,,,518.635313256647,630.0,1319,2020-12-31
2021-02-02,,,,,,,,,,,516.755544866368,510.0,1319,2020-12-31
2021-02-03,,,,,,,,,,,515.0076547759691,790.0,1319,2020-12-31
2021-02-04,,,,,,,,,,,513.8649344597441,1936.0,1319,2020-12-31
2021-02-05,,,,,,,,,,,513.58465697447,2472.0,1319,2020-12-31
2021-02-06,,,,,,,,,,,514.459389694779,3342.0,1319,2020-12-31
2021-02-07,,,,,,,,,,,516.722876810876,2427.0,1319,2020-12-31
2021-02-08,,,,,,,,,,,521.399084315306,856.0,1319,2020-12-31
2021-02-09,,,,,,,,,,,527.033974967305,148.0,1319,2020-12-31
2021-02-10,,,,,,,,,,,534.134626696358,18.0,1319,2020-12-31
2021-02-11,,,,,,,,,,,541.448255339983,46.0,1319,2020-12-31
2021-02-12,,,,,,,,,,,549.161669330737,58.0,1319,2020-12-31
2021-02-13,,,,,,,,,,,557.0996159479,531.0,1319,2020-12-31
2021-02-14,,,,,,,,,,,566.268203120363,530.0,1319,2020-12-31
2021-02-15,,,,,,,,,,,577.304484773814,555.0,1319,2020-12-31
2021-02-16,,,,,,,,,,,590.758346095265,581.0,1319,2020-12-31
2021-02-17,,,,,,,,,,,604.613127183594,581.0,1319,2020-12-31
2021-02-18,,,,,,,,,,,619.809147112308,618.0,1319,2020-12-31
2021-02-19,,,,,,,,,,,634.193996845727,609.0,1319,2020-12-31
2021-02-20,,,,,,,,,,,648.4195239522099,606.0,1319,2020-12-31
2021-02-21,,,,,,,,,,,664.942937915142,613.0,1319,2020-12-31
2021-02-22,,,,,,,,,,,683.320662421373,645.0,1319,2020-12-31
2021-02-23,,,,,,,,,,,700.0441757878169,676.0,1319,2020-12-31
2021-02-24,,,,,,,,,,,714.696825883713,685.0,1319,2020-12-31
2021-02-25,,,,,,,,,,,728.8510294062511,697.0,1319,2020-12-31
2021-02-26,,,,,,,,,,,745.4404375051649,700.0,1319,2020-12-31
2021-02-27,,,,,,,,,,,762.801681841951,706.0,1319,2020-12-31
2021-02-28,,,,,,,,,,,782.535573613931,716.0,1319,2020-12-31
2021-03-01,,,,,,,,,,,805.214097477141,633.0,1319,2020-12-31
2021-03-02,,,,,,,,,,,832.1478190988921,503.0,1319,2020-12-31
2021-03-03,,,,,,,,,,,856.855554471494,833.0,1319,2020-12-31
2021-03-04,,,,,,,,,,,879.9838695596679,1932.0,1319,2020-12-31
2021-03-05,,,,,,,,,,,904.467556406831,2562.0,1319,2020-12-31
2021-03-06,,,,,,,,,,,929.819877405959,3335.0,1319,2020-12-31
2021-03-07,,,,,,,,,,,957.307009078087,2432.0,1319,2020-12-31
2021-03-08,,,,,,,,,,,988.9913406103329,797.0,1319,2020-12-31
2021-03-09,,,,,,,,,,,1027.38058936056,137.0,1319,2020-12-31
2021-03-10,,,,,,,,,,,1064.97308668614,19.0,1319,2020-12-31
2021-03-11,,,,,,,,,,,1103.4080854764,43.0,1319,2020-12-31
2021-03-12,,,,,,,,,,,1145.78488506818,62.0,1319,2020-12-31
2021-03-13,,,,,,,,,,,1189.77265701663,1038.0,1319,2020-12-31
2021-03-14,,,,,,,,,,,1238.01465479865,1038.0,1319,2020-12-31
2021-03-15,,,,,,,,,,,1291.69922676134,1073.0,1319,2020-12-31
2021-03-16,,,,,,,,,,,1342.80078248815,1148.0,1319,2020-12-31
2021-03-17,,,,,,,,,,,1394.7524340841298,1208.0,1319,2020-12-31
2021-03-18,,,,,,,,,,,1448.40842796174,1277.0,1319,2020-12-31
2021-03-19,,,,,,,,,,,1502.1094292370599,1334.0,1319,2020-12-31
2021-03-20,,,,,,,,,,,1553.85670476415,1368.0,1319,2020-12-31
2021-03-21,,,,,,,,,,,1608.83906724745,1372.0,1319,2020-12-31
2021-03-22,,,,,,,,,,,1657.23933762969,1453.0,1319,2020-12-31
2021-03-23,,,,,,,,,,,1704.64009966005,1508.0,1319,2020-12-31
2021-03-24,,,,,,,,,,,1740.1223326896802,1570.0,1319,2020-12-31
2021-03-25,,,,,,,,,,,1771.7860299340198,1596.0,1319,2020-12-31
2021-03-26,,,,,,,,,,,1798.6609578505802,1680.0,1319,2020-12-31
2021-03-27,,,,,,,,,,,1824.2168720145,1747.0,1319,2020-12-31
2021-03-28,,,,,,,,,,,1857.3091021651,1785.0,1319,2020-12-31
2021-03-29,,,,,,,,,,,1895.70787154168,1815.0,1319,2020-12-31
2021-03-30,,,,,,,,,,,1936.03371418439,1864.0,1319,2020-12-31
2021-03-31,,,,,,,,,,,1975.54875506905,1916.0,1319,2020-12-31
2021-04-01,,,,,,,,,,,2019.3624477364604,655.0,1319,2020-12-31
2021-04-02,,,,,,,,,,,2062.2186679606502,513.0,1319,2020-12-31
2021-04-03,,,,,,,,,,,2106.95428091112,863.0,1319,2020-12-31
2021-04-04,,,,,,,,,,,2156.28775127865,1922.0,1319,2020-12-31
2021-04-05,,,,,,,,,,,2200.24800450418,2584.0,1319,2020-12-31
2021-04-06,,,,,,,,,,,2240.96038475665,3340.0,1319,2020-12-31
2021-04-07,,,,,,,,,,,2274.45558598507,2422.0,1319,2020-12-31
2021-04-08,,,,,,,,,,,2304.9283864576896,793.0,1319,2020-12-31
2021-04-09,,,,,,,,,,,2329.33152463772,131.0,1319,2020-12-31
2021-04-10,,,,,,,,,,,2346.02143956762,18.0,1319,2020-12-31
2021-04-11,,,,,,,,,,,2360.5868197262,52.0,1319,2020-12-31
2021-04-12,,,,,,,,,,,2372.99818456605,61.0,1319,2020-12-31
2021-04-13,,,,,,,,,,,2384.13572738917,2403.0,1319,2020-12-31
2021-04-14,,,,,,,,,,,2395.4737708007997,2448.0,1319,2020-12-31
2021-04-15,,,,,,,,,,,2405.6227824515804,2445.0,1319,2020-12-31
2021-04-16,,,,,,,,,,,2415.70038022901,2416.0,1319,2020-12-31
2021-04-17,,,,,,,,,,,2426.5209429467604,2427.0,1319,2020-12-31
2021-04-18,,,,,,,,,,,2439.34874627388,2409.0,1319,2020-12-31
2021-04-19,,,,,,,,,,,2453.67120360443,2450.0,1319,2020-12-31
2021-04-20,,,,,,,,,,,2467.5756647338103,2410.0,1319,2020-12-31
2021-04-21,,,,,,,,,,,2476.5769617350797,2477.0,1319,2020-12-31
2021-04-22,,,,,,,,,,,2481.0151904924696,2485.0,1319,2020-12-31
2021-04-23,,,,,,,,,,,2483.8641771644,2501.0,1319,2020-12-31
2021-04-24,,,,,,,,,,,2486.4672392313896,2522.0,1319,2020-12-31
2021-04-25,,,,,,,,,,,2494.51446755851,2513.0,1319,2020-12-31
2021-04-26,,,,,,,,,,,2509.55611503002,2525.0,1319,2020-12-31
2021-04-27,,,,,,,,,,,2529.42138274329,2516.0,1319,2020-12-31
2021-04-28,,,,,,,,,,,2544.69590875192,2506.0,1319,2020-12-31
2021-04-29,,,,,,,,,,,2557.4605177038197,2523.0,1319,2020-12-31
2021-04-30,,,,,,,,,,,2576.62071691205,2462.0,1319,2020-12-31
2021-05-01,,,,,,,,,,,2595.9046891836497,682.0,1319,2020-12-31
2021-05-02,,,,,,,,,,,2619.56755621721,515.0,1319,2020-12-31
2021-05-03,,,,,,,,,,,2643.61633181676,893.0,1319,2020-12-31
2021-05-04,,,,,,,,,,,2674.0822463889003,2028.0,1319,2020-12-31
2021-05-05,,,,,,,,,,,2693.5153882519603,2588.0,1319,2020-12-31
2021-05-06,,,,,,,,,,,2711.39588968141,3326.0,1319,2020-12-31
2021-05-07,,,,,,,,,,,2727.6765407713397,2319.0,1319,2020-12-31
2021-05-08,,,,,,,,,,,2744.98229337728,791.0,1319,2020-12-31
2021-05-09,,,,,,,,,,,2761.85706793823,124.0,1319,2020-12-31
2021-05-10,,,,,,,,,,,2776.22774978692,17.0,1319,2020-12-31
2021-05-11,,,,,,,,,,,2792.6562963881897,55.0,1319,2020-12-31
2021-05-12,,,,,,,,,,,2805.43661344951,64.0,1319,2020-12-31
2021-05-13,,,,,,,,,,,2813.3416997589397,2840.0,1319,2020-12-31
2021-05-14,,,,,,,,,,,2824.4118121990196,2875.0,1319,2020-12-31
2021-05-15,,,,,,,,,,,2839.3404865101597,2892.0,1319,2020-12-31
2021-05-16,,,,,,,,,,,2856.08875917417,2868.0,1319,2020-12-31
2021-05-17,,,,,,,,,,,2882.5525834396003,2862.0,1319,2020-12-31
2021-05-18,,,,,,,,,,,2916.3333204486603,2916.0,1319,2020-12-31
2021-05-19,,,,,,,,,,,2951.87400190101,2959.0,1319,2020-12-31
2021-05-20,,,,,,,,,,,2992.38200438144,2971.0,1319,2020-12-31
2021-05-21,,,,,,,,,,,3035.80646364584,2924.0,1319,2020-12-31
2021-05-22,,,,,,,,,,,3073.94471177393,2956.0,1319,2020-12-31
2021-05-23,,,,,,,,,,,3114.15995110719,2908.0,1319,2020-12-31
2021-05-24,,,,,,,,,,,3155.97860140993,3002.0,1319,2020-12-31
2021-05-25,,,,,,,,,,,3187.9540619369,3063.0,1319,2020-12-31
2021-05-26,,,,,,,,,,,3226.59588328005,3065.0,1319,2020-12-31
2021-05-27,,,,,,,,,,,3263.8218663813,3137.0,1319,2020-12-31
2021-05-28,,,,,,,,,,,3302.43757682099,3206.0,1319,2020-12-31
2021-05-29,,,,,,,,,,,3339.0253279963695,3159.0,1319,2020-12-31
2021-05-30,,,,,,,,,,,3376.22905971286,3109.0,1319,2020-12-31
2021-05-31,,,,,,,,,,,3411.88760939958,3212.0,1319,2020-12-31
2021-06-01,,,,,,,,,,,3443.5496395211103,705.0,1319,2020-12-31
2021-06-02,,,,,,,,,,,3463.9140834718396,506.0,1319,2020-12-31
2021-06-03,,,,,,,,,,,3473.9565627768898,878.0,1319,2020-12-31
2021-06-04,,,,,,,,,,,3482.90451852531,2100.0,1319,2020-12-31
2021-06-05,,,,,,,,,,,3486.15564879991,2659.0,1319,2020-12-31
2021-06-06,,,,,,,,,,,3493.21970397011,3351.0,1319,2020-12-31
2021-06-07,,,,,,,,,,,3498.126237475,2351.0,1319,2020-12-31
2021-06-08,,,,,,,,,,,3495.90387597142,709.0,1319,2020-12-31
2021-06-09,,,,,,,,,,,3486.0698477876194,115.0,1319,2020-12-31
2021-06-10,,,,,,,,,,,3471.04536386288,25.0,1319,2020-12-31
2021-06-11,,,,,,,,,,,3451.0260233949703,49.0,1319,2020-12-31
2021-06-12,,,,,,,,,,,3426.514592674,59.0,1319,2020-12-31
2021-06-13,,,,,,,,,,,3397.77404853279,3354.0,1319,2020-12-31
2021-06-14,,,,,,,,,,,3366.41888193811,3417.0,1319,2020-12-31
2021-06-15,,,,,,,,,,,3332.2174431130497,3336.0,1319,2020-12-31
2021-06-16,,,,,,,,,,,3297.0871683931605,3287.0,1319,2020-12-31
2021-06-17,,,,,,,,,,,3255.79280300062,3249.0,1319,2020-12-31
2021-06-18,,,,,,,,,,,3203.0468529936797,3214.0,1319,2020-12-31
2021-06-19,,,,,,,,,,,3150.86754677831,3213.0,1319,2020-12-31
2021-06-20,,,,,,,,,,,3089.6200563870398,3150.0,1319,2020-12-31
2021-06-21,,,,,,,,,,,3027.6380715413,3143.0,1319,2020-12-31
2021-06-22,,,,,,,,,,,2961.3277583718605,3062.0,1319,2020-12-31
2021-06-23,,,,,,,,,,,2900.55461174255,2962.0,1319,2020-12-31
2021-06-24,,,,,,,,,,,2839.24164412091,2966.0,1319,2020-12-31
2021-06-25,,,,,,,,,,,2777.82086538291,2961.0,1319,2020-12-31
2021-06-26,,,,,,,,,,,2721.78267322113,2930.0,1319,2020-12-31
2021-06-27,,,,,,,,,,,2671.09913009205,2905.0,1319,2020-12-31
2021-06-28,,,,,,,,,,,2621.7950345105605,2838.0,1319,2020-12-31
2021-06-29,,,,,,,,,,,2565.3141938173003,2714.0,1319,2020-12-31
2021-06-30,,,,,,,,,,,2514.75051297797,2590.0,1319,2020-12-31
2021-07-01,,,,,,,,,,,2460.97631324052,732.0,1319,2020-12-31
2021-07-02,,,,,,,,,,,2403.18830017334,496.0,1319,2020-12-31
2021-07-03,,,,,,,,,,,2339.85599557839,884.0,1319,2020-12-31
2021-07-04,,,,,,,,,,,2282.69656106641,2170.0,1319,2020-12-31
2021-07-05,,,,,,,,,,,2222.43879690648,2738.0,1319,2020-12-31
2021-07-06,,,,,,,,,,,2164.78195930407,3462.0,1319,2020-12-31
2021-07-07,,,,,,,,,,,2102.0968789582003,2221.0,1319,2020-12-31
2021-07-08,,,,,,,,,,,2036.19069383505,683.0,1319,2020-12-31
2021-07-09,,,,,,,,,,,1969.79890294538,113.0,1319,2020-12-31
2021-07-10,,,,,,,,,,,1902.0865324012,27.0,1319,2020-12-31
2021-07-11,,,,,,,,,,,1834.8708546986,47.0,1319,2020-12-31
2021-07-12,,,,,,,,,,,1775.29240204737,49.0,1319,2020-12-31
2021-07-13,,,,,,,,,,,1718.59477472834,1907.0,1319,2020-12-31
2021-07-14,,,,,,,,,,,1661.92042293094,1736.0,1319,2020-12-31
2021-07-15,,,,,,,,,,,1605.15224197429,1572.0,1319,2020-12-31
2021-07-16,,,,,,,,,,,1550.84464298436,1566.0,1319,2020-12-31
2021-07-17,,,,,,,,,,,1497.63798388792,1549.0,1319,2020-12-31
2021-07-18,,,,,,,,,,,1448.9931094424699,1535.0,1319,2020-12-31
2021-07-19,,,,,,,,,,,1402.9194550563,1396.0,1319,2020-12-31
2021-07-20,,,,,,,,,,,1358.1996558613,1341.0,1319,2020-12-31
2021-07-21,,,,,,,,,,,1314.98777382479,1269.0,1319,2020-12-31
2021-07-22,,,,,,,,,,,1272.52894301025,1244.0,1319,2020-12-31
2021-07-23,,,,,,,,,,,1231.31961050467,1158.0,1319,2020-12-31
2021-07-24,,,,,,,,,,,1189.79326030375,1180.0,1319,2020-12-31
2021-07-25,,,,,,,,,,,1147.29085907953,1176.0,1319,2020-12-31
2021-07-26,,,,,,,,,,,1106.0493257731698,1097.0,1319,2020-12-31
2021-07-27,,,,,,,,,,,1065.22307450561,1084.0,1319,2020-12-31
2021-07-28,,,,,,,,,,,1024.53834769313,1091.0,1319,2020-12-31
2021-07-29,,,,,,,,,,,981.556412557251,1055.0,1319,2020-12-31
2021-07-30,,,,,,,,,,,940.262302155184,954.0,1319,2020-12-31
2021-07-31,,,,,,,,,,,900.9289308304441,939.0,1319,2020-12-31
2021-08-01,,,,,,,,,,,863.6984090095309,674.0,1319,2020-12-31
2021-08-02,,,,,,,,,,,830.3036908053641,488.0,1319,2020-12-31
2021-08-03,,,,,,,,,,,796.862417331727,889.0,1319,2020-12-31
2021-08-04,,,,,,,,,,,764.22581568616,2256.0,1319,2020-12-31
2021-08-05,,,,,,,,,,,731.4606877507381,2760.0,1319,2020-12-31
2021-08-06,,,,,,,,,,,700.114660641456,3560.0,1319,2020-12-31
2021-08-07,,,,,,,,,,,669.572459795284,2201.0,1319,2020-12-31
2021-08-08,,,,,,,,,,,640.7899755026029,678.0,1319,2020-12-31
2021-08-09,,,,,,,,,,,613.5159673517769,114.0,1319,2020-12-31
2021-08-10,,,,,,,,,,,588.65687949769,26.0,1319,2020-12-31
2021-08-11,,,,,,,,,,,564.8698294505,51.0,1319,2020-12-31
2021-08-12,,,,,,,,,,,542.6347368644081,49.0,1319,2020-12-31
2021-08-13,,,,,,,,,,,520.32065419672,499.0,1319,2020-12-31
2021-08-14,,,,,,,,,,,499.350489246675,504.0,1319,2020-12-31
2021-08-15,,,,,,,,,,,480.77942126250997,490.0,1319,2020-12-31
2021-08-16,,,,,,,,,,,463.67135297571406,406.0,1319,2020-12-31
2021-08-17,,,,,,,,,,,445.40871206725404,408.0,1319,2020-12-31
2021-08-18,,,,,,,,,,,427.67637642875604,387.0,1319,2020-12-31
2021-08-19,,,,,,,,,,,408.947259245414,387.0,1319,2020-12-31
2021-08-20,,,,,,,,,,,387.309403861271,383.0,1319,2020-12-31
2021-08-21,,,,,,,,,,,366.013997573512,374.0,1319,2020-12-31
2021-08-22,,,,,,,,,,,343.82823687355796,369.0,1319,2020-12-31
2021-08-23,,,,,,,,,,,323.66673096742,362.0,1319,2020-12-31
2021-08-24,,,,,,,,,,,303.524653815006,344.0,1319,2020-12-31
2021-08-25,,,,,,,,,,,284.163207748293,341.0,1319,2020-12-31
2021-08-26,,,,,,,,,,,265.10040054969,303.0,1319,2020-12-31
2021-08-27,,,,,,,,,,,246.905814311549,298.0,1319,2020-12-31
2021-08-28,,,,,,,,,,,229.21621326522097,292.0,1319,2020-12-31
2021-08-29,,,,,,,,,,,212.854696978933,289.0,1319,2020-12-31
2021-08-30,,,,,,,,,,,197.79754876789298,225.0,1319,2020-12-31
2021-08-31,,,,,,,,,,,183.774208853751,202.0,1319,2020-12-31
2021-09-01,,,,,,,,,,,171.051432295529,683.0,1319,2020-12-31
2021-09-02,,,,,,,,,,,159.194313654073,518.0,1319,2020-12-31
2021-09-03,,,,,,,,,,,148.393942785062,926.0,1319,2020-12-31
2021-09-04,,,,,,,,,,,138.42220804316798,2344.0,1319,2020-12-31
2021-09-05,,,,,,,,,,,129.399146296531,2756.0,1319,2020-12-31
2021-09-06,,,,,,,,,,,121.162085726138,3506.0,1319,2020-12-31
2021-09-07,,,,,,,,,,,113.992413013494,2138.0,1319,2020-12-31
2021-09-08,,,,,,,,,,,107.095552729118,620.0,1319,2020-12-31
2021-09-09,,,,,,,,,,,100.478324129692,106.0,1319,2020-12-31
2021-09-10,,,,,,,,,,,94.07361159272091,26.0,1319,2020-12-31
2021-09-11,,,,,,,,,,,87.7788982853001,44.0,1319,2020-12-31
2021-09-12,,,,,,,,,,,82.1711871586848,46.0,1319,2020-12-31
2021-09-13,,,,,,,,,,,76.32277274588509,77.0,1319,2020-12-31
2021-09-14,,,,,,,,,,,71.1284170766301,72.0,1319,2020-12-31
2021-09-15,,,,,,,,,,,66.0411232261177,70.0,1319,2020-12-31
2021-09-16,,,,,,,,,,,60.909058909008294,66.0,1319,2020-12-31
2021-09-17,,,,,,,,,,,56.196760820010795,60.0,1319,2020-12-31
2021-09-18,,,,,,,,,,,51.745220838723604,61.0,1319,2020-12-31
2021-09-19,,,,,,,,,,,47.6310964893584,59.0,1319,2020-12-31
2021-09-20,,,,,,,,,,,43.856811558455895,54.0,1319,2020-12-31
2021-09-21,,,,,,,,,,,40.41753705593771,37.0,1319,2020-12-31
2021-09-22,,,,,,,,,,,37.2491606143574,36.0,1319,2020-12-31
2021-09-23,,,,,,,,,,,34.6781871250884,34.0,1319,2020-12-31
2021-09-24,,,,,,,,,,,32.632632915813,32.0,1319,2020-12-31
2021-09-25,,,,,,,,,,,30.8012122803896,32.0,1319,2020-12-31
2021-09-26,,,,,,,,,,,29.4152084638712,30.0,1319,2020-12-31
2021-09-27,,,,,,,,,,,28.535388756918802,30.0,1319,2020-12-31
2021-09-28,,,,,,,,,,,27.765634109201603,21.0,1319,2020-12-31
2021-09-29,,,,,,,,,,,27.4233321187214,19.0,1319,2020-12-31
2021-09-30,,,,,,,,,,,27.297871989886698,16.0,1319,2020-12-31
2021-10-01,,,,,,,,,,,27.585794448766304,670.0,1319,2020-12-31
2021-10-02,,,,,,,,,,,27.995868141167897,527.0,1319,2020-12-31
2021-10-03,,,,,,,,,,,28.194678116662196,959.0,1319,2020-12-31
2021-10-04,,,,,,,,,,,28.7126767972966,2366.0,1319,2020-12-31
2021-10-05,,,,,,,,,,,29.113218697407998,2739.0,1319,2020-12-31
2021-10-06,,,,,,,,,,,29.238770680539304,3456.0,1319,2020-12-31
2021-10-07,,,,,,,,,,,29.2047530709166,2127.0,1319,2020-12-31
2021-10-08,,,,,,,,,,,29.070418961667105,596.0,1319,2020-12-31
2021-10-09,,,,,,,,,,,28.956312945101,96.0,1319,2020-12-31
2021-10-10,,,,,,,,,,,29.0275751552105,27.0,1319,2020-12-31
2021-10-11,,,,,,,,,,,29.2011768605334,44.0,1319,2020-12-31
2021-10-12,,,,,,,,,,,29.4325177305862,44.0,1319,2020-12-31
2021-10-13,,,,,,,,,,,29.4444765841822,33.0,1319,2020-12-31
2021-10-14,,,,,,,,,,,29.314664019835302,33.0,1319,2020-12-31
2021-10-15,,,,,,,,,,,29.281646069293103,34.0,1319,2020-12-31
2021-10-16,,,,,,,,,,,29.440465576131803,31.0,1319,2020-12-31
2021-10-17,,,,,,,,,,,29.8346577168787,32.0,1319,2020-12-31
2021-10-18,,,,,,,,,,,30.491856651392396,23.0,1319,2020-12-31
2021-10-19,,,,,,,,,,,31.2563256874402,27.0,1319,2020-12-31
2021-10-20,,,,,,,,,,,32.0668440958467,26.0,1319,2020-12-31
2021-10-21,,,,,,,,,,,32.8281991922111,28.0,1319,2020-12-31
2021-10-22,,,,,,,,,,,33.997777839708704,31.0,1319,2020-12-31
2021-10-23,,,,,,,,,,,35.0757063641641,36.0,1319,2020-12-31
2021-10-24,,,,,,,,,,,36.3135481148349,35.0,1319,2020-12-31
2021-10-25,,,,,,,,,,,37.439301681876394,35.0,1319,2020-12-31
2021-10-26,,,,,,,,,,,38.4861015543835,44.0,1319,2020-12-31
2021-10-27,,,,,,,,,,,39.384474124604296,45.0,1319,2020-12-31
2021-10-28,,,,,,,,,,,40.096124018933,39.0,1319,2020-12-31
2021-10-29,,,,,,,,,,,40.7540274527304,40.0,1319,2020-12-31
2021-10-30,,,,,,,,,,,41.3641839916605,38.0,1319,2020-12-31
2021-10-31,,,,,,,,,,,41.951221638104,42.0,1319,2020-12-31
2021-11-01,,,,,,,,,,,42.474409791018296,682.0,1319,2020-12-31
2021-11-02,,,,,,,,,,,42.837361316979,518.0,1319,2020-12-31
2021-11-03,,,,,,,,,,,42.91155088463171,985.0,1319,2020-12-31
2021-11-04,,,,,,,,,,,42.8300363796085,2377.0,1319,2020-12-31
2021-11-05,,,,,,,,,,,42.3664868344387,2801.0,1319,2020-12-31
2021-11-06,,,,,,,,,,,41.8359761008641,3412.0,1319,2020-12-31
2021-11-07,,,,,,,,,,,41.518562139562505,2101.0,1319,2020-12-31
2021-11-08,,,,,,,,,,,41.298714553397396,546.0,1319,2020-12-31
2021-11-09,,,,,,,,,,,41.3680730698675,98.0,1319,2020-12-31
2021-11-10,,,,,,,,,,,41.3509134018487,26.0,1319,2020-12-31
2021-11-11,,,,,,,,,,,41.471473461250206,45.0,1319,2020-12-31
2021-11-12,,,,,,,,,,,41.5172184481006,48.0,1319,2020-12-31
2021-11-13,,,,,,,,,,,41.8315451379067,40.0,1319,2020-12-31
2021-11-14,,,,,,,,,,,42.4722050045533,41.0,1319,2020-12-31
2021-11-15,,,,,,,,,,,43.348277328705905,34.0,1319,2020-12-31
2021-11-16,,,,,,,,,,,44.3383568077226,35.0,1319,2020-12-31
2021-11-17,,,,,,,,,,,45.6262930444756,33.0,1319,2020-12-31
2021-11-18,,,,,,,,,,,47.03301446889729,38.0,1319,2020-12-31
2021-11-19,,,,,,,,,,,48.21316020233271,47.0,1319,2020-12-31
2021-11-20,,,,,,,,,,,49.454238624866896,46.0,1319,2020-12-31
2021-11-21,,,,,,,,,,,50.784134865092,44.0,1319,2020-12-31
2021-11-22,,,,,,,,,,,52.103716312243606,52.0,1319,2020-12-31
2021-11-23,,,,,,,,,,,53.4014204233599,46.0,1319,2020-12-31
2021-11-24,,,,,,,,,,,54.7124896960281,50.0,1319,2020-12-31
2021-11-25,,,,,,,,,,,55.9847162970815,50.0,1319,2020-12-31
2021-11-26,,,,,,,,,,,56.8080074196431,54.0,1319,2020-12-31
2021-11-27,,,,,,,,,,,57.2354551262491,53.0,1319,2020-12-31
2021-11-28,,,,,,,,,,,57.1584199420941,57.0,1319,2020-12-31
2021-11-29,,,,,,,,,,,57.0865326670117,54.0,1319,2020-12-31
2021-11-30,,,,,,,,,,,56.624098069412405,54.0,1319,2020-12-31
2021-12-01,,,,,,,,,,,55.886580201376105,697.0,1319,2020-12-31
2021-12-02,,,,,,,,,,,55.040349282715795,525.0,1319,2020-12-31
2021-12-03,,,,,,,,,,,53.9224996589286,1024.0,1319,2020-12-31
2021-12-04,,,,,,,,,,,52.8996449966538,2438.0,1319,2020-12-31
2021-12-05,,,,,,,,,,,52.4104532302403,2842.0,1319,2020-12-31
2021-12-06,,,,,,,,,,,52.153596556851596,3384.0,1319,2020-12-31
2021-12-07,,,,,,,,,,,52.0805117390605,1812.0,1319,2020-12-31
2021-12-08,,,,,,,,,,,52.2809316287824,502.0,1319,2020-12-31
2021-12-09,,,,,,,,,,,52.5017732381476,98.0,1319,2020-12-31
2021-12-10,,,,,,,,,,,52.5259740757121,33.0,1319,2020-12-31
2021-12-11,,,,,,,,,,,52.5432115640234,44.0,1319,2020-12-31
2021-12-12,,,,,,,,,,,52.686805124915104,41.0,1319,2020-12-31
2021-12-13,,,,,,,,,,,52.90077285585521,50.0,1319,2020-12-31
2021-12-14,,,,,,,,,,,52.7226835661856,57.0,1319,2020-12-31
2021-12-15,,,,,,,,,,,52.10943091771421,55.0,1319,2020-12-31
2021-12-16,,,,,,,,,,,51.5675548483177,58.0,1319,2020-12-31
2021-12-17,,,,,,,,,,,50.340041213088504,64.0,1319,2020-12-31
2021-12-18,,,,,,,,,,,49.1286438518676,60.0,1319,2020-12-31
2021-12-19,,,,,,,,,,,49.0864812403323,55.0,1319,2020-12-31
2021-12-20,,,,,,,,,,,49.422212200229595,66.0,1319,2020-12-31
2021-12-21,,,,,,,,,,,50.15710888330361,66.0,1319,2020-12-31
2021-12-22,,,,,,,,,,,50.8087015767727,60.0,1319,2020-12-31
2021-12-23,,,,,,,,,,,51.6334405888315,57.0,1319,2020-12-31
2021-12-24,,,,,,,,,,,52.508361625484895,62.0,1319,2020-12-31
2021-12-25,,,,,,,,,,,53.435278442856905,64.0,1319,2020-12-31
2021-12-26,,,,,,,,,,,55.2231965099222,59.0,1319,2020-12-31
2021-12-27,,,,,,,,,,,58.050247560905895,59.0,1319,2020-12-31
2021-12-28,,,,,,,,,,,61.384455760344494,75.0,1319,2020-12-31
2021-12-29,,,,,,,,,,,66.1782433599448,89.0,1319,2020-12-31
2021-12-30,,,,,,,,,,,70.97071131898521,95.0,1319,2020-12-31
2021-12-31,,,,,,,,,,,76.98894245748771,97.0,1319,2020-12-31
2022-01-01,,,,,,,,,,,84.7617706857077,93.0,1319,2020-12-31
2022-01-02,,,,,,,,,,,93.8426739394849,930.0,1319,2020-12-31
2022-01-03,,,,,,,,,,,103.907561401403,374.0,1319,2020-12-31
2022-01-04,,,,,,,,,,,116.036975241604,76.0,1319,2020-12-31
2022-01-05,,,,,,,,,,,128.279192100404,31.0,1319,2020-12-31
2022-01-06,,,,,,,,,,,140.34491483558702,12.0,1319,2020-12-31
2022-01-07,,,,,,,,,,,153.082060133548,297.0,1319,2020-12-31
2022-01-08,,,,,,,,,,,169.57041886557,320.0,1319,2020-12-31
2022-01-09,,,,,,,,,,,189.951899942286,40.0,1319,2020-12-31
2022-01-10,,,,,,,,,,,212.909180547963,5.0,1319,2020-12-31
2022-01-11,,,,,,,,,,,236.212260001074,1.0,1319,2020-12-31
2022-01-12,,,,,,,,,,,262.88781136187197,53.0,1319,2020-12-31
2022-01-13,,,,,,,,,,,292.730060556843,249.0,1319,2020-12-31
2022-01-14,,,,,,,,,,,324.18455360184896,296.0,1319,2020-12-31
2022-01-15,,,,,,,,,,,357.130176039674,292.0,1319,2020-12-31
2022-01-16,,,,,,,,,,,394.31843720578695,298.0,1319,2020-12-31
2022-01-17,,,,,,,,,,,430.54906074424895,366.0,1319,2020-12-31
2022-01-18,,,,,,,,,,,466.14238012911795,372.0,1319,2020-12-31
2022-01-19,,,,,,,,,,,502.447939317744,413.0,1319,2020-12-31
2022-01-20,,,,,,,,,,,541.238959339659,456.0,1319,2020-12-31
2022-01-21,,,,,,,,,,,582.446062275905,550.0,1319,2020-12-31
2022-01-22,,,,,,,,,,,625.748615376891,571.0,1319,2020-12-31
2022-01-23,,,,,,,,,,,671.024012119327,583.0,1319,2020-12-31
2022-01-24,,,,,,,,,,,715.3831066098301,634.0,1319,2020-12-31
2022-01-25,,,,,,,,,,,758.8469109675881,698.0,1319,2020-12-31
2022-01-26,,,,,,,,,,,798.344680378513,781.0,1319,2020-12-31
2022-01-27,,,,,,,,,,,832.2832058572831,825.0,1319,2020-12-31
2022-01-28,,,,,,,,,,,860.364730897673,882.0,1319,2020-12-31
2022-01-29,,,,,,,,,,,883.354471513674,885.0,1319,2020-12-31
2022-01-30,,,,,,,,,,,901.355812158459,896.0,1319,2020-12-31
2022-01-31,,,,,,,,,,,912.877774420878,898.0,1319,2020-12-31
2022-02-01,,,,,,,,,,,918.785925278414,92.0,1319,2020-12-31
2022-02-02,,,,,,,,,,,913.262034477197,923.0,1319,2020-12-31
2022-02-03,,,,,,,,,,,898.807017622668,354.0,1319,2020-12-31
2022-02-04,,,,,,,,,,,881.7601646471679,77.0,1319,2020-12-31
2022-02-05,,,,,,,,,,,863.042282550578,24.0,1319,2020-12-31
2022-02-06,,,,,,,,,,,845.5699713453281,19.0,1319,2020-12-31
2022-02-07,,,,,,,,,,,829.9689574392171,300.0,1319,2020-12-31
2022-02-08,,,,,,,,,,,809.857500911151,288.0,1319,2020-12-31
2022-02-09,,,,,,,,,,,788.747711113612,40.0,1319,2020-12-31
2022-02-10,,,,,,,,,,,764.256685617173,5.0,1319,2020-12-31
2022-02-11,,,,,,,,,,,741.184893513892,7.0,1319,2020-12-31
2022-02-12,,,,,,,,,,,716.5607899093519,51.0,1319,2020-12-31
2022-02-13,,,,,,,,,,,690.116875214367,816.0,1319,2020-12-31
2022-02-14,,,,,,,,,,,665.7703861234211,778.0,1319,2020-12-31
2022-02-15,,,,,,,,,,,643.674748544831,718.0,1319,2020-12-31
2022-02-16,,,,,,,,,,,622.012606684908,672.0,1319,2020-12-31
2022-02-17,,,,,,,,,,,600.610770949137,645.0,1319,2020-12-31
2022-02-18,,,,,,,,,,,578.8569805686731,634.0,1319,2020-12-31
2022-02-19,,,,,,,,,,,557.116253623214,631.0,1319,2020-12-31
2022-02-20,,,,,,,,,,,536.057577766958,623.0,1319,2020-12-31
2022-02-21,,,,,,,,,,,515.5945759493151,553.0,1319,2020-12-31
2022-02-22,,,,,,,,,,,494.24130448339895,515.0,1319,2020-12-31
2022-02-23,,,,,,,,,,,473.84618632187994,519.0,1319,2020-12-31
2022-02-24,,,,,,,,,,,452.67964220917503,478.0,1319,2020-12-31
2022-02-25,,,,,,,,,,,432.29506768955804,425.0,1319,2020-12-31
2022-02-26,,,,,,,,,,,412.10507247746,424.0,1319,2020-12-31
2022-02-27,,,,,,,,,,,392.594957142022,426.0,1319,2020-12-31
2022-02-28,,,,,,,,,,,374.425324450297,398.0,1319,2020-12-31
2022-03-01,,,,,,,,,,,357.28357243451103,91.0,1319,2020-12-31
2022-03-02,,,,,,,,,,,340.257069073306,928.0,1319,2020-12-31
2022-03-03,,,,,,,,,,,323.756332725676,327.0,1319,2020-12-31
2022-03-04,,,,,,,,,,,306.53335967467996,73.0,1319,2020-12-31
2022-03-05,,,,,,,,,,,289.661063698825,19.0,1319,2020-12-31
2022-03-06,,,,,,,,,,,273.21033388394903,20.0,1319,2020-12-31
2022-03-07,,,,,,,,,,,258.371194021908,297.0,1319,2020-12-31
2022-03-08,,,,,,,,,,,244.698578726847,248.0,1319,2020-12-31
2022-03-09,,,,,,,,,,,233.564498480603,39.0,1319,2020-12-31
2022-03-10,,,,,,,,,,,222.434031741408,3.0,1319,2020-12-31
2022-03-11,,,,,,,,,,,210.903308213049,9.0,1319,2020-12-31
2022-03-12,,,,,,,,,,,201.065912128422,52.0,1319,2020-12-31
2022-03-13,,,,,,,,,,,191.269777215391,210.0,1319,2020-12-31
2022-03-14,,,,,,,,,,,183.083028269165,187.0,1319,2020-12-31
2022-03-15,,,,,,,,,,,174.40768775004298,162.0,1319,2020-12-31
2022-03-16,,,,,,,,,,,167.092950547763,157.0,1319,2020-12-31
2022-03-17,,,,,,,,,,,158.683681662591,67.0,1319,2020-12-31
2022-03-18,,,,,,,,,,,151.280339885113,153.0,1319,2020-12-31
2022-03-19,,,,,,,,,,,144.005234666957,152.0,1319,2020-12-31
2022-03-20,,,,,,,,,,,137.418013782329,148.0,1319,2020-12-31
2022-03-21,,,,,,,,,,,131.931232784846,127.0,1319,2020-12-31
2022-03-22,,,,,,,,,,,127.21933661212799,243.0,1319,2020-12-31
2022-03-23,,,,,,,,,,,121.35436192113998,118.0,1319,2020-12-31
2022-03-24,,,,,,,,,,,115.75849802221701,110.0,1319,2020-12-31
2022-03-25,,,,,,,,,,,110.51517694893101,99.0,1319,2020-12-31
2022-03-26,,,,,,,,,,,105.484972780681,100.0,1319,2020-12-31
2022-03-27,,,,,,,,,,,100.483534704235,100.0,1319,2020-12-31
2022-03-28,,,,,,,,,,,95.28082212380491,90.0,1319,2020-12-31
2022-03-29,,,,,,,,,,,89.9519120250762,91.0,1319,2020-12-31
2022-03-30,,,,,,,,,,,84.37369988433359,89.0,1319,2020-12-31
2022-03-31,,,,,,,,,,,78.9338997981407,78.0,1319,2020-12-31
2022-04-01,,,,,,,,,,,73.27737511349629,90.0,1319,2020-12-31
2022-04-02,,,,,,,,,,,67.9887021012654,908.0,1319,2020-12-31
2022-04-03,,,,,,,,,,,63.0148201790038,292.0,1319,2020-12-31
2022-04-04,,,,,,,,,,,58.234942160951604,64.0,1319,2020-12-31
2022-04-05,,,,,,,,,,,53.7411123485392,14.0,1319,2020-12-31
2022-04-06,,,,,,,,,,,49.373606997423,21.0,1319,2020-12-31
2022-04-07,,,,,,,,,,,45.3178296828023,366.0,1319,2020-12-31
2022-04-08,,,,,,,,,,,41.689257710067004,252.0,1319,2020-12-31
2022-04-09,,,,,,,,,,,38.6629508129261,39.0,1319,2020-12-31
2022-04-10,,,,,,,,,,,35.9313830223723,0.0,1319,2020-12-31
2022-04-11,,,,,,,,,,,33.4715510373318,10.0,1319,2020-12-31
2022-04-12,,,,,,,,,,,31.524400745891104,53.0,1319,2020-12-31
2022-04-13,,,,,,,,,,,29.7615350236582,24.0,1319,2020-12-31
2022-04-14,,,,,,,,,,,28.032632459001498,23.0,1319,2020-12-31
2022-04-15,,,,,,,,,,,26.805779183047104,24.0,1319,2020-12-31
2022-04-16,,,,,,,,,,,25.7331186238093,25.0,1319,2020-12-31
2022-04-17,,,,,,,,,,,24.9885034333161,24.0,1319,2020-12-31
2022-04-18,,,,,,,,,,,24.9254247299308,19.0,1319,2020-12-31
2022-04-19,,,,,,,,,,,24.833331026750198,17.0,1319,2020-12-31
2022-04-20,,,,,,,,,,,24.6824848026358,21.0,1319,2020-12-31
2022-04-21,,,,,,,,,,,24.6226370915946,21.0,1319,2020-12-31
2022-04-22,,,,,,,,,,,24.562617796371303,24.0,1319,2020-12-31
2022-04-23,,,,,,,,,,,24.3312901426675,21.0,1319,2020-12-31
2022-04-24,,,,,,,,,,,23.587627026088,22.0,1319,2020-12-31
2022-04-25,,,,,,,,,,,22.9073398220937,22.0,1319,2020-12-31
2022-04-26,,,,,,,,,,,22.213158507361303,25.0,1319,2020-12-31
2022-04-27,,,,,,,,,,,21.239504255289198,0.0,1319,2020-12-31
2022-04-28,,,,,,,,,,,19.7383371474875,30.0,1319,2020-12-31
2022-04-29,,,,,,,,,,,18.2148521610984,28.0,1319,2020-12-31
2022-04-30,,,,,,,,,,,16.8340178422945,30.0,1319,2020-12-31
2022-05-01,,,,,,,,,,,15.338850268630303,110.0,1319,2020-12-31
2022-05-02,,,,,,,,,,,13.934967518726499,914.0,1319,2020-12-31
2022-05-03,,,,,,,,,,,12.666134842288699,291.0,1319,2020-12-31
2022-05-04,,,,,,,,,,,11.585987486421098,62.0,1319,2020-12-31
2022-05-05,,,,,,,,,,,10.677029251098801,12.0,1319,2020-12-31
2022-05-06,,,,,,,,,,,9.93416926811108,22.0,1319,2020-12-31
2022-05-07,,,,,,,,,,,9.345612834879269,361.0,1319,2020-12-31
2022-05-08,,,,,,,,,,,8.997418682169052,247.0,1319,2020-12-31
2022-05-09,,,,,,,,,,,8.803776883390759,40.0,1319,2020-12-31
2022-05-10,,,,,,,,,,,8.74457015250848,0.0,1319,2020-12-31
2022-05-11,,,,,,,,,,,8.73467002419667,9.0,1319,2020-12-31
2022-05-12,,,,,,,,,,,8.7909656417609,70.0,1319,2020-12-31
2022-05-13,,,,,,,,,,,8.901546108736689,5.0,1319,2020-12-31
2022-05-14,,,,,,,,,,,9.16070140464126,4.0,1319,2020-12-31
2022-05-15,,,,,,,,,,,9.48768338853101,5.0,1319,2020-12-31
2022-05-16,,,,,,,,,,,9.85458778887876,13.0,1319,2020-12-31
2022-05-17,,,,,,,,,,,10.096224941926499,12.0,1319,2020-12-31
2022-05-18,,,,,,,,,,,10.3821127360748,11.0,1319,2020-12-31
2022-05-19,,,,,,,,,,,10.5109973254813,9.0,1319,2020-12-31
2022-05-20,,,,,,,,,,,10.7226475924916,11.0,1319,2020-12-31
2022-05-21,,,,,,,,,,,11.057957045216,11.0,1319,2020-12-31
2022-05-22,,,,,,,,,,,11.331996862306399,11.0,1319,2020-12-31
2022-05-23,,,,,,,,,,,11.679188785387199,11.0,1319,2020-12-31
2022-05-24,,,,,,,,,,,12.1004713063642,20.0,1319,2020-12-31
2022-05-25,,,,,,,,,,,12.4586019944971,13.0,1319,2020-12-31
2022-05-26,,,,,,,,,,,12.7228215660608,18.0,1319,2020-12-31
2022-05-27,,,,,,,,,,,13.089768107281401,19.0,1319,2020-12-31
2022-05-28,,,,,,,,,,,13.484646351409301,18.0,1319,2020-12-31
2022-05-29,,,,,,,,,,,14.0130222143081,15.0,1319,2020-12-31
2022-05-30,,,,,,,,,,,14.8516618535764,10.0,1319,2020-12-31
2022-05-31,,,,,,,,,,,16.114321846697,12.0,1319,2020-12-31
2022-06-01,,,,,,,,,,,17.5630985676977,125.0,1319,2020-12-31
2022-06-02,,,,,,,,,,,19.316527797228602,925.0,1319,2020-12-31
2022-06-03,,,,,,,,,,,21.3881730423409,288.0,1319,2020-12-31
2022-06-04,,,,,,,,,,,23.8194420774108,55.0,1319,2020-12-31
2022-06-05,,,,,,,,,,,26.5634456424828,9.0,1319,2020-12-31
2022-06-06,,,,,,,,,,,28.8569195752491,28.0,1319,2020-12-31
2022-06-07,,,,,,,,,,,31.091803756311897,410.0,1319,2020-12-31
2022-06-08,,,,,,,,,,,32.571267338977606,243.0,1319,2020-12-31
2022-06-09,,,,,,,,,,,33.666829532171896,41.0,1319,2020-12-31
2022-06-10,,,,,,,,,,,33.54886694544339,2.0,1319,2020-12-31
2022-06-11,,,,,,,,,,,32.858916174181296,9.0,1319,2020-12-31
2022-06-12,,,,,,,,,,,32.7917429296386,68.0,1319,2020-12-31
2022-06-13,,,,,,,,,,,36.043616606663605,40.0,1319,2020-12-31
2022-06-14,,,,,,,,,,,42.1181524144738,44.0,1319,2020-12-31
2022-06-15,,,,,,,,,,,48.909026026591796,57.0,1319,2020-12-31
2022-06-16,,,,,,,,,,,56.766839873535794,72.0,1319,2020-12-31
2022-06-17,,,,,,,,,,,65.9698800317806,72.0,1319,2020-12-31
2022-06-18,,,,,,,,,,,77.0861489419395,71.0,1319,2020-12-31
2022-06-19,,,,,,,,,,,89.29456038147758,11.0,1319,2020-12-31
2022-06-20,,,,,,,,,,,102.193162919338,16.0,1319,2020-12-31
2022-06-21,,,,,,,,,,,119.845665657476,15.0,1319,2020-12-31
2022-06-22,,,,,,,,,,,136.758186094061,18.0,1319,2020-12-31
2022-06-23,,,,,,,,,,,154.994498158199,21.0,1319,2020-12-31
2022-06-24,,,,,,,,,,,175.13044704810397,24.0,1319,2020-12-31
2022-06-25,,,,,,,,,,,196.23927196740897,24.0,1319,2020-12-31
2022-06-26,,,,,,,,,,,216.231185795116,186.0,1319,2020-12-31
2022-06-27,,,,,,,,,,,235.952630930723,216.0,1319,2020-12-31
2022-06-28,,,,,,,,,,,253.072694454846,239.0,1319,2020-12-31
2022-06-29,,,,,,,,,,,271.08424046095297,240.0,1319,2020-12-31
2022-06-30,,,,,,,,,,,289.6412473765,276.0,1319,2020-12-31
2022-07-01,,,,,,,,,,,307.197252937741,133.0,1319,2020-12-31
2022-07-02,,,,,,,,,,,325.077139771041,897.0,1319,2020-12-31
2022-07-03,,,,,,,,,,,343.244576505147,271.0,1319,2020-12-31
2022-07-04,,,,,,,,,,,361.036401164927,51.0,1319,2020-12-31
2022-07-05,,,,,,,,,,,379.856777668574,9.0,1319,2020-12-31
2022-07-06,,,,,,,,,,,397.469327291553,32.0,1319,2020-12-31
2022-07-07,,,,,,,,,,,412.71183960253603,384.0,1319,2020-12-31
2022-07-08,,,,,,,,,,,427.050440084713,245.0,1319,2020-12-31
2022-07-09,,,,,,,,,,,437.89370391868204,37.0,1319,2020-12-31
2022-07-10,,,,,,,,,,,443.05069622145,2.0,1319,2020-12-31
2022-07-11,,,,,,,,,,,446.044188941145,9.0,1319,2020-12-31
2022-07-12,,,,,,,,,,,444.631819442726,68.0,1319,2020-12-31
2022-07-13,,,,,,,,,,,441.36905008882894,485.0,1319,2020-12-31
2022-07-14,,,,,,,,,,,437.050542432196,479.0,1319,2020-12-31
2022-07-15,,,,,,,,,,,433.278248119421,488.0,1319,2020-12-31
2022-07-16,,,,,,,,,,,428.61886807660403,476.0,1319,2020-12-31
2022-07-17,,,,,,,,,,,424.421024598128,473.0,1319,2020-12-31
2022-07-18,,,,,,,,,,,419.66217098802696,469.0,1319,2020-12-31
2022-07-19,,,,,,,,,,,414.44352076218297,432.0,1319,2020-12-31
2022-07-20,,,,,,,,,,,410.057663627195,374.0,1319,2020-12-31
2022-07-21,,,,,,,,,,,405.691563697846,361.0,1319,2020-12-31
2022-07-22,,,,,,,,,,,399.2619625414,366.0,1319,2020-12-31
2022-07-23,,,,,,,,,,,391.821667470273,375.0,1319,2020-12-31
2022-07-24,,,,,,,,,,,383.51121358102097,371.0,1319,2020-12-31
2022-07-25,,,,,,,,,,,375.248411933307,392.0,1319,2020-12-31
2022-07-26,,,,,,,,,,,364.669142128732,385.0,1319,2020-12-31
2022-07-27,,,,,,,,,,,353.667296048527,376.0,1319,2020-12-31
2022-07-28,,,,,,,,,,,341.665842942806,367.0,1319,2020-12-31
2022-07-29,,,,,,,,,,,328.401555471686,365.0,1319,2020-12-31
2022-07-30,,,,,,,,,,,314.132674804496,357.0,1319,2020-12-31
2022-07-31,,,,,,,,,,,300.047074224333,355.0,1319,2020-12-31
2022-08-01,,,,,,,,,,,286.89084443223703,147.0,1319,2020-12-31
2022-08-02,,,,,,,,,,,275.055926700736,886.0,1319,2020-12-31
2022-08-03,,,,,,,,,,,263.56650790982,248.0,1319,2020-12-31
2022-08-04,,,,,,,,,,,252.71613854703998,48.0,1319,2020-12-31
2022-08-05,,,,,,,,,,,241.859227410117,7.0,1319,2020-12-31
2022-08-06,,,,,,,,,,,230.48381554353801,32.0,1319,2020-12-31
2022-08-07,,,,,,,,,,,219.87648112841,404.0,1319,2020-12-31
2022-08-08,,,,,,,,,,,209.466262087153,218.0,1319,2020-12-31
2022-08-09,,,,,,,,,,,200.272862589347,36.0,1319,2020-12-31
2022-08-10,,,,,,,,,,,191.102201530907,3.0,1319,2020-12-31
2022-08-11,,,,,,,,,,,181.649116325048,9.0,1319,2020-12-31
2022-08-12,,,,,,,,,,,171.976375671124,70.0,1319,2020-12-31
2022-08-13,,,,,,,,,,,161.74987158653,176.0,1319,2020-12-31
2022-08-14,,,,,,,,,,,152.195715485062,173.0,1319,2020-12-31
2022-08-15,,,,,,,,,,,142.765210827075,162.0,1319,2020-12-31
2022-08-16,,,,,,,,,,,133.17261257034,143.0,1319,2020-12-31
2022-08-17,,,,,,,,,,,124.202580740101,123.0,1319,2020-12-31
2022-08-18,,,,,,,,,,,115.857367953411,114.0,1319,2020-12-31
2022-08-19,,,,,,,,,,,107.11590520580299,116.0,1319,2020-12-31
2022-08-20,,,,,,,,,,,98.8112114838772,116.0,1319,2020-12-31
2022-08-21,,,,,,,,,,,91.31404997133579,117.0,1319,2020-12-31
2022-08-22,,,,,,,,,,,84.2889921723784,93.0,1319,2020-12-31
2022-08-23,,,,,,,,,,,77.6977195704095,85.0,1319,2020-12-31
2022-08-24,,,,,,,,,,,71.8225948672332,76.0,1319,2020-12-31
2022-08-25,,,,,,,,,,,66.6848403193514,72.0,1319,2020-12-31
2022-08-26,,,,,,,,,,,62.1225904665415,57.0,1319,2020-12-31
2022-08-27,,,,,,,,,,,58.119129151749604,59.0,1319,2020-12-31
2022-08-28,,,,,,,,,,,54.5796871197934,58.0,1319,2020-12-31
2022-08-29,,,,,,,,,,,51.82508688381411,50.0,1319,2020-12-31
2022-08-30,,,,,,,,,,,49.4343805924435,46.0,1319,2020-12-31
2022-08-31,,,,,,,,,,,47.49142934657411,40.0,1319,2020-12-31
2022-09-01,,,,,,,,,,,45.7099466580153,145.0,1319,2020-12-31
2022-09-02,,,,,,,,,,,44.186018011910704,870.0,1319,2020-12-31
2022-09-03,,,,,,,,,,,42.5755124649689,242.0,1319,2020-12-31
2022-09-04,,,,,,,,,,,41.304510360257396,46.0,1319,2020-12-31
2022-09-05,,,,,,,,,,,39.9763558506146,4.0,1319,2020-12-31
2022-09-06,,,,,,,,,,,38.329881298038295,39.0,1319,2020-12-31
2022-09-07,,,,,,,,,,,36.6633102731412,405.0,1319,2020-12-31
2022-09-08,,,,,,,,,,,34.6730814839082,219.0,1319,2020-12-31
2022-09-09,,,,,,,,,,,32.565348575536,38.0,1319,2020-12-31
2022-09-10,,,,,,,,,,,30.1661905347046,1.0,1319,2020-12-31
2022-09-11,,,,,,,,,,,27.6624839480929,9.0,1319,2020-12-31
2022-09-12,,,,,,,,,,,25.1464709685387,71.0,1319,2020-12-31
2022-09-13,,,,,,,,,,,22.761327192164398,29.0,1319,2020-12-31
2022-09-14,,,,,,,,,,,20.7270342743727,26.0,1319,2020-12-31
2022-09-15,,,,,,,,,,,18.8024527076858,20.0,1319,2020-12-31
2022-09-16,,,,,,,,,,,17.1468865047717,22.0,1319,2020-12-31
2022-09-17,,,,,,,,,,,15.6348293460275,23.0,1319,2020-12-31
2022-09-18,,,,,,,,,,,14.2810443172959,13.0,1319,2020-12-31
2022-09-19,,,,,,,,,,,13.1474804910506,4.0,1319,2020-12-31
2022-09-20,,,,,,,,,,,12.1535660379717,2.0,1319,2020-12-31
2022-09-21,,,,,,,,,,,11.225942825782301,2.0,1319,2020-12-31
2022-09-22,,,,,,,,,,,10.3315136858097,3.0,1319,2020-12-31
2022-09-23,,,,,,,,,,,9.5007576274414,2.0,1319,2020-12-31
2022-09-24,,,,,,,,,,,8.69698318969193,3.0,1319,2020-12-31
2022-09-25,,,,,,,,,,,7.95541108556706,3.0,1319,2020-12-31
2022-09-26,,,,,,,,,,,7.234421334766849,6.0,1319,2020-12-31
2022-09-27,,,,,,,,,,,6.6308876664602,6.0,1319,2020-12-31
2022-09-28,,,,,,,,,,,6.197863562928981,7.0,1319,2020-12-31
2022-09-29,,,,,,,,,,,5.888043498513451,8.0,1319,2020-12-31
2022-09-30,,,,,,,,,,,5.5644891656689905,5.0,1319,2020-12-31
2022-10-01,,,,,,,,,,,5.379467021051509,178.0,1319,2020-12-31
2022-10-02,,,,,,,,,,,5.32918044638017,849.0,1319,2020-12-31
2022-10-03,,,,,,,,,,,5.27649450929591,222.0,1319,2020-12-31
2022-10-04,,,,,,,,,,,5.226335873209679,30.0,1319,2020-12-31
2022-10-05,,,,,,,,,,,5.24191190338266,1.0,1319,2020-12-31
2022-10-06,,,,,,,,,,,5.27226353347994,36.0,1319,2020-12-31
2022-10-07,,,,,,,,,,,5.305974250591929,414.0,1319,2020-12-31
2022-10-08,,,,,,,,,,,5.30568551825876,188.0,1319,2020-12-31
2022-10-09,,,,,,,,,,,5.24105017556687,37.0,1319,2020-12-31
2022-10-10,,,,,,,,,,,5.158865700038651,5.0,1319,2020-12-31
2022-10-11,,,,,,,,,,,5.03368451705548,10.0,1319,2020-12-31
2022-10-12,,,,,,,,,,,4.85400303206982,64.0,1319,2020-12-31
2022-10-13,,,,,,,,,,,4.694651658556809,6.0,1319,2020-12-31
2022-10-14,,,,,,,,,,,4.50340614738704,4.0,1319,2020-12-31
2022-10-15,,,,,,,,,,,4.32366465325167,4.0,1319,2020-12-31
2022-10-16,,,,,,,,,,,4.15014258120432,4.0,1319,2020-12-31
2022-10-17,,,,,,,,,,,3.99865778936517,3.0,1319,2020-12-31
2022-10-18,,,,,,,,,,,3.8297830698466004,5.0,1319,2020-12-31
2022-10-19,,,,,,,,,,,3.6695403719321096,4.0,1319,2020-12-31
2022-10-20,,,,,,,,,,,3.49006058366494,4.0,1319,2020-12-31
2022-10-21,,,,,,,,,,,3.50145427880421,3.0,1319,2020-12-31
2022-10-22,,,,,,,,,,,3.4972745226083704,2.0,1319,2020-12-31
2022-10-23,,,,,,,,,,,3.62331804415897,2.0,1319,2020-12-31
2022-10-24,,,,,,,,,,,3.8572301849595396,4.0,1319,2020-12-31
2022-10-25,,,,,,,,,,,4.20322166985071,2.0,1319,2020-12-31
2022-10-26,,,,,,,,,,,4.5910217758771195,3.0,1319,2020-12-31
2022-10-27,,,,,,,,,,,4.9974565557878705,3.0,1319,2020-12-31
2022-10-28,,,,,,,,,,,5.43586263695279,3.0,1319,2020-12-31
2022-10-29,,,,,,,,,,,5.9304832479819405,3.0,1319,2020-12-31
2022-10-30,,,,,,,,,,,6.365986257877981,3.0,1319,2020-12-31
2022-10-31,,,,,,,,,,,6.8475639060853695,-1.0,1319,2020-12-31
2022-11-01,,,,,,,,,,,7.34954987543237,196.0,1319,2020-12-31
2022-11-02,,,,,,,,,,,7.88221618831403,814.0,1319,2020-12-31
2022-11-03,,,,,,,,,,,8.187159225058709,219.0,1319,2020-12-31
2022-11-04,,,,,,,,,,,8.108020568543251,24.0,1319,2020-12-31
2022-11-05,,,,,,,,,,,7.92050203102247,3.0,1319,2020-12-31
2022-11-06,,,,,,,,,,,7.74711852510575,33.0,1319,2020-12-31
2022-11-07,,,,,,,,,,,7.52758181030521,427.0,1319,2020-12-31
2022-11-08,,,,,,,,,,,7.20361524882038,185.0,1319,2020-12-31
2022-11-09,,,,,,,,,,,6.8350589968233395,48.0,1319,2020-12-31
2022-11-10,,,,,,,,,,,6.5891098782912,7.0,1319,2020-12-31
2022-11-11,,,,,,,,,,,6.407320118373869,7.0,1319,2020-12-31
2022-11-12,,,,,,,,,,,6.474167790130861,64.0,1319,2020-12-31
2022-11-13,,,,,,,,,,,6.6753014599075104,7.0,1319,2020-12-31
2022-11-14,,,,,,,,,,,7.19376220008376,7.0,1319,2020-12-31
2022-11-15,,,,,,,,,,,8.104424493476861,6.0,1319,2020-12-31
2022-11-16,,,,,,,,,,,9.279909732463,7.0,1319,2020-12-31
2022-11-17,,,,,,,,,,,11.098847852827499,7.0,1319,2020-12-31
2022-11-18,,,,,,,,,,,13.276849788961,7.0,1319,2020-12-31
2022-11-19,,,,,,,,,,,16.1697860968327,7.0,1319,2020-12-31
2022-11-20,,,,,,,,,,,20.102815039992198,7.0,1319,2020-12-31
2022-11-21,,,,,,,,,,,26.432011769243697,10.0,1319,2020-12-31
2022-11-22,,,,,,,,,,,33.4396744354438,13.0,1319,2020-12-31
2022-11-23,,,,,,,,,,,40.1074606628947,14.0,1319,2020-12-31
2022-11-24,,,,,,,,,,,48.0101564090289,14.0,1319,2020-12-31
2022-11-25,,,,,,,,,,,56.8930723128336,24.0,1319,2020-12-31
2022-11-26,,,,,,,,,,,65.6540670787964,24.0,1319,2020-12-31
2022-11-27,,,,,,,,,,,74.8830943198653,25.0,1319,2020-12-31
2022-11-28,,,,,,,,,,,87.2809730532573,32.0,1319,2020-12-31
2022-11-29,,,,,,,,,,,99.3551692012585,31.0,1319,2020-12-31
2022-11-30,,,,,,,,,,,112.890873185784,48.0,1319,2020-12-31
2022-12-01,,,,,,,,,,,126.054829471324,205.0,1319,2020-12-31
2022-12-02,,,,,,,,,,,138.231173211321,812.0,1319,2020-12-31
2022-12-03,,,,,,,,,,,148.13594731660498,217.0,1319,2020-12-31
2022-12-04,,,,,,,,,,,155.622261650158,21.0,1319,2020-12-31
2022-12-05,,,,,,,,,,,150.878558481247,5.0,1319,2020-12-31
2022-12-06,,,,,,,,,,,150.604457414109,34.0,1319,2020-12-31
2022-12-07,,,,,,,,,,,150.501758943059,479.0,1319,2020-12-31
2022-12-08,,,,,,,,,,,152.141344860645,170.0,1319,2020-12-31
2022-12-09,,,,,,,,,,,140.919933855047,36.0,1319,2020-12-31
2022-12-10,,,,,,,,,,,130.89549528821502,7.0,1319,2020-12-31
2022-12-11,,,,,,,,,,,123.52001884383499,7.0,1319,2020-12-31
2022-12-12,,,,,,,,,,,114.282555668457,89.0,1319,2020-12-31
2022-12-13,,,,,,,,,,,105.237585740253,107.0,1319,2020-12-31
2022-12-14,,,,,,,,,,,97.4768030101189,119.0,1319,2020-12-31
2022-12-15,,,,,,,,,,,91.51442960390752,131.0,1319,2020-12-31
2022-12-16,,,,,,,,,,,86.4852848558445,145.0,1319,2020-12-31
2022-12-17,,,,,,,,,,,81.1021014592305,147.0,1319,2020-12-31
2022-12-18,,,,,,,,,,,76.32938501714051,158.0,1319,2020-12-31
2022-12-19,,,,,,,,,,,72.3658249596008,174.0,1319,2020-12-31
2022-12-20,,,,,,,,,,,68.78817193786399,208.0,1319,2020-12-31
2022-12-21,,,,,,,,,,,67.0618720347505,212.0,1319,2020-12-31
2022-12-22,,,,,,,,,,,68.4407682403132,212.0,1319,2020-12-31
2022-12-23,,,,,,,,,,,71.7271738101948,220.0,1319,2020-12-31
2020-01-04,,,,,,,,,,,,5.0,1319,2020-12-31
2020-02-04,,,,,,,,,,,,5.0,1319,2020-12-31
2020-03-04,,,,,,,,,,,,5.0,1319,2020-12-31
2020-01-05,,,,,,,,,,,,5.0,1319,2020-12-31
2020-02-05,,,,,,,,,,,,4.0,1319,2020-12-31
2020-03-05,,,,,,,,,,,,7.0,1319,2020-12-31
2020-01-06,,,,,,,,,,,,8.0,1319,2020-12-31
2020-02-06,,,,,,,,,,,,8.0,1319,2020-12-31
2020-01-07,,,,,,,,,,,,27.0,1319,2020-12-31
2020-02-07,,,,,,,,,,,,26.0,1319,2020-12-31
2020-01-08,,,,,,,,,,,,47.0,1319,2020-12-31
2020-02-08,,,,,,,,,,,,49.0,1319,2020-12-31
2020-01-09,,,,,,,,,,,,303.0,1319,2020-12-31
2020-02-09,,,,,,,,,,,,311.0,1319,2020-12-31
2020-01-10,,,,,,,,,,,,552.0,1319,2020-12-31
2020-02-10,,,,,,,,,,,,561.0,1319,2020-12-31
2020-01-11,,,,,,,,,,,,485.0,1319,2020-12-31
2020-02-11,,,,,,,,,,,,469.0,1319,2020-12-31
2020-01-12,,,,,,,,,,,,713.0,1319,2020-12-31
2020-02-12,,,,,,,,,,,,697.0,1319,2020-12-31