fecha,peor,mejor,proy,eq,X2w,X4w,q25,q75,X10p,X20p,dailyR,dailyR_sin_subRegistro,CapacidadMax,FechaCapacidadMax,Reportados
2022-12-24,772.302903983178,772.302903983178,772.302903983178,772.302903983178,772.302903983178,772.302903983178,772.302903983178,772.302903983178,772.302903983178,772.302903983178,3856.6900723553294,772.302903983178,14914.0,2023-01-07,610.0
2022-12-25,233.423330162913,231.28473834885799,232.377653386622,232.37765319469398,232.37765390666698,232.377653682118,232.37765307782996,232.377653472056,232.377654018147,232.377653683854,,,14914.0,2023-01-07,8148.0
2022-12-26,459.972963012573,435.81570494114897,448.104694088181,448.104691098407,448.104702187845,448.104698690223,448.10468927850195,448.104695418656,448.104703923487,448.104698716779,,,14914.0,2023-01-07,8605.0
2022-12-27,1101.4503476369,972.0146279900889,1037.29491223207,1037.29488744488,1037.29497919763,1037.29495038595,1037.2948723505901,1037.29492326272,1037.29499334647,1037.2949506059801,,,14914.0,2023-01-07,12004.0
2022-12-28,697.9872012717179,564.742955714818,631.12969243419,631.129651021347,631.129804666299,631.129756180943,631.1296258154989,631.1297108637671,631.129828755506,631.129756548775,,,14914.0,2023-01-07,11131.0
2022-12-29,1122.6424130415899,824.6716116159159,970.8927772878841,970.89261544416,970.893215785616,970.89302641196,970.892516933767,970.892849311448,970.893309787719,970.8930278491259,,,14914.0,2023-01-07,10543.0
2022-12-30,889.745117062784,589.721536337186,734.353728381988,734.35343165526,734.354533239451,734.354185528174,734.3532511582449,734.353860500112,734.3547058602439,734.354188166463,,,14914.0,2023-01-07,6287.0
2022-12-31,1553.3762387070199,925.335670275912,1222.09675189261,1222.09557156798,1222.09995342018,1222.09857020852,1222.0948534475801,1222.09727739193,1222.1006402370301,1222.09858070339,,,14914.0,2023-01-07,8702.0
2023-01-01,1790.5792403235398,956.321680798759,1341.98489540345,1341.98181627747,1341.99321861875,1341.98962744687,1341.97993990373,1341.98626436191,1341.9949992540899,1341.98965472114,,,14914.0,2023-01-07,0.0
2023-01-02,2013.9426675526397,962.984565429724,1437.5357618455498,1437.5278938075,1437.55682316186,1437.54783873909,1437.52309853588,1437.53923314053,1437.56131440182,1437.54790840948,,,14914.0,2023-01-07,51.0
2023-01-03,1958.63577782055,837.814458580715,1331.47555645149,1331.45824031991,1331.52185537313,1331.5022344841,1331.44777400112,1331.4831198866802,1331.53196853587,1331.50238982473,,,14914.0,2023-01-07,356.0
2023-01-04,783.796604779779,299.829944405762,507.511512649979,507.49615450638197,507.553297736134,507.535050301129,507.486651010532,507.518378133941,507.562000732155,507.535185963506,,,14914.0,2023-01-07,317.0
2023-01-05,797.971494757412,272.978014118742,492.258606381305,492.223216394759,492.35430149727995,492.312751563465,492.20181910111097,492.274370249346,492.374182127992,492.313062382726,,,14914.0,2023-01-07,344.0
2023-01-06,2398.75889598769,733.980482469157,1410.23395985599,1410.00227511656,1410.87924448542,1410.59937083225,1409.8528783044198,1410.3398691750199,1411.01317774394,1410.60148729395,,,14914.0,2023-01-07,417.0
2023-01-07,2623.2256294695003,718.213008571404,1470.29115664406,1469.7152425886902,1471.86715969542,1471.18576520931,1469.3602201461401,1470.5594787376,1472.1970169541198,1471.19097888888,,,14914.0,2023-01-07,447.0
2023-01-08,2866.69468704466,702.649888374592,1532.5112663104,1531.10503580015,1536.3235133490803,1534.6813839645401,1530.25326236358,1533.13712166725,1537.1324440232502,1534.69381382369,,,14914.0,2023-01-07,
2023-01-09,3130.3817808466197,687.327385792589,1596.95205295513,1593.5927871548402,1606.0778869475303,1602.13979510754,1591.5527968258402,1598.44835049874,1608.0251613281798,1602.1698382874301,,,14914.0,2023-01-07,
2023-01-10,3415.4990253954497,672.267057334357,1663.66427369557,1655.85262459573,1684.9449858452697,1675.74353773823,1651.11120820644,1667.14864772991,1689.51286302358,1675.81570340189,,,14914.0,2023-01-07,
2023-01-11,3723.2358760505103,657.4806535908419,1732.6942602751199,1715.42836138036,1780.0077523714604,1759.4921972042102,1704.9735541475,1740.4118688468302,1790.2369080469,1759.64583123344,,,14914.0,2023-01-07,
2023-01-12,4054.73835948745,642.9743047431581,1804.0835206400302,1768.7967724957398,1901.8232646276397,1859.24159480174,1747.53115460025,1819.9245994672501,1923.1644905109101,1859.5622948228602,,,14914.0,2023-01-07,
2023-01-13,4411.0770013306,628.749857770525,1877.8693185180898,1812.53570914596,2061.98246948432,1981.20452453129,1773.4486782047,1907.39104589987,2102.78990727382,1981.8083592421399,,,14914.0,2023-01-07,
2023-01-14,4793.220960018521,614.806873863547,1954.0846468882999,1844.9175325542199,2269.2482933577,2129.6262336164605,1780.3100987920602,2003.8845269639103,2340.55972742837,2130.66776272244,,,14914.0,2023-01-07,
2023-01-15,5201.99726227643,601.1435254841809,2032.7577886234803,1866.4614570642102,2527.95722431537,2305.9200609021,1769.40362529798,2109.5537848470603,2642.90160666356,2307.5577787573898,,,14914.0,2023-01-07,
2023-01-16,5638.0545175278,587.75687790156,2113.9121769528897,1879.07243074511,2839.48815821886,2509.5966066460396,1744.30783729103,2223.95163168052,3012.95106507602,2512.0041120724,,,14914.0,2023-01-07,
2023-01-17,6101.80669700539,574.643374881827,2197.5657846947,1884.99301985318,3204.52847442135,2739.65081327017,1709.08049092284,2346.4767937474103,3453.14665336367,2743.00184630482,,,14914.0,2023-01-07,
2023-01-18,6593.401174546259,561.799176425877,2283.7306451318104,1886.16774517273,3624.3703350074297,2995.38727593118,1667.23019812905,2476.6086278752696,3966.79580669057,2999.86305317296,,,14914.0,2023-01-07,
2023-01-19,7112.6575346546915,549.220162060595,2372.4123929820103,1884.0699448324601,4101.332579707329,3276.64854893935,1621.42241425572,2613.9930922385897,4558.496101989529,3282.4408262064003,,,14914.0,2023-01-07,
2023-01-20,7659.011430847191,536.902071056944,2463.6097915886103,1879.7342469743699,4638.60867836527,3583.77960368269,1573.5337283163299,2758.4213841905394,5233.93767156589,3591.08485095175,,,14914.0,2023-01-07,
2023-01-21,8231.47020692509,524.840594233224,2557.31374022315,1873.85761250224,5239.95956734242,3917.45255266248,1524.83414634599,2909.79263765285,5999.44302940516,3926.4916997021,,,14914.0,2023-01-07,
2023-01-22,8828.55002939248,513.03138086009,2653.5069377632503,1866.8983532502102,5909.3380897959805,4278.55798384508,1476.15572355206,3068.07232907486,6861.42572258551,4289.5581486931205,,,14914.0,2023-01-07,
2023-01-23,9448.224300025,501.470071656591,2752.16359297733,1859.15172907457,6650.598065384611,4668.05585269649,1428.0322706470401,3233.2577760064,7825.763391260709,4681.254784075771,,,14914.0,2023-01-07,
2023-01-24,10087.9096874433,490.15232323638804,2853.2484042897304,1850.80881102994,7467.11234800393,5086.848085902589,1380.7967743913098,3405.3562067625,8897.258586982,5102.5193657916,,,14914.0,2023-01-07,
2023-01-25,10744.4197397034,479.073812048471,2956.7159974734996,1841.9978254506898,8361.36588640628,5535.7456088995605,1334.6536045964501,3584.37150011288,10078.8233068207,5554.168650273659,,,14914.0,2023-01-07,
2023-01-26,11413.9457009889,468.23024505783303,3062.5103669087202,1832.79247865237,9334.63674742738,6015.3745049771605,1289.7171734756,3770.2870259188,11370.779149687,6036.819240516421,,,14914.0,2023-01-07,
2023-01-27,12092.0613941548,457.617366419516,3170.56428895503,1823.2473395374802,10386.5416815781,6526.07322114824,1246.04894653365,3963.0549406645296,12770.0428085602,6550.81174573166,,,14914.0,2023-01-07,
2023-01-28,12773.7455655773,447.230957375672,3280.7990327307502,1813.39925246267,11514.6480950474,7067.83018454802,1203.6751322582902,4162.59778713831,14269.365522497099,7096.135635452941,,,14914.0,2023-01-07,
2023-01-29,13453.424406895401,437.06684032843697,3393.12340262505,1803.2717010032002,12714.0645023969,7640.215182022809,1162.5982522944,4368.78910015613,15856.6029033416,7672.369246994541,,,14914.0,2023-01-07,
2023-01-30,14125.0352653743,427.12088510521795,3507.4333291260805,1792.88306179495,13977.069122591201,8242.32471647702,1122.80710629892,4581.45964061409,17514.1692178775,8278.572864247,,,14914.0,2023-01-07,
2023-01-31,14782.119483168,417.389006556915,3623.6115505044,1782.2473260597897,15292.753580873701,8872.702723340792,1084.28128145769,4800.39085925524,19218.866367171202,8913.27321612377,,,14914.0,2023-01-07,
2023-02-01,15417.9357656024,407.867166250463,3741.5271702109003,1771.37578796987,16647.055549470402,9529.273158008229,1046.9947095325501,5025.30685671891,20942.0456339661,9574.360398522791,,,14914.0,2023-01-07,
2023-02-02,16025.592792918798,398.55137595686205,3861.03531340512,1760.2780281958399,18022.5963943443,10209.2942757557,1010.9179206234401,5255.87353135222,22650.158631118702,10259.044418366899,,,14914.0,2023-01-07,
2023-02-03,16598.202295386498,389.437696403116,3981.97686501234,1748.96259908255,19398.9606743508,10909.298302908399,976.020016941802,5491.69555934058,24305.934242092597,10963.8133118649,,,14914.0,2023-01-07,
2023-02-04,17129.0418881453,380.522238548627,4104.17829519957,1737.43777472376,20753.1397227472,11625.1180289275,942.268940617518,5732.312076321739,25869.9902386215,11684.409244158302,,,14914.0,2023-01-07,
2023-02-05,17611.7241513067,371.80116525768,4227.45157471914,1725.71107706199,22060.2468313761,12351.809108379099,909.6322577598261,5977.19558538954,27302.8120607839,12415.821548527,,,14914.0,2023-01-07,
2023-02-06,18040.3636227514,363.27069071857,4351.59419179761,1713.79027222258,23294.3975525113,13083.7188887223,878.077711556256,6225.75031109765,28566.962812166697,13152.3075474755,,,14914.0,2023-01-07,
2023-02-07,18409.723280346898,354.927081296523,4476.38928143073,1701.68306085927,24429.815952021203,13814.5167396649,847.5733242322709,6477.310829793941,29629.2913814714,13887.4445762004,,,14914.0,2023-01-07,
2020-03-06,,,,,,,,,,,0.0,,14914.0,2023-01-07,
2020-03-07,,,,,,,,,,,109.20672959925501,0.013344281843529,14914.0,2023-01-07,1.0
2020-03-08,,,,,,,,,,,127.72752236481199,0.0312109669412459,14914.0,2023-01-07,0.0
2020-03-09,,,,,,,,,,,148.737436837304,0.0559824239295369,14914.0,2023-01-07,0.0
2020-03-10,,,,,,,,,,,170.94529175532,0.13996688101535198,14914.0,2023-01-07,4.0
2020-03-11,,,,,,,,,,,194.65728735472698,0.141055277896121,14914.0,2023-01-07,0.0
2020-03-12,,,,,,,,,,,220.84845074221002,0.138986274960861,14914.0,2023-01-07,1.0
2020-03-13,,,,,,,,,,,249.97825395777198,0.407877253254959,14914.0,2023-01-07,1.0
2020-03-14,,,,,,,,,,,282.985923633099,0.41178181844105394,14914.0,2023-01-07,0.0
2020-03-15,,,,,,,,,,,317.66439615633,0.950845375655027,14914.0,2023-01-07,1.0
2020-03-16,,,,,,,,,,,352.21812002161005,0.877466255428499,14914.0,2023-01-07,1.0
2020-03-17,,,,,,,,,,,385.248150827664,0.927183686609003,14914.0,2023-01-07,2.0
2020-03-18,,,,,,,,,,,414.95459473936097,0.9281675067950301,14914.0,2023-01-07,0.0
2020-03-19,,,,,,,,,,,441.566956356679,1.28502901014948,14914.0,2023-01-07,2.0
2020-03-20,,,,,,,,,,,467.633461870244,1.8211156210842299,14914.0,2023-01-07,5.0
2020-03-21,,,,,,,,,,,495.532851049933,2.87374303189219,14914.0,2023-01-07,4.0
2020-03-22,,,,,,,,,,,522.356730709676,1.7360474665446002,14914.0,2023-01-07,0.0
2020-03-23,,,,,,,,,,,546.380777854667,4.0531302582939395,14914.0,2023-01-07,5.0
2020-03-24,,,,,,,,,,,566.532834864503,4.288931022859931,14914.0,2023-01-07,10.0
2020-03-25,,,,,,,,,,,580.952701698521,2.58955818087695,14914.0,2023-01-07,4.0
2020-03-26,,,,,,,,,,,588.940925058027,3.8721715942283796,14914.0,2023-01-07,11.0
2020-03-27,,,,,,,,,,,590.791618290057,4.920159772477111,14914.0,2023-01-07,4.0
2020-03-28,,,,,,,,,,,586.738115007349,3.03455392602282,14914.0,2023-01-07,3.0
2020-03-29,,,,,,,,,,,577.371204365569,4.98230515352579,14914.0,2023-01-07,5.0
2020-03-30,,,,,,,,,,,563.615286749418,3.26857341452191,14914.0,2023-01-07,1.0
2020-03-31,,,,,,,,,,,548.577041752231,4.11122945149286,14914.0,2023-01-07,4.0
2020-04-01,,,,,,,,,,,533.874945262107,4.20391087352822,14914.0,2023-01-07,8.0
2020-04-02,,,,,,,,,,,518.772859170178,4.903808246066361,14914.0,2023-01-07,15.0
2020-04-03,,,,,,,,,,,504.707875544302,6.5853722041540195,14914.0,2023-01-07,4.0
2020-04-04,,,,,,,,,,,494.11529954381103,7.4058757380288895,14914.0,2023-01-07,8.0
2020-04-05,,,,,,,,,,,486.83116296459394,7.57433112649415,14914.0,2023-01-07,9.0
2020-04-06,,,,,,,,,,,475.314333310505,6.0986174739638,14914.0,2023-01-07,2.0
2020-04-07,,,,,,,,,,,464.47671320521795,7.622176205534941,14914.0,2023-01-07,4.0
2020-04-08,,,,,,,,,,,452.328758435298,8.378184863976559,14914.0,2023-01-07,5.0
2020-04-09,,,,,,,,,,,436.33208919907304,7.49944013277524,14914.0,2023-01-07,5.0
2020-04-10,,,,,,,,,,,419.546776315616,7.1221516376748895,14914.0,2023-01-07,4.0
2020-04-11,,,,,,,,,,,402.015513832208,7.10777178615509,14914.0,2023-01-07,1.0
2020-04-12,,,,,,,,,,,383.920337896507,7.56673263570878,14914.0,2023-01-07,13.0
2020-04-13,,,,,,,,,,,365.459004322256,6.92251999203346,14914.0,2023-01-07,12.0
2020-04-14,,,,,,,,,,,347.305570569117,6.53010905908512,14914.0,2023-01-07,2.0
2020-04-15,,,,,,,,,,,327.04836157459204,9.13118850215535,14914.0,2023-01-07,13.0
2020-04-16,,,,,,,,,,,317.510893068142,8.13453666759563,14914.0,2023-01-07,25.0
2020-04-17,,,,,,,,,,,292.244053344304,7.3481193905599,14914.0,2023-01-07,3.0
2020-04-18,,,,,,,,,,,281.852819072668,6.43182033186525,14914.0,2023-01-07,4.0
2020-04-19,,,,,,,,,,,287.45975535435,5.424971065831981,14914.0,2023-01-07,2.0
2020-04-20,,,,,,,,,,,301.262174873122,8.370625604383731,14914.0,2023-01-07,0.0
2020-04-21,,,,,,,,,,,326.13462718992,9.87197324958849,14914.0,2023-01-07,5.0
2020-04-22,,,,,,,,,,,353.468077144542,8.11459498764319,14914.0,2023-01-07,0.0
2020-04-23,,,,,,,,,,,386.661098932294,9.2209655607948,14914.0,2023-01-07,7.0
2020-04-24,,,,,,,,,,,411.29352584701,12.2018907402864,14914.0,2023-01-07,3.0
2020-04-25,,,,,,,,,,,438.81184236125,10.1340524721076,14914.0,2023-01-07,5.0
2020-04-26,,,,,,,,,,,467.377109650675,10.376233543007698,14914.0,2023-01-07,0.0
2020-04-27,,,,,,,,,,,505.192036539796,18.8045995773583,14914.0,2023-01-07,2.0
2020-04-28,,,,,,,,,,,549.179927820671,17.8315963305383,14914.0,2023-01-07,9.0
2020-04-29,,,,,,,,,,,581.765499414931,23.3283801098805,14914.0,2023-01-07,10.0
2020-04-30,,,,,,,,,,,619.1351318320591,20.1852714763151,14914.0,2023-01-07,17.0
2020-05-01,,,,,,,,,,,691.6706395583681,22.0902353058107,14914.0,2023-01-07,67.0
2020-05-02,,,,,,,,,,,673.342830883386,20.8317325795985,14914.0,2023-01-07,37.0
2020-05-03,,,,,,,,,,,667.272075273882,16.8685331261791,14914.0,2023-01-07,26.0
2020-05-04,,,,,,,,,,,661.119729873419,17.1172489459321,14914.0,2023-01-07,19.0
2020-05-05,,,,,,,,,,,651.285839299537,21.622471632780698,14914.0,2023-01-07,16.0
2020-05-06,,,,,,,,,,,632.097791827335,26.2101711652318,14914.0,2023-01-07,9.0
2020-05-07,,,,,,,,,,,625.639962342484,26.5512732575658,14914.0,2023-01-07,22.0
2020-05-08,,,,,,,,,,,692.0978230016079,36.0779377445025,14914.0,2023-01-07,101.0
2020-05-09,,,,,,,,,,,700.893249973338,38.7584159064491,14914.0,2023-01-07,126.0
2020-05-10,,,,,,,,,,,574.804446811006,31.7858815379159,14914.0,2023-01-07,24.0
2020-05-11,,,,,,,,,,,537.492839866067,26.614155883564898,14914.0,2023-01-07,11.0
2020-05-12,,,,,,,,,,,510.39667483511903,26.995304832035497,14914.0,2023-01-07,13.0
2020-05-13,,,,,,,,,,,469.605649049703,22.1401311486484,14914.0,2023-01-07,3.0
2020-05-14,,,,,,,,,,,448.284664747323,18.9083178974428,14914.0,2023-01-07,14.0
2020-05-15,,,,,,,,,,,412.47627664143096,19.4466972001457,14914.0,2023-01-07,5.0
2020-05-16,,,,,,,,,,,399.35837400266996,13.099585427055098,14914.0,2023-01-07,19.0
2020-05-17,,,,,,,,,,,367.44030507359594,20.690364380201,14914.0,2023-01-07,8.0
2020-05-18,,,,,,,,,,,346.819671616173,7.938161754189321,14914.0,2023-01-07,2.0
2020-05-19,,,,,,,,,,,376.958407330123,18.255410819671102,14914.0,2023-01-07,41.0
2020-05-20,,,,,,,,,,,334.239983781838,10.273693658614699,14914.0,2023-01-07,4.0
2020-05-21,,,,,,,,,,,327.858457938957,10.601820057264,14914.0,2023-01-07,3.0
2020-05-22,,,,,,,,,,,329.292013178652,19.888931337739802,14914.0,2023-01-07,2.0
2020-05-23,,,,,,,,,,,338.715649290265,21.644532386300398,14914.0,2023-01-07,12.0
2020-05-24,,,,,,,,,,,342.024720439433,23.3449839138758,14914.0,2023-01-07,12.0
2020-05-25,,,,,,,,,,,331.903786618874,9.82438361826574,14914.0,2023-01-07,3.0
2020-05-26,,,,,,,,,,,341.485420478741,22.1621413774033,14914.0,2023-01-07,12.0
2020-05-27,,,,,,,,,,,335.728152398493,14.0736569137398,14914.0,2023-01-07,7.0
2020-05-28,,,,,,,,,,,334.36966525162995,15.613982917967501,14914.0,2023-01-07,16.0
2020-05-29,,,,,,,,,,,329.586198385528,20.5465154886451,14914.0,2023-01-07,17.0
2020-05-30,,,,,,,,,,,351.88076999213797,19.8142153949735,14914.0,2023-01-07,47.0
2020-05-31,,,,,,,,,,,341.133901215362,19.9614065030473,14914.0,2023-01-07,22.0
2020-06-01,,,,,,,,,,,321.568367382511,18.3913220367817,14914.0,2023-01-07,9.0
2020-06-02,,,,,,,,,,,328.96012712425,27.802897182217603,14914.0,2023-01-07,18.0
2020-06-03,,,,,,,,,,,346.32106024734804,22.950144602596396,14914.0,2023-01-07,57.0
2020-06-04,,,,,,,,,,,303.435962535383,23.5534024395191,14914.0,2023-01-07,16.0
2020-06-05,,,,,,,,,,,290.108694307986,19.9992176634713,14914.0,2023-01-07,1.0
2020-06-06,,,,,,,,,,,280.843472594126,21.0414135061547,14914.0,2023-01-07,3.0
2020-06-07,,,,,,,,,,,274.974840308787,21.3441841910224,14914.0,2023-01-07,45.0
2020-06-08,,,,,,,,,,,265.062223214794,24.6158170905729,14914.0,2023-01-07,10.0
2020-06-09,,,,,,,,,,,249.081554074095,18.2786080814392,14914.0,2023-01-07,42.0
2020-06-10,,,,,,,,,,,250.027542208823,27.1073879189749,14914.0,2023-01-07,15.0
2020-06-11,,,,,,,,,,,251.21084894670602,26.0396922573029,14914.0,2023-01-07,28.0
2020-06-12,,,,,,,,,,,252.76777172352,29.945715820637197,14914.0,2023-01-07,24.0
2020-06-13,,,,,,,,,,,244.051368250635,23.633154050289196,14914.0,2023-01-07,7.0
2020-06-14,,,,,,,,,,,271.434771130815,26.235999650324302,14914.0,2023-01-07,28.0
2020-06-15,,,,,,,,,,,287.33697810395097,13.103587932790699,14914.0,2023-01-07,7.0
2020-06-16,,,,,,,,,,,323.76271831219503,26.9106602790835,14914.0,2023-01-07,7.0
2020-06-17,,,,,,,,,,,366.44429029098,29.363351889484502,14914.0,2023-01-07,5.0
2020-06-18,,,,,,,,,,,409.947799115667,39.5749988746119,14914.0,2023-01-07,22.0
2020-06-19,,,,,,,,,,,447.672296495002,47.444372845497504,14914.0,2023-01-07,6.0
2020-06-20,,,,,,,,,,,484.82909655189,49.0690201630939,14914.0,2023-01-07,26.0
2020-06-21,,,,,,,,,,,519.1589664321219,40.489119217723,14914.0,2023-01-07,17.0
2020-06-22,,,,,,,,,,,543.857673862272,33.5980765922508,14914.0,2023-01-07,13.0
2020-06-23,,,,,,,,,,,567.46865984895,57.771960441994295,14914.0,2023-01-07,30.0
2020-06-24,,,,,,,,,,,582.771983539511,52.2569351174645,14914.0,2023-01-07,106.0
2020-06-25,,,,,,,,,,,597.835825664057,61.36332233607679,14914.0,2023-01-07,41.0
2020-06-26,,,,,,,,,,,599.435369250212,62.1355033385906,14914.0,2023-01-07,142.0
2020-06-27,,,,,,,,,,,591.8046251920599,62.7899745285993,14914.0,2023-01-07,231.0
2020-06-28,,,,,,,,,,,598.213964741451,53.7862356569493,14914.0,2023-01-07,185.0
2020-06-29,,,,,,,,,,,586.504779762319,41.991375333293,14914.0,2023-01-07,64.0
2020-06-30,,,,,,,,,,,585.541473253739,51.0522083826091,14914.0,2023-01-07,30.0
2020-07-01,,,,,,,,,,,587.4917272354,52.324916464046495,14914.0,2023-01-07,39.0
2020-07-02,,,,,,,,,,,599.734268243854,63.5599219642592,14914.0,2023-01-07,43.0
2020-07-03,,,,,,,,,,,602.122406591952,68.81202306231029,14914.0,2023-01-07,46.0
2020-07-04,,,,,,,,,,,602.789907159997,76.68559879591359,14914.0,2023-01-07,36.0
2020-07-05,,,,,,,,,,,620.2099221727481,72.0876864733774,14914.0,2023-01-07,42.0
2020-07-06,,,,,,,,,,,640.621805255221,62.4201321601325,14914.0,2023-01-07,29.0
2020-07-07,,,,,,,,,,,656.280087060317,86.825050679233,14914.0,2023-01-07,46.0
2020-07-08,,,,,,,,,,,675.902961794382,67.7607349313154,14914.0,2023-01-07,52.0
2020-07-09,,,,,,,,,,,707.153997542846,91.1203824651009,14914.0,2023-01-07,84.0
2020-07-10,,,,,,,,,,,720.0192561458169,100.95063076502,14914.0,2023-01-07,98.0
2020-07-11,,,,,,,,,,,716.945290396485,97.5640952144642,14914.0,2023-01-07,84.0
2020-07-12,,,,,,,,,,,754.6777956418739,93.709754760087,14914.0,2023-01-07,128.0
2020-07-13,,,,,,,,,,,749.160171617157,58.2433369512322,14914.0,2023-01-07,32.0
2020-07-14,,,,,,,,,,,767.722817158676,93.0309272745875,14914.0,2023-01-07,94.0
2020-07-15,,,,,,,,,,,778.6122788891811,87.27768530063992,14914.0,2023-01-07,124.0
2020-07-16,,,,,,,,,,,825.8815692166389,106.949817857177,14914.0,2023-01-07,144.0
2020-07-17,,,,,,,,,,,829.906762951097,117.079045823221,14914.0,2023-01-07,115.0
2020-07-18,,,,,,,,,,,848.972197437281,131.621236842535,14914.0,2023-01-07,172.0
2020-07-19,,,,,,,,,,,882.950664718694,130.229759474231,14914.0,2023-01-07,92.0
2020-07-20,,,,,,,,,,,920.3395465067371,75.03920957734559,14914.0,2023-01-07,27.0
2020-07-21,,,,,,,,,,,964.315798844778,105.579173467302,14914.0,2023-01-07,69.0
2020-07-22,,,,,,,,,,,1016.9213305370401,120.53584334900499,14914.0,2023-01-07,183.0
2020-07-23,,,,,,,,,,,1062.7384144008502,146.10295972723802,14914.0,2023-01-07,113.0
2020-07-24,,,,,,,,,,,1106.7776505008699,141.902274250078,14914.0,2023-01-07,111.0
2020-07-25,,,,,,,,,,,1162.23125356527,139.127843454295,14914.0,2023-01-07,104.0
2020-07-26,,,,,,,,,,,1234.27152530471,132.790189896621,14914.0,2023-01-07,116.0
2020-07-27,,,,,,,,,,,1294.62510041095,142.204267834587,14914.0,2023-01-07,104.0
2020-07-28,,,,,,,,,,,1365.73226449901,149.447660016523,14914.0,2023-01-07,126.0
2020-07-29,,,,,,,,,,,1453.9371960275698,176.184845001816,14914.0,2023-01-07,192.0
2020-07-30,,,,,,,,,,,1535.63254724268,243.62946600043898,14914.0,2023-01-07,341.0
2020-07-31,,,,,,,,,,,1628.35894699836,231.795712925265,14914.0,2023-01-07,131.0
2020-08-01,,,,,,,,,,,1698.5484819906,125.587476551106,14914.0,2023-01-07,147.0
2020-08-02,,,,,,,,,,,1794.7529094877,123.391269219783,14914.0,2023-01-07,159.0
2020-08-03,,,,,,,,,,,1890.54775459768,135.472285937289,14914.0,2023-01-07,80.0
2020-08-04,,,,,,,,,,,1976.23992531344,173.38210012435698,14914.0,2023-01-07,128.0
2020-08-05,,,,,,,,,,,2056.32068253198,227.943104663582,14914.0,2023-01-07,208.0
2020-08-06,,,,,,,,,,,2145.4286236277303,205.05083591841802,14914.0,2023-01-07,315.0
2020-08-07,,,,,,,,,,,2199.77029492971,149.463760865579,14914.0,2023-01-07,133.0
2020-08-08,,,,,,,,,,,2263.2170591240697,156.439895688947,14914.0,2023-01-07,197.0
2020-08-09,,,,,,,,,,,2331.33594043505,174.668839874898,14914.0,2023-01-07,202.0
2020-08-10,,,,,,,,,,,2405.58424166014,282.299354275929,14914.0,2023-01-07,327.0
2020-08-11,,,,,,,,,,,2452.9531080975603,336.22909286262103,14914.0,2023-01-07,285.0
2020-08-12,,,,,,,,,,,2517.90838106397,340.008484905383,14914.0,2023-01-07,499.0
2020-08-13,,,,,,,,,,,2558.38332888775,292.075911762805,14914.0,2023-01-07,371.0
2020-08-14,,,,,,,,,,,2616.23891690941,494.328527963655,14914.0,2023-01-07,633.0
2020-08-15,,,,,,,,,,,2670.08016023773,353.559630103602,14914.0,2023-01-07,359.0
2020-08-16,,,,,,,,,,,2730.86373233525,500.56477303544006,14914.0,2023-01-07,410.0
2020-08-17,,,,,,,,,,,2789.95014044612,392.29845740458,14914.0,2023-01-07,344.0
2020-08-18,,,,,,,,,,,2863.21815860263,539.379464836957,14914.0,2023-01-07,471.0
2020-08-19,,,,,,,,,,,2973.94777018426,493.08305369841105,14914.0,2023-01-07,527.0
2020-08-20,,,,,,,,,,,3026.87604644849,694.014225146883,14914.0,2023-01-07,684.0
2020-08-21,,,,,,,,,,,3109.9546178178302,602.503947093064,14914.0,2023-01-07,719.0
2020-08-22,,,,,,,,,,,3195.14912177213,462.775692172547,14914.0,2023-01-07,438.0
2020-08-23,,,,,,,,,,,3281.0048749972802,378.643641801202,14914.0,2023-01-07,259.0
2020-08-24,,,,,,,,,,,3416.18682191434,498.738226465243,14914.0,2023-01-07,369.0
2020-08-25,,,,,,,,,,,3514.52621768895,473.769813146398,14914.0,2023-01-07,626.0
2020-08-26,,,,,,,,,,,3640.8560665072296,640.547939100013,14914.0,2023-01-07,644.0
2020-08-27,,,,,,,,,,,3750.84611430555,520.014034244737,14914.0,2023-01-07,418.0
2020-08-28,,,,,,,,,,,3869.84016128295,745.363998515365,14914.0,2023-01-07,583.0
2020-08-29,,,,,,,,,,,3977.01251778874,655.077325240243,14914.0,2023-01-07,601.0
2020-08-30,,,,,,,,,,,4064.66239399574,426.175040500149,14914.0,2023-01-07,631.0
2020-08-31,,,,,,,,,,,4125.31142507159,598.451385982399,14914.0,2023-01-07,557.0
2020-09-01,,,,,,,,,,,4188.4844165752,797.0653060496339,14914.0,2023-01-07,676.0
2020-09-02,,,,,,,,,,,4206.916957234529,795.118411058547,14914.0,2023-01-07,800.0
2020-09-03,,,,,,,,,,,4222.08135974832,813.208637360333,14914.0,2023-01-07,821.0
2020-09-04,,,,,,,,,,,4245.1052400074295,658.3878926173339,14914.0,2023-01-07,695.0
2020-09-05,,,,,,,,,,,4261.06765304899,610.012996092667,14914.0,2023-01-07,1217.0
2020-09-06,,,,,,,,,,,4274.44255267715,723.819207104996,14914.0,2023-01-07,615.0
2020-09-07,,,,,,,,,,,4266.4762916131,730.9728907047071,14914.0,2023-01-07,867.0
2020-09-08,,,,,,,,,,,4287.47922015397,799.2160998505921,14914.0,2023-01-07,861.0
2020-09-09,,,,,,,,,,,4285.1902502462,712.93389821083,14914.0,2023-01-07,812.0
2020-09-10,,,,,,,,,,,4286.41400437764,708.978095640569,14914.0,2023-01-07,605.0
2020-09-11,,,,,,,,,,,4291.2923575982895,797.503534721396,14914.0,2023-01-07,881.0
2020-09-12,,,,,,,,,,,4291.30697954967,965.134947372924,14914.0,2023-01-07,813.0
2020-09-13,,,,,,,,,,,4299.67655355687,792.0162990930401,14914.0,2023-01-07,493.0
2020-09-14,,,,,,,,,,,4311.28987615329,681.765590108655,14914.0,2023-01-07,669.0
2020-09-15,,,,,,,,,,,4327.95445463399,827.507915144334,14914.0,2023-01-07,811.0
2020-09-16,,,,,,,,,,,4344.734604839579,939.4763589525411,14914.0,2023-01-07,1121.0
2020-09-17,,,,,,,,,,,4348.86713376091,723.0315706328411,14914.0,2023-01-07,694.0
2020-09-18,,,,,,,,,,,4362.70334508311,914.652502282433,14914.0,2023-01-07,1014.0
2020-09-19,,,,,,,,,,,4377.56021085722,836.9925703877581,14914.0,2023-01-07,888.0
2020-09-20,,,,,,,,,,,4392.53019860698,690.329873874039,14914.0,2023-01-07,505.0
2020-09-21,,,,,,,,,,,4415.16295176899,580.258629838833,14914.0,2023-01-07,740.0
2020-09-22,,,,,,,,,,,4445.51740507872,800.5173730934861,14914.0,2023-01-07,568.0
2020-09-23,,,,,,,,,,,4476.139156358549,823.509227951375,14914.0,2023-01-07,743.0
2020-09-24,,,,,,,,,,,4522.44524180132,769.9364670018409,14914.0,2023-01-07,833.0
2020-09-25,,,,,,,,,,,4529.456057331289,701.96847726231,14914.0,2023-01-07,822.0
2020-09-26,,,,,,,,,,,4538.491179473,848.824902133182,14914.0,2023-01-07,696.0
2020-09-27,,,,,,,,,,,4564.875938784679,754.5147489968359,14914.0,2023-01-07,762.0
2020-09-28,,,,,,,,,,,4574.06793403212,791.477952128226,14914.0,2023-01-07,748.0
2020-09-29,,,,,,,,,,,4576.60894415778,601.476517232764,14914.0,2023-01-07,669.0
2020-09-30,,,,,,,,,,,4572.08842056151,830.816900040026,14914.0,2023-01-07,657.0
2020-10-01,,,,,,,,,,,4558.68208127317,951.410913109913,14914.0,2023-01-07,1041.0
2020-10-02,,,,,,,,,,,4542.481189567539,745.624023730516,14914.0,2023-01-07,885.0
2020-10-03,,,,,,,,,,,4514.02542759519,765.932205784309,14914.0,2023-01-07,768.0
2020-10-04,,,,,,,,,,,4487.25028208474,636.418108641143,14914.0,2023-01-07,730.0
2020-10-05,,,,,,,,,,,4454.93639228569,570.9162270466089,14914.0,2023-01-07,533.0
2020-10-06,,,,,,,,,,,4421.06122894766,785.839468256794,14914.0,2023-01-07,932.0
2020-10-07,,,,,,,,,,,4390.12377438205,853.479678741751,14914.0,2023-01-07,788.0
2020-10-08,,,,,,,,,,,4349.25784648029,810.9776389895881,14914.0,2023-01-07,881.0
2020-10-09,,,,,,,,,,,4314.034776254211,823.63132751763,14914.0,2023-01-07,959.0
2020-10-10,,,,,,,,,,,4277.683465590229,767.144357700379,14914.0,2023-01-07,703.0
2020-10-11,,,,,,,,,,,4252.722641161879,761.703953703051,14914.0,2023-01-07,697.0
2020-10-12,,,,,,,,,,,4221.76906069519,754.2455220323919,14914.0,2023-01-07,669.0
2020-10-13,,,,,,,,,,,4192.74085076695,711.8948073645939,14914.0,2023-01-07,853.0
2020-10-14,,,,,,,,,,,4159.577983444029,777.9575270921209,14914.0,2023-01-07,648.0
2020-10-15,,,,,,,,,,,4123.59577785729,745.817509492733,14914.0,2023-01-07,751.0
2020-10-16,,,,,,,,,,,4081.6427676447206,749.7769257901159,14914.0,2023-01-07,886.0
2020-10-17,,,,,,,,,,,4041.6624537627795,733.057946067346,14914.0,2023-01-07,533.0
2020-10-18,,,,,,,,,,,3992.6299657590002,669.726231567016,14914.0,2023-01-07,709.0
2020-10-19,,,,,,,,,,,3949.2517766879796,563.31632252,14914.0,2023-01-07,728.0
2020-10-20,,,,,,,,,,,3898.8502942126897,729.194150334628,14914.0,2023-01-07,621.0
2020-10-21,,,,,,,,,,,3851.2127976351794,659.826038864963,14914.0,2023-01-07,746.0
2020-10-22,,,,,,,,,,,3807.1746581700895,670.457278129253,14914.0,2023-01-07,707.0
2020-10-23,,,,,,,,,,,3762.8643886860204,666.070753796627,14914.0,2023-01-07,733.0
2020-10-24,,,,,,,,,,,3721.77012664586,690.611133357289,14914.0,2023-01-07,784.0
2020-10-25,,,,,,,,,,,3683.0977101337,583.271088712625,14914.0,2023-01-07,551.0
2020-10-26,,,,,,,,,,,3652.3938826255603,557.224393104108,14914.0,2023-01-07,515.0
2020-10-27,,,,,,,,,,,3626.9130997366206,552.502292158233,14914.0,2023-01-07,448.0
2020-10-28,,,,,,,,,,,3605.0770847759004,635.685660001545,14914.0,2023-01-07,733.0
2020-10-29,,,,,,,,,,,3585.1964730524896,692.758865705072,14914.0,2023-01-07,760.0
2020-10-30,,,,,,,,,,,3569.8899255702295,661.823275963892,14914.0,2023-01-07,546.0
2020-10-31,,,,,,,,,,,3561.02575316693,631.757097002139,14914.0,2023-01-07,589.0
2020-11-01,,,,,,,,,,,3556.33875410323,591.673718844895,14914.0,2023-01-07,546.0
2020-11-02,,,,,,,,,,,3564.44231117709,357.769501411354,14914.0,2023-01-07,425.0
2020-11-03,,,,,,,,,,,3580.40551350161,663.975027636554,14914.0,2023-01-07,472.0
2020-11-04,,,,,,,,,,,3598.6614203538,610.4098035528569,14914.0,2023-01-07,630.0
2020-11-05,,,,,,,,,,,3622.16758080601,634.7920599514,14914.0,2023-01-07,520.0
2020-11-06,,,,,,,,,,,3649.2602204415603,661.266097158996,14914.0,2023-01-07,703.0
2020-11-07,,,,,,,,,,,3686.09863072337,606.5275130100421,14914.0,2023-01-07,460.0
2020-11-08,,,,,,,,,,,3720.89051019552,600.764475003581,14914.0,2023-01-07,648.0
2020-11-09,,,,,,,,,,,3765.4092037103796,587.882077685681,14914.0,2023-01-07,359.0
2020-11-10,,,,,,,,,,,3805.8834336492,539.5607137673651,14914.0,2023-01-07,549.0
2020-11-11,,,,,,,,,,,3844.8808829096997,646.038824341651,14914.0,2023-01-07,609.0
2020-11-12,,,,,,,,,,,3881.4764720591497,640.227770183721,14914.0,2023-01-07,547.0
2020-11-13,,,,,,,,,,,3923.58761492942,706.976439323768,14914.0,2023-01-07,739.0
2020-11-14,,,,,,,,,,,3957.3012701621,640.746089254445,14914.0,2023-01-07,673.0
2020-11-15,,,,,,,,,,,3987.2911264163,403.07268978976504,14914.0,2023-01-07,509.0
2020-11-16,,,,,,,,,,,4003.9284419547203,798.642825981991,14914.0,2023-01-07,525.0
2020-11-17,,,,,,,,,,,4014.86507096421,721.376403777317,14914.0,2023-01-07,758.0
2020-11-18,,,,,,,,,,,4012.1062487924396,745.6189530933129,14914.0,2023-01-07,782.0
2020-11-19,,,,,,,,,,,4006.0850537521796,801.095736616655,14914.0,2023-01-07,856.0
2020-11-20,,,,,,,,,,,4007.5835501573206,633.509225897253,14914.0,2023-01-07,563.0
2020-11-21,,,,,,,,,,,4000.70661780389,684.072542342494,14914.0,2023-01-07,799.0
2020-11-22,,,,,,,,,,,3999.0687350996295,714.685405747298,14914.0,2023-01-07,619.0
2020-11-23,,,,,,,,,,,3986.70086654508,684.400280436117,14914.0,2023-01-07,596.0
2020-11-24,,,,,,,,,,,3961.9031196641204,736.289089360533,14914.0,2023-01-07,819.0
2020-11-25,,,,,,,,,,,3929.5325509717204,758.188350582547,14914.0,2023-01-07,987.0
2020-11-26,,,,,,,,,,,3885.68107767735,854.7000137254421,14914.0,2023-01-07,639.0
2020-11-27,,,,,,,,,,,3837.6923249652,820.428521073475,14914.0,2023-01-07,919.0
2020-11-28,,,,,,,,,,,3790.20109351771,841.702401872467,14914.0,2023-01-07,695.0
2020-11-29,,,,,,,,,,,3752.7952931104205,727.888542989655,14914.0,2023-01-07,775.0
2020-11-30,,,,,,,,,,,3724.47594134521,704.985845318537,14914.0,2023-01-07,518.0
2020-12-01,,,,,,,,,,,3692.77503976098,848.125761459656,14914.0,2023-01-07,1055.0
2020-12-02,,,,,,,,,,,3670.9702780520292,898.0444211086669,14914.0,2023-01-07,1003.0
2020-12-03,,,,,,,,,,,3664.22485356382,922.582704342559,14914.0,2023-01-07,995.0
2020-12-04,,,,,,,,,,,3665.83785634302,914.934768230596,14914.0,2023-01-07,1022.0
2020-12-05,,,,,,,,,,,3684.54353739205,904.4070238706099,14914.0,2023-01-07,714.0
2020-12-06,,,,,,,,,,,3714.39164323872,914.186251555708,14914.0,2023-01-07,707.0
2020-12-07,,,,,,,,,,,3743.7552850613106,884.2655934186309,14914.0,2023-01-07,803.0
2020-12-08,,,,,,,,,,,3768.26424330589,872.972666880717,14914.0,2023-01-07,698.0
2020-12-09,,,,,,,,,,,3790.66723724094,897.0208580120681,14914.0,2023-01-07,725.0
2020-12-10,,,,,,,,,,,3810.1763588250606,912.152117820723,14914.0,2023-01-07,812.0
2020-12-11,,,,,,,,,,,3820.08612191956,922.949939557809,14914.0,2023-01-07,1155.0
2020-12-12,,,,,,,,,,,3828.8527844938203,882.7707929606939,14914.0,2023-01-07,800.0
2020-12-13,,,,,,,,,,,3823.4458765077898,890.8323184128419,14914.0,2023-01-07,669.0
2020-12-14,,,,,,,,,,,3803.8359553946602,819.9737412567401,14914.0,2023-01-07,641.0
2020-12-15,,,,,,,,,,,3768.7366124652294,806.1072333318609,14914.0,2023-01-07,1130.0
2020-12-16,,,,,,,,,,,3734.20555896452,843.154683318352,14914.0,2023-01-07,1086.0
2020-12-17,,,,,,,,,,,3703.6304406250106,816.303099616927,14914.0,2023-01-07,819.0
2020-12-18,,,,,,,,,,,3686.4235358597903,864.20624202725,14914.0,2023-01-07,1268.0
2020-12-19,,,,,,,,,,,3679.2490169740004,838.2931999925529,14914.0,2023-01-07,861.0
2020-12-20,,,,,,,,,,,3672.67882092844,730.9214606559351,14914.0,2023-01-07,632.0
2020-12-21,,,,,,,,,,,3671.97246126516,820.748816151301,14914.0,2023-01-07,823.0
2020-12-22,,,,,,,,,,,3674.67815529986,797.861383222265,14914.0,2023-01-07,932.0
2020-12-23,,,,,,,,,,,3687.9904660588395,796.850243288183,14914.0,2023-01-07,827.0
2020-12-24,,,,,,,,,,,3719.7209938395504,819.8495572546831,14914.0,2023-01-07,958.0
2020-12-25,,,,,,,,,,,3766.4084705242403,889.4081908585301,14914.0,2023-01-07,559.0
2020-12-26,,,,,,,,,,,3842.6992258242103,433.699707754475,14914.0,2023-01-07,274.0
2020-12-27,,,,,,,,,,,3927.6192607254497,536.5372919801471,14914.0,2023-01-07,260.0
2020-12-28,,,,,,,,,,,4016.56191295665,727.59579984785,14914.0,2023-01-07,952.0
2020-12-29,,,,,,,,,,,4103.74593347777,828.9083100202299,14914.0,2023-01-07,762.0
2020-12-30,,,,,,,,,,,4188.69270497188,687.5515337354939,14914.0,2023-01-07,822.0
2020-12-31,,,,,,,,,,,4271.635543706479,857.312312407321,14914.0,2023-01-07,974.0
2021-01-01,,,,,,,,,,,4352.838204882461,832.756084514765,14914.0,2023-01-07,417.0
2021-01-02,,,,,,,,,,,4432.29674379854,311.584088948297,14914.0,2023-01-07,369.0
2021-01-03,,,,,,,,,,,4511.45415552473,379.925658955699,14914.0,2023-01-07,356.0
2021-01-04,,,,,,,,,,,4581.39281797048,736.289826734785,14914.0,2023-01-07,757.0
2021-01-05,,,,,,,,,,,4610.31428762572,813.4631268582001,14914.0,2023-01-07,955.0
2021-01-06,,,,,,,,,,,4609.29451380216,856.862106178473,14914.0,2023-01-07,894.0
2021-01-07,,,,,,,,,,,4581.34287494631,849.595737280063,14914.0,2023-01-07,1161.0
2021-01-08,,,,,,,,,,,4534.294724831359,905.7042161728721,14914.0,2023-01-07,1139.0
2021-01-09,,,,,,,,,,,4465.4071690999,864.3474738320821,14914.0,2023-01-07,1032.0
2021-01-10,,,,,,,,,,,4390.5751053412705,815.458496832641,14914.0,2023-01-07,708.0
2021-01-11,,,,,,,,,,,4309.2136937232,671.052880408905,14914.0,2023-01-07,804.0
2021-01-12,,,,,,,,,,,4219.573617016429,759.35295581426,14914.0,2023-01-07,1058.0
2021-01-13,,,,,,,,,,,4147.64157206751,796.3022626555479,14914.0,2023-01-07,1006.0
2021-01-14,,,,,,,,,,,4095.00770125363,794.9547972828329,14914.0,2023-01-07,1049.0
2021-01-15,,,,,,,,,,,4048.6072755985706,774.552644475444,14914.0,2023-01-07,1152.0
2021-01-16,,,,,,,,,,,4007.02151328267,832.918806176945,14914.0,2023-01-07,860.0
2021-01-17,,,,,,,,,,,3980.9781672435297,764.5288541294949,14914.0,2023-01-07,513.0
2021-01-18,,,,,,,,,,,3962.32845369831,764.2931823543851,14914.0,2023-01-07,428.0
2021-01-19,,,,,,,,,,,3947.23519810906,784.454870046431,14914.0,2023-01-07,774.0
2021-01-20,,,,,,,,,,,3919.2340594483503,824.960627488941,14914.0,2023-01-07,1090.0
2021-01-21,,,,,,,,,,,3888.91614879295,771.3367451635,14914.0,2023-01-07,1074.0
2021-01-22,,,,,,,,,,,3854.31155045517,803.329810918168,14914.0,2023-01-07,852.0
2021-01-23,,,,,,,,,,,3820.2560228873,738.823782512512,14914.0,2023-01-07,714.0
2021-01-24,,,,,,,,,,,3791.4492465783796,678.22584787019,14914.0,2023-01-07,574.0
2021-01-25,,,,,,,,,,,3765.692702267321,637.240195325509,14914.0,2023-01-07,717.0
2021-01-26,,,,,,,,,,,3742.08177358122,727.2839973194231,14914.0,2023-01-07,1031.0
2021-01-27,,,,,,,,,,,3724.5424628866604,776.907211377124,14914.0,2023-01-07,769.0
2021-01-28,,,,,,,,,,,3716.6444493610206,712.299705641347,14914.0,2023-01-07,755.0
2021-01-29,,,,,,,,,,,3722.6035756954207,747.330978725661,14914.0,2023-01-07,970.0
2021-01-30,,,,,,,,,,,3736.45358642435,742.98455477559,14914.0,2023-01-07,664.0
2021-01-31,,,,,,,,,,,3758.3397121546996,745.43790862961,14914.0,2023-01-07,679.0
2021-02-01,,,,,,,,,,,3786.93044601497,787.3812775841529,14914.0,2023-01-07,554.0
2021-02-02,,,,,,,,,,,3813.33424544998,798.197876436917,14914.0,2023-01-07,701.0
2021-02-03,,,,,,,,,,,3843.6744582108204,789.506691092769,14914.0,2023-01-07,747.0
2021-02-04,,,,,,,,,,,3888.75073228311,827.657724194501,14914.0,2023-01-07,794.0
2021-02-05,,,,,,,,,,,3935.8418189672498,854.7854158673081,14914.0,2023-01-07,879.0
2021-02-06,,,,,,,,,,,3998.5410349493604,863.5043522184799,14914.0,2023-01-07,713.0
2021-02-07,,,,,,,,,,,4067.85317728063,755.2898080738071,14914.0,2023-01-07,515.0
2021-02-08,,,,,,,,,,,4146.16637583391,768.893613753741,14914.0,2023-01-07,827.0
2021-02-09,,,,,,,,,,,4209.178129891629,907.116838543745,14914.0,2023-01-07,874.0
2021-02-10,,,,,,,,,,,4273.84359897161,923.433328518219,14914.0,2023-01-07,980.0
2021-02-11,,,,,,,,,,,4340.135203919721,996.806042888692,14914.0,2023-01-07,979.0
2021-02-12,,,,,,,,,,,4404.40153940127,946.980902693385,14914.0,2023-01-07,825.0
2021-02-13,,,,,,,,,,,4478.88490322279,952.009218400351,14914.0,2023-01-07,845.0
2021-02-14,,,,,,,,,,,4563.91444633459,967.027469271176,14914.0,2023-01-07,599.0
2021-02-15,,,,,,,,,,,4649.79053461517,977.1780088182471,14914.0,2023-01-07,1055.0
2021-02-16,,,,,,,,,,,4714.93634610006,1037.10419850904,14914.0,2023-01-07,1122.0
2021-02-17,,,,,,,,,,,4774.31603228918,1090.97170445253,14914.0,2023-01-07,1041.0
2021-02-18,,,,,,,,,,,4828.79181665811,1109.57140532431,14914.0,2023-01-07,1377.0
2021-02-19,,,,,,,,,,,4877.538531472321,1095.6279386774902,14914.0,2023-01-07,1072.0
2021-02-20,,,,,,,,,,,4937.81150249497,1084.4807821670402,14914.0,2023-01-07,1048.0
2021-02-21,,,,,,,,,,,5009.27937571215,1139.38868828046,14914.0,2023-01-07,987.0
2021-02-22,,,,,,,,,,,5087.33512164874,1135.41193748274,14914.0,2023-01-07,941.0
2021-02-23,,,,,,,,,,,5147.73200595647,1166.59999133408,14914.0,2023-01-07,1133.0
2021-02-24,,,,,,,,,,,5218.55406482529,1057.59542269986,14914.0,2023-01-07,1114.0
2021-02-25,,,,,,,,,,,5302.90833078278,1129.52551072923,14914.0,2023-01-07,1291.0
2021-02-26,,,,,,,,,,,5400.53145570762,1174.0888829385801,14914.0,2023-01-07,1416.0
2021-02-27,,,,,,,,,,,5500.7328263449,1183.31369611964,14914.0,2023-01-07,934.0
2021-02-28,,,,,,,,,,,5601.225234790711,1285.8223161619198,14914.0,2023-01-07,937.0
2021-03-01,,,,,,,,,,,5693.603709283871,1289.04487035444,14914.0,2023-01-07,977.0
2021-03-02,,,,,,,,,,,5763.01516220078,1217.56215545744,14914.0,2023-01-07,1086.0
2021-03-03,,,,,,,,,,,5811.5298162893205,1256.3227100652803,14914.0,2023-01-07,1344.0
2021-03-04,,,,,,,,,,,5851.86639136972,1258.52325596095,14914.0,2023-01-07,1444.0
2021-03-05,,,,,,,,,,,5893.8928532892605,1360.18630463902,14914.0,2023-01-07,1511.0
2021-03-06,,,,,,,,,,,5946.92339303088,1376.0450690348,14914.0,2023-01-07,1159.0
2021-03-07,,,,,,,,,,,6008.517044420821,1485.75741783448,14914.0,2023-01-07,1076.0
2021-03-08,,,,,,,,,,,6065.06882390811,1562.6622338873,14914.0,2023-01-07,1823.0
2021-03-09,,,,,,,,,,,6095.02504875755,1705.75752664456,14914.0,2023-01-07,2148.0
2021-03-10,,,,,,,,,,,6116.13413858856,1687.70879360548,14914.0,2023-01-07,2035.0
2021-03-11,,,,,,,,,,,6130.01075048838,1839.7789766877302,14914.0,2023-01-07,1826.0
2021-03-12,,,,,,,,,,,6149.924724788871,1827.8100665670602,14914.0,2023-01-07,1771.0
2021-03-13,,,,,,,,,,,6167.099955752261,1810.2299275134399,14914.0,2023-01-07,1487.0
2021-03-14,,,,,,,,,,,6173.63052874291,1772.3423585748199,14914.0,2023-01-07,947.0
2021-03-15,,,,,,,,,,,6177.34211304679,1858.65501537805,14914.0,2023-01-07,1411.0
2021-03-16,,,,,,,,,,,6163.69362257782,1861.5368581667499,14914.0,2023-01-07,1948.0
2021-03-17,,,,,,,,,,,6139.564046198039,1877.1043651745802,14914.0,2023-01-07,2552.0
2021-03-18,,,,,,,,,,,6107.50763051922,2071.4598305936997,14914.0,2023-01-07,2614.0
2021-03-19,,,,,,,,,,,6065.068476584971,2129.82051262472,14914.0,2023-01-07,2015.0
2021-03-20,,,,,,,,,,,6019.0251234752395,2109.16603842041,14914.0,2023-01-07,2105.0
2021-03-21,,,,,,,,,,,5959.553635618299,2083.2491850003603,14914.0,2023-01-07,1530.0
2021-03-22,,,,,,,,,,,5898.077267571241,2082.1649463445397,14914.0,2023-01-07,2019.0
2021-03-23,,,,,,,,,,,5832.95601795323,2046.1380185143,14914.0,2023-01-07,2053.0
2021-03-24,,,,,,,,,,,5775.4732178226095,2132.09627498979,14914.0,2023-01-07,2692.0
2021-03-25,,,,,,,,,,,5740.76702680904,2037.01244810947,14914.0,2023-01-07,1887.0
2021-03-26,,,,,,,,,,,5729.05319964304,2034.37920973347,14914.0,2023-01-07,2009.0
2021-03-27,,,,,,,,,,,5748.163475815911,2132.06223300705,14914.0,2023-01-07,1905.0
2021-03-28,,,,,,,,,,,5791.19463788276,2169.4812447479603,14914.0,2023-01-07,2063.0
2021-03-29,,,,,,,,,,,5838.7602979017,2067.7469793108603,14914.0,2023-01-07,1799.0
2021-03-30,,,,,,,,,,,5880.74871327565,2198.05093380764,14914.0,2023-01-07,2290.0
2021-03-31,,,,,,,,,,,5915.28896728111,2119.37548126233,14914.0,2023-01-07,1981.0
2021-04-01,,,,,,,,,,,5950.755495074211,2082.07488758399,14914.0,2023-01-07,1632.0
2021-04-02,,,,,,,,,,,5990.3365205645105,2032.03924454006,14914.0,2023-01-07,1619.0
2021-04-03,,,,,,,,,,,6024.569282081679,2033.35441256638,14914.0,2023-01-07,1528.0
2021-04-04,,,,,,,,,,,6045.4676735329,1789.89987199,14914.0,2023-01-07,1832.0
2021-04-05,,,,,,,,,,,6050.69963475061,1834.2687399319398,14914.0,2023-01-07,1497.0
2021-04-06,,,,,,,,,,,6040.51352415187,1786.47290567371,14914.0,2023-01-07,2107.0
2021-04-07,,,,,,,,,,,6017.6296278059,2010.7486248591001,14914.0,2023-01-07,2415.0
2021-04-08,,,,,,,,,,,5997.4142221259,2034.44013926184,14914.0,2023-01-07,2509.0
2021-04-09,,,,,,,,,,,5974.78558534454,2073.6150572618303,14914.0,2023-01-07,2562.0
2021-04-10,,,,,,,,,,,5957.894521868089,2099.1608701672303,14914.0,2023-01-07,1609.0
2021-04-11,,,,,,,,,,,5960.72600468551,2127.41968216863,14914.0,2023-01-07,1554.0
2021-04-12,,,,,,,,,,,5961.24355563032,2238.5457277989103,14914.0,2023-01-07,2261.0
2021-04-13,,,,,,,,,,,5975.23711501574,2202.3593227593697,14914.0,2023-01-07,2615.0
2021-04-14,,,,,,,,,,,5998.203643566,2306.30392123591,14914.0,2023-01-07,2028.0
2021-04-15,,,,,,,,,,,6016.56138920365,2245.3111122014398,14914.0,2023-01-07,2374.0
2021-04-16,,,,,,,,,,,6036.32540666289,2266.7402069031,14914.0,2023-01-07,2290.0
2021-04-17,,,,,,,,,,,6058.3697031803895,2224.65228978097,14914.0,2023-01-07,1560.0
2021-04-18,,,,,,,,,,,6075.70516371075,2162.32032120329,14914.0,2023-01-07,1801.0
2021-04-19,,,,,,,,,,,6079.4351485346,2288.71644431121,14914.0,2023-01-07,2281.0
2021-04-20,,,,,,,,,,,6071.5859527578605,2285.11927560953,14914.0,2023-01-07,2612.0
2021-04-21,,,,,,,,,,,6057.33525449177,2251.54898612486,14914.0,2023-01-07,2671.0
2021-04-22,,,,,,,,,,,6048.72807911457,2248.02938057809,14914.0,2023-01-07,2686.0
2021-04-23,,,,,,,,,,,6046.90380344563,2243.50902746977,14914.0,2023-01-07,2762.0
2021-04-24,,,,,,,,,,,6063.855539154731,2297.91870935658,14914.0,2023-01-07,2219.0
2021-04-25,,,,,,,,,,,6095.80552468705,2263.9120121812102,14914.0,2023-01-07,1797.0
2021-04-26,,,,,,,,,,,6136.833940820071,2234.91553035122,14914.0,2023-01-07,2279.0
2021-04-27,,,,,,,,,,,6169.70521907834,2284.16917738992,14914.0,2023-01-07,2481.0
2021-04-28,,,,,,,,,,,6183.503050007161,2310.88436947523,14914.0,2023-01-07,2368.0
2021-04-29,,,,,,,,,,,6205.54010675824,2299.73680123636,14914.0,2023-01-07,2718.0
2021-04-30,,,,,,,,,,,6241.989273729039,2185.63472448875,14914.0,2023-01-07,2258.0
2021-05-01,,,,,,,,,,,6278.8231579545,2215.57535811596,14914.0,2023-01-07,1951.0
2021-05-02,,,,,,,,,,,6321.5381206127295,2229.30259010874,14914.0,2023-01-07,1521.0
2021-05-03,,,,,,,,,,,6352.8845946528,2222.77347627452,14914.0,2023-01-07,1938.0
2021-05-04,,,,,,,,,,,6378.53658036469,2263.99237708651,14914.0,2023-01-07,2222.0
2021-05-05,,,,,,,,,,,6392.967983219311,2243.26480449295,14914.0,2023-01-07,2319.0
2021-05-06,,,,,,,,,,,6413.07616872783,2269.77163405231,14914.0,2023-01-07,2575.0
2021-05-07,,,,,,,,,,,6439.75459014066,2255.91090702697,14914.0,2023-01-07,2704.0
2021-05-08,,,,,,,,,,,6473.23079794669,2321.34260238488,14914.0,2023-01-07,2079.0
2021-05-09,,,,,,,,,,,6511.05596690625,2321.7594385152397,14914.0,2023-01-07,1492.0
2021-05-10,,,,,,,,,,,6548.02676059911,2302.55369412617,14914.0,2023-01-07,1916.0
2021-05-11,,,,,,,,,,,6582.70744736353,2330.15913831478,14914.0,2023-01-07,2400.0
2021-05-12,,,,,,,,,,,6625.6097804272995,2413.9725901298802,14914.0,2023-01-07,2844.0
2021-05-13,,,,,,,,,,,6672.1038762933995,2359.31956656213,14914.0,2023-01-07,2583.0
2021-05-14,,,,,,,,,,,6728.54929745244,2352.77946588438,14914.0,2023-01-07,2187.0
2021-05-15,,,,,,,,,,,6794.67829397414,2384.22321443394,14914.0,2023-01-07,2111.0
2021-05-16,,,,,,,,,,,6872.21263955743,2433.73527968489,14914.0,2023-01-07,1782.0
2021-05-17,,,,,,,,,,,6936.762006567329,2447.73878483822,14914.0,2023-01-07,2047.0
2021-05-18,,,,,,,,,,,6983.78243443812,2447.2329701672897,14914.0,2023-01-07,2722.0
2021-05-19,,,,,,,,,,,7014.7746677862,2473.77379326934,14914.0,2023-01-07,2795.0
2021-05-20,,,,,,,,,,,7014.45562276966,2491.56985995293,14914.0,2023-01-07,3070.0
2021-05-21,,,,,,,,,,,7000.84884541854,2466.2552181560395,14914.0,2023-01-07,3200.0
2021-05-22,,,,,,,,,,,6968.84090213012,2602.534968162,14914.0,2023-01-07,3290.0
2021-05-23,,,,,,,,,,,6935.97358254553,2648.9318550765197,14914.0,2023-01-07,2521.0
2021-05-24,,,,,,,,,,,6884.65333452541,2751.6054194116305,14914.0,2023-01-07,2737.0
2021-05-25,,,,,,,,,,,6832.83298767777,2745.62360424139,14914.0,2023-01-07,3235.0
2021-05-26,,,,,,,,,,,6767.093251633461,2803.38976456515,14914.0,2023-01-07,3312.0
2021-05-27,,,,,,,,,,,6704.4459638381395,3000.1241039104902,14914.0,2023-01-07,3141.0
2021-05-28,,,,,,,,,,,6642.248546346789,3048.5924496098805,14914.0,2023-01-07,2881.0
2021-05-29,,,,,,,,,,,6570.434016401179,2950.07031007792,14914.0,2023-01-07,2431.0
2021-05-30,,,,,,,,,,,6501.870000153779,3125.29314934989,14914.0,2023-01-07,2078.0
2021-05-31,,,,,,,,,,,6427.50182705,3054.30743017128,14914.0,2023-01-07,2708.0
2021-06-01,,,,,,,,,,,6330.089929774399,2977.21086713963,14914.0,2023-01-07,2864.0
2021-06-02,,,,,,,,,,,6234.33478214289,3043.3919396586302,14914.0,2023-01-07,3206.0
2021-06-03,,,,,,,,,,,6135.7576780275,2996.5367996294603,14914.0,2023-01-07,3298.0
2021-06-04,,,,,,,,,,,6047.79085877212,2949.8299131880894,14914.0,2023-01-07,3487.0
2021-06-05,,,,,,,,,,,5963.184016211421,2947.94163117284,14914.0,2023-01-07,2841.0
2021-06-06,,,,,,,,,,,5886.50331658078,2473.7398330073497,14914.0,2023-01-07,2160.0
2021-06-07,,,,,,,,,,,5782.021780039179,2673.5795980591197,14914.0,2023-01-07,2848.0
2021-06-08,,,,,,,,,,,5679.135762634921,3038.85273540157,14914.0,2023-01-07,3138.0
2021-06-09,,,,,,,,,,,5571.603434895861,2986.1604590821803,14914.0,2023-01-07,3101.0
2021-06-10,,,,,,,,,,,5468.508588655151,2867.87891264939,14914.0,2023-01-07,2775.0
2021-06-11,,,,,,,,,,,5360.34581232024,2784.20641557018,14914.0,2023-01-07,2796.0
2021-06-12,,,,,,,,,,,5257.74999997253,2127.3540194032603,14914.0,2023-01-07,2029.0
2021-06-13,,,,,,,,,,,5159.37254045368,2089.1753038080396,14914.0,2023-01-07,1806.0
2021-06-14,,,,,,,,,,,5067.37662814162,1984.2107567481198,14914.0,2023-01-07,2101.0
2021-06-15,,,,,,,,,,,4983.60861380654,2087.00252644809,14914.0,2023-01-07,2694.0
2021-06-16,,,,,,,,,,,4905.9791725387295,2358.94747805572,14914.0,2023-01-07,2626.0
2021-06-17,,,,,,,,,,,4825.13664127863,2371.9023467950897,14914.0,2023-01-07,2499.0
2021-06-18,,,,,,,,,,,4749.508848701839,2317.32413677445,14914.0,2023-01-07,2155.0
2021-06-19,,,,,,,,,,,4689.29628000339,2177.55151271754,14914.0,2023-01-07,1691.0
2021-06-20,,,,,,,,,,,4636.28136475966,1923.57864619374,14914.0,2023-01-07,1148.0
2021-06-21,,,,,,,,,,,4594.24735820736,1731.77642293303,14914.0,2023-01-07,1506.0
2021-06-22,,,,,,,,,,,4564.056249559861,1847.39574927207,14914.0,2023-01-07,1760.0
2021-06-23,,,,,,,,,,,4542.68939674646,1878.7949586476998,14914.0,2023-01-07,2155.0
2021-06-24,,,,,,,,,,,4520.68486528262,1898.5860732699698,14914.0,2023-01-07,1875.0
2021-06-25,,,,,,,,,,,4509.97946867323,1586.8530994445098,14914.0,2023-01-07,1891.0
2021-06-26,,,,,,,,,,,4494.874920423379,1671.48677285229,14914.0,2023-01-07,1529.0
2021-06-27,,,,,,,,,,,4481.64875782141,1676.0571617637697,14914.0,2023-01-07,1491.0
2021-06-28,,,,,,,,,,,4446.80307688867,1558.2334077219698,14914.0,2023-01-07,1455.0
2021-06-29,,,,,,,,,,,4408.28688648832,1593.0137175653501,14914.0,2023-01-07,1833.0
2021-06-30,,,,,,,,,,,4363.7279887408895,1626.8760019216502,14914.0,2023-01-07,1697.0
2021-07-01,,,,,,,,,,,4305.33276129281,1591.65433371311,14914.0,2023-01-07,1717.0
2021-07-02,,,,,,,,,,,4246.27830703044,1483.8964783478302,14914.0,2023-01-07,1321.0
2021-07-03,,,,,,,,,,,4181.066558958029,1129.81716231661,14914.0,2023-01-07,1228.0
2021-07-04,,,,,,,,,,,4116.1775930475,1021.2238547362,14914.0,2023-01-07,1201.0
2021-07-05,,,,,,,,,,,4049.0278043062394,1014.5769555854699,14914.0,2023-01-07,1145.0
2021-07-06,,,,,,,,,,,3969.4591504000105,1289.1709316339,14914.0,2023-01-07,1490.0
2021-07-07,,,,,,,,,,,3884.6709898600798,1330.40468445578,14914.0,2023-01-07,1440.0
2021-07-08,,,,,,,,,,,3795.8951910040296,1289.2633685593598,14914.0,2023-01-07,1463.0
2021-07-09,,,,,,,,,,,3705.4012404005,1275.9266987863198,14914.0,2023-01-07,1260.0
2021-07-10,,,,,,,,,,,3619.68111523776,1234.6300741321902,14914.0,2023-01-07,1104.0
2021-07-11,,,,,,,,,,,3531.45548930229,1171.69907338235,14914.0,2023-01-07,1095.0
2021-07-12,,,,,,,,,,,3440.01470824773,899.878150483331,14914.0,2023-01-07,1045.0
2021-07-13,,,,,,,,,,,3338.7787156952504,1078.6133817207,14914.0,2023-01-07,1135.0
2021-07-14,,,,,,,,,,,3229.97646223591,1132.00917864157,14914.0,2023-01-07,1160.0
2021-07-15,,,,,,,,,,,3125.9271899932105,1052.36036358041,14914.0,2023-01-07,1153.0
2021-07-16,,,,,,,,,,,3021.78476376925,1011.32391884608,14914.0,2023-01-07,1171.0
2021-07-17,,,,,,,,,,,2928.84336861665,935.3345212166839,14914.0,2023-01-07,1049.0
2021-07-18,,,,,,,,,,,2840.08425643365,689.150616239581,14914.0,2023-01-07,565.0
2021-07-19,,,,,,,,,,,2750.5595695877,664.0927177356659,14914.0,2023-01-07,573.0
2021-07-20,,,,,,,,,,,2662.29927611817,678.7896941871579,14914.0,2023-01-07,709.0
2021-07-21,,,,,,,,,,,2569.71147175971,677.5546365816961,14914.0,2023-01-07,880.0
2021-07-22,,,,,,,,,,,2478.66369967512,634.007924194225,14914.0,2023-01-07,728.0
2021-07-23,,,,,,,,,,,2389.2268273651102,606.938327638495,14914.0,2023-01-07,647.0
2021-07-24,,,,,,,,,,,2304.28302123607,584.601440625027,14914.0,2023-01-07,410.0
2021-07-25,,,,,,,,,,,2221.57729258807,537.7225013169809,14914.0,2023-01-07,425.0
2021-07-26,,,,,,,,,,,2145.73787288042,572.917089690716,14914.0,2023-01-07,565.0
2021-07-27,,,,,,,,,,,2075.94513437361,541.345486466373,14914.0,2023-01-07,594.0
2021-07-28,,,,,,,,,,,2009.4383243308398,532.6831405393241,14914.0,2023-01-07,665.0
2021-07-29,,,,,,,,,,,1948.1339188565,503.64324918247803,14914.0,2023-01-07,542.0
2021-07-30,,,,,,,,,,,1893.8433113764002,381.472525632466,14914.0,2023-01-07,391.0
2021-07-31,,,,,,,,,,,1841.4905224975698,372.991271951216,14914.0,2023-01-07,309.0
2021-08-01,,,,,,,,,,,1788.8865105772898,382.53098525789903,14914.0,2023-01-07,311.0
2021-08-02,,,,,,,,,,,1731.14884729218,362.166479814887,14914.0,2023-01-07,332.0
2021-08-03,,,,,,,,,,,1666.5927278774302,352.103920762416,14914.0,2023-01-07,337.0
2021-08-04,,,,,,,,,,,1597.7962890975198,392.106694731147,14914.0,2023-01-07,427.0
2021-08-05,,,,,,,,,,,1524.2269021438,355.80696663324096,14914.0,2023-01-07,401.0
2021-08-06,,,,,,,,,,,1451.2083556337698,314.36524954466597,14914.0,2023-01-07,348.0
2021-08-07,,,,,,,,,,,1378.01929694344,277.18500860592303,14914.0,2023-01-07,324.0
2021-08-08,,,,,,,,,,,1306.56315981969,252.537573151987,14914.0,2023-01-07,255.0
2021-08-09,,,,,,,,,,,1238.69808823871,231.461450985505,14914.0,2023-01-07,269.0
2021-08-10,,,,,,,,,,,1174.9322941400999,235.41220613849202,14914.0,2023-01-07,291.0
2021-08-11,,,,,,,,,,,1116.15382296266,223.76040890630298,14914.0,2023-01-07,384.0
2021-08-12,,,,,,,,,,,1062.5466989122801,229.81716380327498,14914.0,2023-01-07,227.0
2021-08-13,,,,,,,,,,,1015.12462217524,214.46713018218202,14914.0,2023-01-07,193.0
2021-08-14,,,,,,,,,,,970.169652017998,195.20150154170102,14914.0,2023-01-07,105.0
2021-08-15,,,,,,,,,,,928.6134921002671,174.305612308089,14914.0,2023-01-07,106.0
2021-08-16,,,,,,,,,,,887.170458394801,159.654877728979,14914.0,2023-01-07,147.0
2021-08-17,,,,,,,,,,,845.5753853470089,170.369715565594,14914.0,2023-01-07,181.0
2021-08-18,,,,,,,,,,,804.3440338058859,170.742982711132,14914.0,2023-01-07,199.0
2021-08-19,,,,,,,,,,,764.252251048805,165.554690119673,14914.0,2023-01-07,127.0
2021-08-20,,,,,,,,,,,727.6881882057061,146.168591075655,14914.0,2023-01-07,123.0
2021-08-21,,,,,,,,,,,696.797027081717,139.025582387248,14914.0,2023-01-07,140.0
2021-08-22,,,,,,,,,,,670.749774382217,113.69706419993601,14914.0,2023-01-07,113.0
2021-08-23,,,,,,,,,,,647.351901103742,126.833736778555,14914.0,2023-01-07,113.0
2021-08-24,,,,,,,,,,,624.2149079572409,120.05337675888599,14914.0,2023-01-07,133.0
2021-08-25,,,,,,,,,,,601.050787304528,115.63212938993401,14914.0,2023-01-07,145.0
2021-08-26,,,,,,,,,,,579.0303750729651,108.458298229119,14914.0,2023-01-07,91.0
2021-08-27,,,,,,,,,,,559.610645640409,103.872882108722,14914.0,2023-01-07,92.0
2021-08-28,,,,,,,,,,,544.063135869335,100.83333962414801,14914.0,2023-01-07,62.0
2021-08-29,,,,,,,,,,,529.497380778426,63.4471391820432,14914.0,2023-01-07,43.0
2021-08-30,,,,,,,,,,,517.497630969854,67.3170081088619,14914.0,2023-01-07,51.0
2021-08-31,,,,,,,,,,,505.859510779614,70.2787144155513,14914.0,2023-01-07,73.0
2021-09-01,,,,,,,,,,,494.399146622512,70.3201056199253,14914.0,2023-01-07,86.0
2021-09-02,,,,,,,,,,,482.913383385632,71.19886695319079,14914.0,2023-01-07,102.0
2021-09-03,,,,,,,,,,,472.48982228525,69.5257060347477,14914.0,2023-01-07,83.0
2021-09-04,,,,,,,,,,,463.340501948958,66.9213170025842,14914.0,2023-01-07,45.0
2021-09-05,,,,,,,,,,,455.057364727603,65.7249647531379,14914.0,2023-01-07,40.0
2021-09-06,,,,,,,,,,,447.026319237426,64.668406378909,14914.0,2023-01-07,39.0
2021-09-07,,,,,,,,,,,437.845211968059,61.261341272289705,14914.0,2023-01-07,55.0
2021-09-08,,,,,,,,,,,426.490122853313,61.475619810145105,14914.0,2023-01-07,85.0
2021-09-09,,,,,,,,,,,413.080812760629,59.7338475593266,14914.0,2023-01-07,71.0
2021-09-10,,,,,,,,,,,398.15238992241206,56.9071903321895,14914.0,2023-01-07,75.0
2021-09-11,,,,,,,,,,,382.16920206882105,54.06949927303061,14914.0,2023-01-07,50.0
2021-09-12,,,,,,,,,,,365.768481406616,50.3062996245016,14914.0,2023-01-07,34.0
2021-09-13,,,,,,,,,,,349.194985273993,48.047131729599,14914.0,2023-01-07,49.0
2021-09-14,,,,,,,,,,,332.861848531291,47.6331261362527,14914.0,2023-01-07,51.0
2021-09-15,,,,,,,,,,,317.441382398596,44.59903549424721,14914.0,2023-01-07,70.0
2021-09-16,,,,,,,,,,,305.079887604574,43.1275128044019,14914.0,2023-01-07,63.0
2021-09-17,,,,,,,,,,,296.02117225714,40.868264878659396,14914.0,2023-01-07,56.0
2021-09-18,,,,,,,,,,,286.40833722637,40.6207456277606,14914.0,2023-01-07,42.0
2021-09-19,,,,,,,,,,,280.495524162659,37.8933372415619,14914.0,2023-01-07,28.0
2021-09-20,,,,,,,,,,,275.496504323324,36.4639097901513,14914.0,2023-01-07,15.0
2021-09-21,,,,,,,,,,,270.571905143792,35.4333717396546,14914.0,2023-01-07,30.0
2021-09-22,,,,,,,,,,,265.75939056021195,35.9798756526692,14914.0,2023-01-07,25.0
2021-09-23,,,,,,,,,,,260.810008265544,35.840440907601,14914.0,2023-01-07,31.0
2021-09-24,,,,,,,,,,,256.028827335453,34.1706889745354,14914.0,2023-01-07,29.0
2021-09-25,,,,,,,,,,,251.592837611679,32.9185609040343,14914.0,2023-01-07,26.0
2021-09-26,,,,,,,,,,,247.746253050165,31.821999638147602,14914.0,2023-01-07,24.0
2021-09-27,,,,,,,,,,,243.92730326903998,30.4462194893955,14914.0,2023-01-07,27.0
2021-09-28,,,,,,,,,,,239.521797531517,29.4045877549083,14914.0,2023-01-07,44.0
2021-09-29,,,,,,,,,,,234.46753667295,26.2407331429454,14914.0,2023-01-07,49.0
2021-09-30,,,,,,,,,,,229.512572081294,25.0194715300437,14914.0,2023-01-07,19.0
2021-10-01,,,,,,,,,,,225.115581717109,25.9129483022196,14914.0,2023-01-07,30.0
2021-10-02,,,,,,,,,,,221.375166740501,25.652297762790102,14914.0,2023-01-07,25.0
2021-10-03,,,,,,,,,,,218.188052552287,25.6304584115291,14914.0,2023-01-07,19.0
2021-10-04,,,,,,,,,,,215.121133232256,25.054534848266,14914.0,2023-01-07,20.0
2021-10-05,,,,,,,,,,,211.921266099205,25.4807793101226,14914.0,2023-01-07,28.0
2021-10-06,,,,,,,,,,,208.919180630706,25.8316014365773,14914.0,2023-01-07,38.0
2021-10-07,,,,,,,,,,,206.801589873852,25.071906887691302,14914.0,2023-01-07,43.0
2021-10-08,,,,,,,,,,,205.828226373531,26.3054150420029,14914.0,2023-01-07,56.0
2021-10-09,,,,,,,,,,,206.00463956967,24.2721263432516,14914.0,2023-01-07,33.0
2021-10-10,,,,,,,,,,,207.079790979624,23.9591234212725,14914.0,2023-01-07,21.0
2021-10-11,,,,,,,,,,,208.582116925623,22.9729391996246,14914.0,2023-01-07,25.0
2021-10-12,,,,,,,,,,,210.224222338526,23.962813374177,14914.0,2023-01-07,42.0
2021-10-13,,,,,,,,,,,212.443470858503,25.556062853941103,14914.0,2023-01-07,57.0
2021-10-14,,,,,,,,,,,216.96678468398702,25.9725599029421,14914.0,2023-01-07,41.0
2021-10-15,,,,,,,,,,,224.81276770587996,25.572555895634398,14914.0,2023-01-07,37.0
2021-10-16,,,,,,,,,,,234.916435077321,28.259466652465,14914.0,2023-01-07,32.0
2021-10-17,,,,,,,,,,,245.78920917259498,28.2636471347369,14914.0,2023-01-07,27.0
2021-10-18,,,,,,,,,,,256.045130450744,28.3674224413306,14914.0,2023-01-07,44.0
2021-10-19,,,,,,,,,,,265.560228742426,30.1761955945497,14914.0,2023-01-07,52.0
2021-10-20,,,,,,,,,,,274.701042599743,33.7071964376323,14914.0,2023-01-07,55.0
2021-10-21,,,,,,,,,,,283.813664287562,32.1832415366679,14914.0,2023-01-07,53.0
2021-10-22,,,,,,,,,,,292.78170985356,35.444212042459895,14914.0,2023-01-07,60.0
2021-10-23,,,,,,,,,,,301.168345967773,34.774047852413204,14914.0,2023-01-07,40.0
2021-10-24,,,,,,,,,,,309.331862650113,36.154702784809,14914.0,2023-01-07,38.0
2021-10-25,,,,,,,,,,,316.822102745762,36.46924263007371,14914.0,2023-01-07,50.0
2021-10-26,,,,,,,,,,,323.81352002616,37.388746166082704,14914.0,2023-01-07,111.0
2021-10-27,,,,,,,,,,,330.625082066515,40.4917101437711,14914.0,2023-01-07,136.0
2021-10-28,,,,,,,,,,,337.18935837852797,39.4106864062866,14914.0,2023-01-07,92.0
2021-10-29,,,,,,,,,,,343.721988620702,42.37815587403429,14914.0,2023-01-07,52.0
2021-10-30,,,,,,,,,,,350.345337498933,41.44394340264029,14914.0,2023-01-07,52.0
2021-10-31,,,,,,,,,,,356.77104817377403,41.867682195281,14914.0,2023-01-07,54.0
2021-11-01,,,,,,,,,,,362.627553190105,42.640454234151,14914.0,2023-01-07,49.0
2021-11-02,,,,,,,,,,,367.60152065265,40.835755952024705,14914.0,2023-01-07,49.0
2021-11-03,,,,,,,,,,,371.91840686393,44.7402320435765,14914.0,2023-01-07,55.0
2021-11-04,,,,,,,,,,,376.046998554142,46.3415023763386,14914.0,2023-01-07,41.0
2021-11-05,,,,,,,,,,,379.893230177462,46.10158911896979,14914.0,2023-01-07,50.0
2021-11-06,,,,,,,,,,,382.94918344495795,47.237024601327,14914.0,2023-01-07,38.0
2021-11-07,,,,,,,,,,,385.375938109588,45.769450385468396,14914.0,2023-01-07,48.0
2021-11-08,,,,,,,,,,,387.145653005224,44.747028455559395,14914.0,2023-01-07,53.0
2021-11-09,,,,,,,,,,,388.17401527683296,46.170334699419406,14914.0,2023-01-07,54.0
2021-11-10,,,,,,,,,,,388.935972947627,46.970343923394005,14914.0,2023-01-07,55.0
2021-11-11,,,,,,,,,,,389.970799423987,47.4391178866736,14914.0,2023-01-07,55.0
2021-11-12,,,,,,,,,,,391.785529522924,47.7749579577351,14914.0,2023-01-07,51.0
2021-11-13,,,,,,,,,,,394.80883999401703,48.746251904852706,14914.0,2023-01-07,49.0
2021-11-14,,,,,,,,,,,398.728474552277,49.4407101247802,14914.0,2023-01-07,45.0
2021-11-15,,,,,,,,,,,402.52610841929,47.782599211252005,14914.0,2023-01-07,46.0
2021-11-16,,,,,,,,,,,405.645198024809,47.8661242858078,14914.0,2023-01-07,56.0
2021-11-17,,,,,,,,,,,407.53032479458506,48.712507553090404,14914.0,2023-01-07,50.0
2021-11-18,,,,,,,,,,,408.312254602788,48.541583594777094,14914.0,2023-01-07,37.0
2021-11-19,,,,,,,,,,,408.444542145124,49.1341736661905,14914.0,2023-01-07,52.0
2021-11-20,,,,,,,,,,,408.73055798280996,49.577095643598604,14914.0,2023-01-07,44.0
2021-11-21,,,,,,,,,,,409.058724290924,48.967413311403504,14914.0,2023-01-07,43.0
2021-11-22,,,,,,,,,,,408.86410588468397,48.294134429575,14914.0,2023-01-07,49.0
2021-11-23,,,,,,,,,,,407.949864108115,50.4644814768871,14914.0,2023-01-07,58.0
2021-11-24,,,,,,,,,,,405.96499435906304,56.5653264621673,14914.0,2023-01-07,64.0
2021-11-25,,,,,,,,,,,402.497644738061,57.13209309804171,14914.0,2023-01-07,84.0
2021-11-26,,,,,,,,,,,397.37048389273696,60.00698682740379,14914.0,2023-01-07,72.0
2021-11-27,,,,,,,,,,,391.35602814075503,60.8990269530132,14914.0,2023-01-07,53.0
2021-11-28,,,,,,,,,,,385.250028984854,56.6441106616951,14914.0,2023-01-07,48.0
2021-11-29,,,,,,,,,,,379.39257312077103,55.2789476508395,14914.0,2023-01-07,45.0
2021-11-30,,,,,,,,,,,373.483508868143,57.83901836708979,14914.0,2023-01-07,57.0
2021-12-01,,,,,,,,,,,368.65036694030294,59.6689012901541,14914.0,2023-01-07,63.0
2021-12-02,,,,,,,,,,,365.936347129755,57.8463428388758,14914.0,2023-01-07,78.0
2021-12-03,,,,,,,,,,,365.64770724624395,60.081790648945294,14914.0,2023-01-07,61.0
2021-12-04,,,,,,,,,,,368.06681318651,60.1848289122773,14914.0,2023-01-07,56.0
2021-12-05,,,,,,,,,,,372.68594261305395,62.47206811339171,14914.0,2023-01-07,57.0
2021-12-06,,,,,,,,,,,378.020869843895,61.5531473232757,14914.0,2023-01-07,56.0
2021-12-07,,,,,,,,,,,383.085568792885,68.4840706227546,14914.0,2023-01-07,53.0
2021-12-08,,,,,,,,,,,388.411965399282,67.4300169870583,14914.0,2023-01-07,43.0
2021-12-09,,,,,,,,,,,394.61328546144097,68.6635829381769,14914.0,2023-01-07,58.0
2021-12-10,,,,,,,,,,,402.024148169206,71.71017854778859,14914.0,2023-01-07,71.0
2021-12-11,,,,,,,,,,,411.17135575506796,71.8017029100358,14914.0,2023-01-07,57.0
2021-12-12,,,,,,,,,,,421.57688572211197,74.8870739201106,14914.0,2023-01-07,49.0
2021-12-13,,,,,,,,,,,433.08619330916605,72.3497486106061,14914.0,2023-01-07,74.0
2021-12-14,,,,,,,,,,,445.619721175637,79.3601102915309,14914.0,2023-01-07,100.0
2021-12-15,,,,,,,,,,,461.52365671051695,74.0407757262452,14914.0,2023-01-07,79.0
2021-12-16,,,,,,,,,,,483.539904762991,76.9911444111764,14914.0,2023-01-07,93.0
2021-12-17,,,,,,,,,,,513.905994832283,83.1208389642471,14914.0,2023-01-07,81.0
2021-12-18,,,,,,,,,,,558.436084275134,94.37271424344108,14914.0,2023-01-07,56.0
2021-12-19,,,,,,,,,,,616.858650575625,98.0772939423906,14914.0,2023-01-07,49.0
2021-12-20,,,,,,,,,,,682.18606095016,107.09492045351,14914.0,2023-01-07,73.0
2021-12-21,,,,,,,,,,,752.0095678779761,120.470260758986,14914.0,2023-01-07,90.0
2021-12-22,,,,,,,,,,,825.7519411640241,139.829956293227,14914.0,2023-01-07,103.0
2021-12-23,,,,,,,,,,,906.716105698142,157.46142016965598,14914.0,2023-01-07,135.0
2021-12-24,,,,,,,,,,,996.86576665286,173.456844380589,14914.0,2023-01-07,103.0
2021-12-25,,,,,,,,,,,1100.80403573741,192.23032740458999,14914.0,2023-01-07,106.0
2021-12-26,,,,,,,,,,,1222.37499584025,210.819648532027,14914.0,2023-01-07,107.0
2021-12-27,,,,,,,,,,,1356.24559447868,240.609823960918,14914.0,2023-01-07,236.0
2021-12-28,,,,,,,,,,,1496.5236385276098,278.032833474915,14914.0,2023-01-07,281.0
2021-12-29,,,,,,,,,,,1646.22168462095,324.759128857892,14914.0,2023-01-07,286.0
2021-12-30,,,,,,,,,,,1802.5884268065,480.21253538380404,14914.0,2023-01-07,1039.0
2021-12-31,,,,,,,,,,,1969.74926386657,579.673240176221,14914.0,2023-01-07,920.0
2022-01-01,,,,,,,,,,,2146.9956418799698,539.04037940631,14914.0,2023-01-07,325.0
2022-01-02,,,,,,,,,,,2333.35663123266,596.840383940165,14914.0,2023-01-07,599.0
2022-01-03,,,,,,,,,,,2525.79582730844,674.39346288462,14914.0,2023-01-07,600.0
2022-01-04,,,,,,,,,,,2722.32311788388,742.607993395577,14914.0,2023-01-07,951.0
2022-01-05,,,,,,,,,,,2922.48429767345,842.797965571101,14914.0,2023-01-07,980.0
2022-01-06,,,,,,,,,,,3136.4524095652196,941.5020477749699,14914.0,2023-01-07,1242.0
2022-01-07,,,,,,,,,,,3376.74047014234,1048.59408656668,14914.0,2023-01-07,1693.0
2022-01-08,,,,,,,,,,,3643.6087193784797,1184.32045569365,14914.0,2023-01-07,1360.0
2022-01-09,,,,,,,,,,,3924.15208512591,1867.98066314675,14914.0,2023-01-07,1217.0
2022-01-10,,,,,,,,,,,4203.59279534128,2326.20242600457,14914.0,2023-01-07,3090.0
2022-01-11,,,,,,,,,,,4479.663372563429,2968.1694188585698,14914.0,2023-01-07,2580.0
2022-01-12,,,,,,,,,,,4756.40998413879,3461.57573432801,14914.0,2023-01-07,4066.0
2022-01-13,,,,,,,,,,,5029.29987158068,4040.5879730452098,14914.0,2023-01-07,3432.0
2022-01-14,,,,,,,,,,,5296.9848561710705,3753.43930048008,14914.0,2023-01-07,4203.0
2022-01-15,,,,,,,,,,,5561.0135822270495,3788.86936791114,14914.0,2023-01-07,3115.0
2022-01-16,,,,,,,,,,,5812.442749428101,3759.5824715546796,14914.0,2023-01-07,3891.0
2022-01-17,,,,,,,,,,,6049.49829961942,3672.20330362419,14914.0,2023-01-07,3238.0
2022-01-18,,,,,,,,,,,6287.242643743989,4161.74815459161,14914.0,2023-01-07,5506.0
2022-01-19,,,,,,,,,,,6524.539791624761,4632.71663229304,14914.0,2023-01-07,6852.0
2022-01-20,,,,,,,,,,,6756.598746652479,5032.389956346789,14914.0,2023-01-07,6854.0
2022-01-21,,,,,,,,,,,6966.573423242429,5013.56245507461,14914.0,2023-01-07,5434.0
2022-01-22,,,,,,,,,,,7135.280011201279,4946.37037721627,14914.0,2023-01-07,4012.0
2022-01-23,,,,,,,,,,,7243.95325961662,4678.58544402149,14914.0,2023-01-07,4370.0
2022-01-24,,,,,,,,,,,7282.890857419699,4568.7672247373,14914.0,2023-01-07,5479.0
2022-01-25,,,,,,,,,,,7254.6564254572095,4835.59138448474,14914.0,2023-01-07,5958.0
2022-01-26,,,,,,,,,,,7166.29342703009,5086.96162688222,14914.0,2023-01-07,6041.0
2022-01-27,,,,,,,,,,,7031.55372596486,4985.70857372485,14914.0,2023-01-07,5816.0
2022-01-28,,,,,,,,,,,6865.3221666379795,4712.55978385624,14914.0,2023-01-07,5636.0
2022-01-29,,,,,,,,,,,6677.186003388841,4136.23306916455,14914.0,2023-01-07,5163.0
2022-01-30,,,,,,,,,,,6471.024751265071,3942.8076203795704,14914.0,2023-01-07,6361.0
2022-01-31,,,,,,,,,,,6253.92862955458,3967.3982181006895,14914.0,2023-01-07,6906.0
2022-02-01,,,,,,,,,,,6040.8767692328,4014.4284614877,14914.0,2023-01-07,5730.0
2022-02-02,,,,,,,,,,,5846.3015837289895,4136.85458875867,14914.0,2023-01-07,5170.0
2022-02-03,,,,,,,,,,,5697.180842397729,3889.05555260979,14914.0,2023-01-07,3772.0
2022-02-04,,,,,,,,,,,5596.91963375779,3730.34624430757,14914.0,2023-01-07,3676.0
2022-02-05,,,,,,,,,,,5530.85305484384,3663.2872015269704,14914.0,2023-01-07,3229.0
2022-02-06,,,,,,,,,,,5488.80105082132,3535.89115378142,14914.0,2023-01-07,2981.0
2022-02-07,,,,,,,,,,,5447.04116715863,3038.7540066069,14914.0,2023-01-07,2287.0
2022-02-08,,,,,,,,,,,5391.4147077607895,2758.81017871985,14914.0,2023-01-07,2706.0
2022-02-09,,,,,,,,,,,5328.4985644260905,2553.56788182518,14914.0,2023-01-07,3066.0
2022-02-10,,,,,,,,,,,5258.24672195688,2527.78505056851,14914.0,2023-01-07,2936.0
2022-02-11,,,,,,,,,,,5188.424974882039,2358.15495555275,14914.0,2023-01-07,1920.0
2022-02-12,,,,,,,,,,,5123.38651575218,2289.9608848896,14914.0,2023-01-07,1890.0
2022-02-13,,,,,,,,,,,5057.88023756794,1837.9565028285501,14914.0,2023-01-07,1909.0
2022-02-14,,,,,,,,,,,4997.019913305529,1612.71016304474,14914.0,2023-01-07,1896.0
2022-02-15,,,,,,,,,,,4940.606401841161,1633.4230359451699,14914.0,2023-01-07,2246.0
2022-02-16,,,,,,,,,,,4876.71978012659,1629.00004586137,14914.0,2023-01-07,2173.0
2022-02-17,,,,,,,,,,,4795.798455586189,1619.6563954672501,14914.0,2023-01-07,1744.0
2022-02-18,,,,,,,,,,,4696.65664954484,1132.4033590007598,14914.0,2023-01-07,1305.0
2022-02-19,,,,,,,,,,,4582.02050517034,1063.51908804388,14914.0,2023-01-07,813.0
2022-02-20,,,,,,,,,,,4449.23718399322,963.807541625265,14914.0,2023-01-07,824.0
2022-02-21,,,,,,,,,,,4298.28388238419,829.095595056921,14914.0,2023-01-07,942.0
2022-02-22,,,,,,,,,,,4129.5366383581395,765.343106146288,14914.0,2023-01-07,708.0
2022-02-23,,,,,,,,,,,3952.17418351211,758.106989470578,14914.0,2023-01-07,937.0
2022-02-24,,,,,,,,,,,3775.7410574462297,654.4120396980829,14914.0,2023-01-07,943.0
2022-02-25,,,,,,,,,,,3607.46462283051,604.501220198997,14914.0,2023-01-07,747.0
2022-02-26,,,,,,,,,,,3447.2731257015803,564.47255408824,14914.0,2023-01-07,740.0
2022-02-27,,,,,,,,,,,3296.97347698268,525.9016992036389,14914.0,2023-01-07,770.0
2022-02-28,,,,,,,,,,,3153.14364196034,484.139451432914,14914.0,2023-01-07,448.0
2022-03-01,,,,,,,,,,,3010.41683451086,451.8292372309,14914.0,2023-01-07,421.0
2022-03-02,,,,,,,,,,,2865.9454159177803,470.42963165513703,14914.0,2023-01-07,394.0
2022-03-03,,,,,,,,,,,2724.74182745023,423.99787931773903,14914.0,2023-01-07,415.0
2022-03-04,,,,,,,,,,,2588.19781509694,380.69749484570394,14914.0,2023-01-07,366.0
2022-03-05,,,,,,,,,,,2454.75433113752,355.397256090445,14914.0,2023-01-07,281.0
2022-03-06,,,,,,,,,,,2328.46892886283,324.843569949354,14914.0,2023-01-07,263.0
2022-03-07,,,,,,,,,,,2208.50825438835,279.669071042468,14914.0,2023-01-07,326.0
2022-03-08,,,,,,,,,,,2096.13382967003,282.809763524514,14914.0,2023-01-07,416.0
2022-03-09,,,,,,,,,,,1993.19231740572,318.620051962532,14914.0,2023-01-07,420.0
2022-03-10,,,,,,,,,,,1900.1691503878699,276.203144451481,14914.0,2023-01-07,370.0
2022-03-11,,,,,,,,,,,1816.38617482409,225.011432900691,14914.0,2023-01-07,276.0
2022-03-12,,,,,,,,,,,1740.9920492037197,215.058926739296,14914.0,2023-01-07,113.0
2022-03-13,,,,,,,,,,,1671.1398532949402,206.038099204626,14914.0,2023-01-07,116.0
2022-03-14,,,,,,,,,,,1604.37640432548,197.806703074081,14914.0,2023-01-07,175.0
2022-03-15,,,,,,,,,,,1537.6909316182098,189.58492078932701,14914.0,2023-01-07,233.0
2022-03-16,,,,,,,,,,,1473.32463366352,179.74611921561,14914.0,2023-01-07,216.0
2022-03-17,,,,,,,,,,,1412.6731625860598,189.034987455522,14914.0,2023-01-07,138.0
2022-03-18,,,,,,,,,,,1354.80087177502,192.698027591717,14914.0,2023-01-07,216.0
2022-03-19,,,,,,,,,,,1297.7673257612598,168.285373096042,14914.0,2023-01-07,130.0
2022-03-20,,,,,,,,,,,1240.1599171455,140.848781324799,14914.0,2023-01-07,132.0
2022-03-21,,,,,,,,,,,1180.4440358486,122.78327410257499,14914.0,2023-01-07,170.0
2022-03-22,,,,,,,,,,,1115.8471071431402,124.947521085812,14914.0,2023-01-07,166.0
2022-03-23,,,,,,,,,,,1048.3034988865302,123.514475325403,14914.0,2023-01-07,115.0
2022-03-24,,,,,,,,,,,980.635293435771,120.040990062366,14914.0,2023-01-07,138.0
2022-03-25,,,,,,,,,,,913.173128445167,108.722495274564,14914.0,2023-01-07,90.0
2022-03-26,,,,,,,,,,,845.445432056207,97.56844306371809,14914.0,2023-01-07,75.0
2022-03-27,,,,,,,,,,,778.3279272825459,82.9966894443693,14914.0,2023-01-07,69.0
2022-03-28,,,,,,,,,,,713.573000646662,71.3664678266477,14914.0,2023-01-07,99.0
2022-03-29,,,,,,,,,,,650.963671651203,69.9958123582401,14914.0,2023-01-07,136.0
2022-03-30,,,,,,,,,,,590.992109670769,68.34287656081959,14914.0,2023-01-07,112.0
2022-03-31,,,,,,,,,,,533.824662284926,66.1294684155431,14914.0,2023-01-07,65.0
2022-04-01,,,,,,,,,,,481.58697653654997,61.379130030114005,14914.0,2023-01-07,61.0
2022-04-02,,,,,,,,,,,439.452300331555,51.699982192140105,14914.0,2023-01-07,34.0
2022-04-03,,,,,,,,,,,404.84767710044997,47.246958830455,14914.0,2023-01-07,18.0
2022-04-04,,,,,,,,,,,375.19734152499603,40.8562186889996,14914.0,2023-01-07,25.0
2022-04-05,,,,,,,,,,,350.117096300237,39.7017638478838,14914.0,2023-01-07,40.0
2022-04-06,,,,,,,,,,,330.440566796344,38.9140927346817,14914.0,2023-01-07,37.0
2022-04-07,,,,,,,,,,,317.53903311304697,38.2733181261865,14914.0,2023-01-07,37.0
2022-04-08,,,,,,,,,,,310.45976698212297,37.89443530926339,14914.0,2023-01-07,39.0
2022-04-09,,,,,,,,,,,307.408795955591,31.2961931751346,14914.0,2023-01-07,46.0
2022-04-10,,,,,,,,,,,307.383018654305,31.293568880022804,14914.0,2023-01-07,23.0
2022-04-11,,,,,,,,,,,309.153638444841,30.4565496479019,14914.0,2023-01-07,21.0
2022-04-12,,,,,,,,,,,311.624329347629,32.5806074452352,14914.0,2023-01-07,16.0
2022-04-13,,,,,,,,,,,315.512092394289,32.2342285899291,14914.0,2023-01-07,37.0
2022-04-14,,,,,,,,,,,321.067094566301,33.3764855559095,14914.0,2023-01-07,29.0
2022-04-15,,,,,,,,,,,326.329809083603,30.600409359721798,14914.0,2023-01-07,7.0
2022-04-16,,,,,,,,,,,331.028311860282,32.710714894820796,14914.0,2023-01-07,10.0
2022-04-17,,,,,,,,,,,334.931476022117,24.041759131865,14914.0,2023-01-07,12.0
2022-04-18,,,,,,,,,,,337.347137391567,26.206333406469803,14914.0,2023-01-07,31.0
2022-04-19,,,,,,,,,,,337.103648604359,24.384848240775398,14914.0,2023-01-07,47.0
2022-04-20,,,,,,,,,,,334.986320064403,26.801682330100498,14914.0,2023-01-07,34.0
2022-04-21,,,,,,,,,,,331.30159272952005,27.416244598607804,14914.0,2023-01-07,28.0
2022-04-22,,,,,,,,,,,326.163122768514,25.4973210651692,14914.0,2023-01-07,36.0
2022-04-23,,,,,,,,,,,320.384002386592,26.161349412993196,14914.0,2023-01-07,20.0
2022-04-24,,,,,,,,,,,314.489344864152,22.7490120015096,14914.0,2023-01-07,21.0
2022-04-25,,,,,,,,,,,308.428477668669,21.3003372530618,14914.0,2023-01-07,39.0
2022-04-26,,,,,,,,,,,302.645710268524,21.9669308376565,14914.0,2023-01-07,33.0
2022-04-27,,,,,,,,,,,299.172896998469,22.7087484178236,14914.0,2023-01-07,22.0
2022-04-28,,,,,,,,,,,299.90406298032,23.224120744071197,14914.0,2023-01-07,22.0
2022-04-29,,,,,,,,,,,306.068980233744,24.469356106069302,14914.0,2023-01-07,31.0
2022-04-30,,,,,,,,,,,315.8113984745,23.7971375597681,14914.0,2023-01-07,21.0
2022-05-01,,,,,,,,,,,327.110430425033,24.7289186091816,14914.0,2023-01-07,5.0
2022-05-02,,,,,,,,,,,338.435709101614,24.272409958892002,14914.0,2023-01-07,24.0
2022-05-03,,,,,,,,,,,348.415711023845,24.0618901509012,14914.0,2023-01-07,19.0
2022-05-04,,,,,,,,,,,357.900676182937,26.0878024718208,14914.0,2023-01-07,18.0
2022-05-05,,,,,,,,,,,367.780307988636,26.853266273494,14914.0,2023-01-07,18.0
2022-05-06,,,,,,,,,,,379.71276013832494,42.0011277042559,14914.0,2023-01-07,34.0
2022-05-07,,,,,,,,,,,395.68184891436204,43.7206029059575,14914.0,2023-01-07,28.0
2022-05-08,,,,,,,,,,,414.707799007185,43.2592194765128,14914.0,2023-01-07,21.0
2022-05-09,,,,,,,,,,,434.05942337168403,43.255658948512895,14914.0,2023-01-07,53.0
2022-05-10,,,,,,,,,,,453.928197401576,42.237476362608106,14914.0,2023-01-07,62.0
2022-05-11,,,,,,,,,,,476.119685071521,43.9293648205065,14914.0,2023-01-07,82.0
2022-05-12,,,,,,,,,,,502.081301888451,46.929736768564396,14914.0,2023-01-07,45.0
2022-05-13,,,,,,,,,,,533.223540571984,46.9429367925719,14914.0,2023-01-07,35.0
2022-05-14,,,,,,,,,,,570.251327537466,49.2696137389132,14914.0,2023-01-07,32.0
2022-05-15,,,,,,,,,,,611.336789368186,50.66449165197211,14914.0,2023-01-07,18.0
2022-05-16,,,,,,,,,,,652.980628227349,52.2039688904687,14914.0,2023-01-07,42.0
2022-05-17,,,,,,,,,,,693.1022589062339,57.4407989524232,14914.0,2023-01-07,51.0
2022-05-18,,,,,,,,,,,733.21836400032,67.9600319862221,14914.0,2023-01-07,74.0
2022-05-19,,,,,,,,,,,774.62993926229,61.929489946208,14914.0,2023-01-07,89.0
2022-05-20,,,,,,,,,,,818.532103025354,64.88901698518539,14914.0,2023-01-07,72.0
2022-05-21,,,,,,,,,,,864.78304200992,68.3440130283971,14914.0,2023-01-07,26.0
2022-05-22,,,,,,,,,,,913.7601355109359,69.1346244823781,14914.0,2023-01-07,57.0
2022-05-23,,,,,,,,,,,963.3897758927199,71.4683518415999,14914.0,2023-01-07,76.0
2022-05-24,,,,,,,,,,,1016.1522706472301,74.75707110929271,14914.0,2023-01-07,92.0
2022-05-25,,,,,,,,,,,1077.24161339644,82.09874693206899,14914.0,2023-01-07,124.0
2022-05-26,,,,,,,,,,,1157.01537079783,86.8283760353003,14914.0,2023-01-07,122.0
2022-05-27,,,,,,,,,,,1261.54373227386,90.32144014707359,14914.0,2023-01-07,105.0
2022-05-28,,,,,,,,,,,1392.3734843400302,103.72043248670799,14914.0,2023-01-07,67.0
2022-05-29,,,,,,,,,,,1548.25205976004,109.892499716828,14914.0,2023-01-07,61.0
2022-05-30,,,,,,,,,,,1721.0896857278399,119.818962872774,14914.0,2023-01-07,97.0
2022-05-31,,,,,,,,,,,1896.2338361446698,142.536188424617,14914.0,2023-01-07,121.0
2022-06-01,,,,,,,,,,,2060.76245804457,157.05484584529,14914.0,2023-01-07,129.0
2022-06-02,,,,,,,,,,,2214.63315475686,170.140259996908,14914.0,2023-01-07,131.0
2022-06-03,,,,,,,,,,,2363.36635441426,185.765303906528,14914.0,2023-01-07,160.0
2022-06-04,,,,,,,,,,,2511.85324634612,197.590374276846,14914.0,2023-01-07,87.0
2022-06-05,,,,,,,,,,,2656.41807871917,204.810306465673,14914.0,2023-01-07,180.0
2022-06-06,,,,,,,,,,,2787.76659085974,210.749785744192,14914.0,2023-01-07,219.0
2022-06-07,,,,,,,,,,,2890.17378507182,226.11201794252997,14914.0,2023-01-07,389.0
2022-06-08,,,,,,,,,,,2966.90007001907,266.937333945893,14914.0,2023-01-07,459.0
2022-06-09,,,,,,,,,,,3040.26531349448,239.52898820369998,14914.0,2023-01-07,488.0
2022-06-10,,,,,,,,,,,3116.98441438284,250.90756519779598,14914.0,2023-01-07,560.0
2022-06-11,,,,,,,,,,,3206.92786234384,280.383060670296,14914.0,2023-01-07,417.0
2022-06-12,,,,,,,,,,,3309.72373635788,289.370547454382,14914.0,2023-01-07,228.0
2022-06-13,,,,,,,,,,,3420.6236974904305,301.552690685829,14914.0,2023-01-07,231.0
2022-06-14,,,,,,,,,,,3538.52683808329,263.591297981219,14914.0,2023-01-07,284.0
2022-06-15,,,,,,,,,,,3660.3284236951704,326.449704705466,14914.0,2023-01-07,335.0
2022-06-16,,,,,,,,,,,3787.9844221356298,337.37661190238,14914.0,2023-01-07,373.0
2022-06-17,,,,,,,,,,,3923.52546554524,366.733468484565,14914.0,2023-01-07,374.0
2022-06-18,,,,,,,,,,,4076.30866000243,372.660224762615,14914.0,2023-01-07,305.0
2022-06-19,,,,,,,,,,,4240.18906628899,697.942296636564,14914.0,2023-01-07,305.0
2022-06-20,,,,,,,,,,,4402.9124526307005,724.7268414302721,14914.0,2023-01-07,551.0
2022-06-21,,,,,,,,,,,4563.42788745277,750.887278030927,14914.0,2023-01-07,870.0
2022-06-22,,,,,,,,,,,4716.41955480864,769.323011030697,14914.0,2023-01-07,977.0
2022-06-23,,,,,,,,,,,4866.66164106596,808.563281365061,14914.0,2023-01-07,940.0
2022-06-24,,,,,,,,,,,5013.450573743789,828.944576588206,14914.0,2023-01-07,872.0
2022-06-25,,,,,,,,,,,5154.828184332229,857.3227758046879,14914.0,2023-01-07,781.0
2022-06-26,,,,,,,,,,,5286.22111513698,833.5112536384289,14914.0,2023-01-07,877.0
2022-06-27,,,,,,,,,,,5404.123354466629,1602.35306350818,14914.0,2023-01-07,1285.0
2022-06-28,,,,,,,,,,,5512.4004420703295,1371.86916034506,14914.0,2023-01-07,1591.0
2022-06-29,,,,,,,,,,,5625.676700384821,1892.41143026499,14914.0,2023-01-07,1940.0
2022-06-30,,,,,,,,,,,5737.195022834,1742.01599394509,14914.0,2023-01-07,2474.0
2022-07-01,,,,,,,,,,,5842.468126561489,1783.43511621005,14914.0,2023-01-07,2190.0
2022-07-02,,,,,,,,,,,5939.555661191229,1814.0323438931302,14914.0,2023-01-07,1295.0
2022-07-03,,,,,,,,,,,6020.16837119032,1762.5387530849398,14914.0,2023-01-07,2172.0
2022-07-04,,,,,,,,,,,6077.05826443806,1751.5384851075198,14914.0,2023-01-07,1510.0
2022-07-05,,,,,,,,,,,6102.55744294962,1836.8126745984302,14914.0,2023-01-07,2143.0
2022-07-06,,,,,,,,,,,6085.28449529922,2261.9378918332395,14914.0,2023-01-07,2480.0
2022-07-07,,,,,,,,,,,6019.90111017693,2335.9256360619897,14914.0,2023-01-07,2615.0
2022-07-08,,,,,,,,,,,5911.173751862249,2393.9112876452105,14914.0,2023-01-07,2472.0
2022-07-09,,,,,,,,,,,5768.84144152375,1731.69406745012,14914.0,2023-01-07,1599.0
2022-07-10,,,,,,,,,,,5613.20470991125,1353.3907931886802,14914.0,2023-01-07,1335.0
2022-07-11,,,,,,,,,,,5459.5275092693,1047.86273227696,14914.0,2023-01-07,2223.0
2022-07-12,,,,,,,,,,,5321.60001721885,1926.72807712779,14914.0,2023-01-07,1496.0
2022-07-13,,,,,,,,,,,5208.93206270877,1942.2589483427398,14914.0,2023-01-07,2106.0
2022-07-14,,,,,,,,,,,5111.79249347514,1798.6032571395601,14914.0,2023-01-07,1769.0
2022-07-15,,,,,,,,,,,5023.7374313334,1642.61170168548,14914.0,2023-01-07,2001.0
2022-07-16,,,,,,,,,,,4936.80386292702,1425.56907109241,14914.0,2023-01-07,1453.0
2022-07-17,,,,,,,,,,,4844.75801603962,1172.91822749524,14914.0,2023-01-07,1127.0
2022-07-18,,,,,,,,,,,4742.45478019211,1444.0710413386498,14914.0,2023-01-07,702.0
2022-07-19,,,,,,,,,,,4635.851990412921,1147.8609940272,14914.0,2023-01-07,755.0
2022-07-20,,,,,,,,,,,4523.07165414281,1128.14104016221,14914.0,2023-01-07,891.0
2022-07-21,,,,,,,,,,,4392.77204381209,716.2798172226961,14914.0,2023-01-07,859.0
2022-07-22,,,,,,,,,,,4244.38478285447,668.9950364464839,14914.0,2023-01-07,790.0
2022-07-23,,,,,,,,,,,4089.5032407902204,769.2363140370051,14914.0,2023-01-07,925.0
2022-07-24,,,,,,,,,,,3931.3037177017,489.30990868034104,14914.0,2023-01-07,791.0
2022-07-25,,,,,,,,,,,3767.84804634796,468.96539058492004,14914.0,2023-01-07,555.0
2022-07-26,,,,,,,,,,,3607.3934687664705,725.415592954797,14914.0,2023-01-07,699.0
2022-07-27,,,,,,,,,,,3457.90802355856,452.03120228074897,14914.0,2023-01-07,662.0
2022-07-28,,,,,,,,,,,3318.4798864205395,484.09033947282796,14914.0,2023-01-07,400.0
2022-07-29,,,,,,,,,,,3192.06612168858,444.212456760326,14914.0,2023-01-07,360.0
2022-07-30,,,,,,,,,,,3079.4207743601896,317.549434219459,14914.0,2023-01-07,314.0
2022-07-31,,,,,,,,,,,2982.3126792511894,260.925553044894,14914.0,2023-01-07,231.0
2022-08-01,,,,,,,,,,,2896.6930933878803,280.158779587908,14914.0,2023-01-07,267.0
2022-08-02,,,,,,,,,,,2814.60188832087,401.308346972079,14914.0,2023-01-07,280.0
2022-08-03,,,,,,,,,,,2727.98272841377,336.498399330307,14914.0,2023-01-07,341.0
2022-08-04,,,,,,,,,,,2633.48023309279,316.022147939498,14914.0,2023-01-07,372.0
2022-08-05,,,,,,,,,,,2529.37404774642,279.181592329301,14914.0,2023-01-07,318.0
2022-08-06,,,,,,,,,,,2419.45800747024,248.339050986259,14914.0,2023-01-07,208.0
2022-08-07,,,,,,,,,,,2316.2840713257897,237.74902739026402,14914.0,2023-01-07,206.0
2022-08-08,,,,,,,,,,,2218.9317410183103,122.70382014619301,14914.0,2023-01-07,161.0
2022-08-09,,,,,,,,,,,2120.58748064516,223.730315734217,14914.0,2023-01-07,167.0
2022-08-10,,,,,,,,,,,2013.21489003487,181.983967854268,14914.0,2023-01-07,242.0
2022-08-11,,,,,,,,,,,1895.9118992770102,197.08926013415902,14914.0,2023-01-07,233.0
2022-08-12,,,,,,,,,,,1775.4913069112197,149.952217510633,14914.0,2023-01-07,232.0
2022-08-13,,,,,,,,,,,1663.05257546576,135.291472955871,14914.0,2023-01-07,192.0
2022-08-14,,,,,,,,,,,1566.46669698693,135.247424819891,14914.0,2023-01-07,130.0
2022-08-15,,,,,,,,,,,1479.6852383571697,112.678971704812,14914.0,2023-01-07,73.0
2022-08-16,,,,,,,,,,,1396.47597948834,88.1912799524778,14914.0,2023-01-07,85.0
2022-08-17,,,,,,,,,,,1316.89564894838,117.209578420116,14914.0,2023-01-07,91.0
2022-08-18,,,,,,,,,,,1245.48982802778,110.552747856536,14914.0,2023-01-07,65.0
2022-08-19,,,,,,,,,,,1186.82482100604,82.91822914643541,14914.0,2023-01-07,276.0
2022-08-20,,,,,,,,,,,1149.3021791819501,80.9364108573913,14914.0,2023-01-07,102.0
2022-08-21,,,,,,,,,,,1129.89504897129,79.56971766499609,14914.0,2023-01-07,43.0
2022-08-22,,,,,,,,,,,1127.1367361224302,85.62462189169851,14914.0,2023-01-07,32.0
2022-08-23,,,,,,,,,,,1138.03703760495,112.932762435235,14914.0,2023-01-07,83.0
2022-08-24,,,,,,,,,,,1171.06597230211,101.463989496174,14914.0,2023-01-07,49.0
2022-08-25,,,,,,,,,,,1218.4398751631402,85.0516465556178,14914.0,2023-01-07,93.0
2022-08-26,,,,,,,,,,,1272.76755497605,86.6362915440038,14914.0,2023-01-07,74.0
2022-08-27,,,,,,,,,,,1330.5383735681,76.09691186284691,14914.0,2023-01-07,33.0
2022-08-28,,,,,,,,,,,1390.56989303371,92.4966240708118,14914.0,2023-01-07,36.0
2022-08-29,,,,,,,,,,,1451.4947884967598,55.2651874008881,14914.0,2023-01-07,24.0
2022-08-30,,,,,,,,,,,1504.54086516425,124.41383790213101,14914.0,2023-01-07,99.0
2022-08-31,,,,,,,,,,,1547.6666152156,103.427094427538,14914.0,2023-01-07,75.0
2022-09-01,,,,,,,,,,,1574.15812655771,96.5574560772716,14914.0,2023-01-07,151.0
2022-09-02,,,,,,,,,,,1585.95809509465,87.19971227738449,14914.0,2023-01-07,68.0
2022-09-03,,,,,,,,,,,1585.30133413989,92.16523226415208,14914.0,2023-01-07,106.0
2022-09-04,,,,,,,,,,,1570.4897084101099,90.315190343025,14914.0,2023-01-07,69.0
2022-09-05,,,,,,,,,,,1542.27924000937,49.5643805653722,14914.0,2023-01-07,144.0
2022-09-06,,,,,,,,,,,1501.9665309316501,115.112950085152,14914.0,2023-01-07,123.0
2022-09-07,,,,,,,,,,,1456.70381451026,100.510997910858,14914.0,2023-01-07,96.0
2022-09-08,,,,,,,,,,,1407.02437367802,89.2967139686864,14914.0,2023-01-07,123.0
2022-09-09,,,,,,,,,,,1350.69541536178,77.24974492896641,14914.0,2023-01-07,126.0
2022-09-10,,,,,,,,,,,1291.3520382354,85.8166786560456,14914.0,2023-01-07,147.0
2022-09-11,,,,,,,,,,,1228.5340764015,36.52937124580029,14914.0,2023-01-07,28.0
2022-09-12,,,,,,,,,,,1160.98854173254,34.520964674656895,14914.0,2023-01-07,49.0
2022-09-13,,,,,,,,,,,1091.64244699851,80.31079041353709,14914.0,2023-01-07,42.0
2022-09-14,,,,,,,,,,,1031.20863436256,69.48972614916761,14914.0,2023-01-07,70.0
2022-09-15,,,,,,,,,,,977.1871842294929,48.4482082846541,14914.0,2023-01-07,91.0
2022-09-16,,,,,,,,,,,931.327537819277,41.2711134900051,14914.0,2023-01-07,42.0
2022-09-17,,,,,,,,,,,893.8187758727,39.031584165176604,14914.0,2023-01-07,28.0
2022-09-18,,,,,,,,,,,861.1366358059461,37.604409289074795,14914.0,2023-01-07,35.0
2022-09-19,,,,,,,,,,,828.3127893386411,26.7297337772294,14914.0,2023-01-07,35.0
2022-09-20,,,,,,,,,,,795.0200801901519,56.478389853454196,14914.0,2023-01-07,35.0
2022-09-21,,,,,,,,,,,758.922034585383,47.1690713463659,14914.0,2023-01-07,28.0
2022-09-22,,,,,,,,,,,720.677850960288,40.353453976012396,14914.0,2023-01-07,28.0
2022-09-23,,,,,,,,,,,683.922146438155,35.042484545997894,14914.0,2023-01-07,28.0
2022-09-24,,,,,,,,,,,649.748229441699,22.4315458973616,14914.0,2023-01-07,7.0
2022-09-25,,,,,,,,,,,620.002946143039,18.4352377587183,14914.0,2023-01-07,6.0
2022-09-26,,,,,,,,,,,589.128112922888,17.7538654059309,14914.0,2023-01-07,57.0
2022-09-27,,,,,,,,,,,555.5923538049681,40.155259716254605,14914.0,2023-01-07,40.0
2022-09-28,,,,,,,,,,,523.744291945361,30.6138849895599,14914.0,2023-01-07,57.0
2022-09-29,,,,,,,,,,,493.200488511939,27.865238035029698,14914.0,2023-01-07,40.0
2022-09-30,,,,,,,,,,,466.240010248963,19.8167804545185,14914.0,2023-01-07,21.0
2022-10-01,,,,,,,,,,,443.061633306555,13.0849679034534,14914.0,2023-01-07,0.0
2022-10-02,,,,,,,,,,,422.768013277091,15.736556851217802,14914.0,2023-01-07,6.0
2022-10-03,,,,,,,,,,,403.602050968911,13.5332058859549,14914.0,2023-01-07,0.0
2022-10-04,,,,,,,,,,,383.97452226514,13.0784286543948,14914.0,2023-01-07,6.0
2022-10-05,,,,,,,,,,,364.48837616434304,24.380585348817895,14914.0,2023-01-07,42.0
2022-10-06,,,,,,,,,,,345.52084215916705,20.0876691288364,14914.0,2023-01-07,24.0
2022-10-07,,,,,,,,,,,326.970727653708,14.658230761103802,14914.0,2023-01-07,30.0
2022-10-08,,,,,,,,,,,309.275949946139,14.7399031403775,14914.0,2023-01-07,0.0
2022-10-09,,,,,,,,,,,294.465024357196,11.3465327785481,14914.0,2023-01-07,6.0
2022-10-10,,,,,,,,,,,281.649013442919,7.57845079013926,14914.0,2023-01-07,20.0
2022-10-11,,,,,,,,,,,268.55101794051,16.5903656477175,14914.0,2023-01-07,8.0
2022-10-12,,,,,,,,,,,256.51436078641603,12.488194965863302,14914.0,2023-01-07,6.0
2022-10-13,,,,,,,,,,,244.832319228444,12.154241500327101,14914.0,2023-01-07,16.0
2022-10-14,,,,,,,,,,,232.55527742346698,8.35067409176248,14914.0,2023-01-07,8.0
2022-10-15,,,,,,,,,,,221.33790450030898,7.28961433698876,14914.0,2023-01-07,6.0
2022-10-16,,,,,,,,,,,212.254033544101,8.30355878197045,14914.0,2023-01-07,0.0
2022-10-17,,,,,,,,,,,205.800627694931,5.35637194206397,14914.0,2023-01-07,8.0
2022-10-18,,,,,,,,,,,200.161216051318,13.065104512163401,14914.0,2023-01-07,10.0
2022-10-19,,,,,,,,,,,196.802341591101,8.36476645186131,14914.0,2023-01-07,4.0
2022-10-20,,,,,,,,,,,188.53851544018798,6.78251519570651,14914.0,2023-01-07,4.0
2022-10-21,,,,,,,,,,,186.488951878622,7.67224866742224,14914.0,2023-01-07,22.0
2022-10-22,,,,,,,,,,,186.68903998238997,7.995384176012711,14914.0,2023-01-07,6.0
2022-10-23,,,,,,,,,,,190.526852800976,8.45535887123982,14914.0,2023-01-07,3.0
2022-10-24,,,,,,,,,,,196.543586175889,4.5390366054044,14914.0,2023-01-07,3.0
2022-10-25,,,,,,,,,,,202.321519043297,7.98102696535853,14914.0,2023-01-07,3.0
2022-10-26,,,,,,,,,,,207.24033040227403,7.45529732656971,14914.0,2023-01-07,0.0
2022-10-27,,,,,,,,,,,210.977817610838,6.174223961440211,14914.0,2023-01-07,8.0
2022-10-28,,,,,,,,,,,213.002980283462,5.529377509360651,14914.0,2023-01-07,5.0
2022-10-29,,,,,,,,,,,213.065601616167,5.9344305465434894,14914.0,2023-01-07,8.0
2022-10-30,,,,,,,,,,,211.14764529792598,5.4238829321310496,14914.0,2023-01-07,0.0
2022-10-31,,,,,,,,,,,207.76892793132,7.460637413916871,14914.0,2023-01-07,2.0
2022-11-01,,,,,,,,,,,202.17095959884998,7.21968811301037,14914.0,2023-01-07,10.0
2022-11-02,,,,,,,,,,,193.839806853328,5.98403368854937,14914.0,2023-01-07,18.0
2022-11-03,,,,,,,,,,,183.044441736769,6.42808011374214,14914.0,2023-01-07,6.0
2022-11-04,,,,,,,,,,,173.00931468745702,5.6175255224134695,14914.0,2023-01-07,22.0
2022-11-05,,,,,,,,,,,167.260598146822,5.3307540629628,14914.0,2023-01-07,6.0
2022-11-06,,,,,,,,,,,165.878429134842,3.49951945583627,14914.0,2023-01-07,1.0
2022-11-07,,,,,,,,,,,167.459043482784,4.2333382842496095,14914.0,2023-01-07,1.0
2022-11-08,,,,,,,,,,,172.322136818431,6.10834937042358,14914.0,2023-01-07,6.0
2022-11-09,,,,,,,,,,,183.50510736322,7.15490523580108,14914.0,2023-01-07,0.0
2022-11-10,,,,,,,,,,,202.86461103847302,3.62948808575615,14914.0,2023-01-07,3.0
2022-11-11,,,,,,,,,,,228.276877916884,8.76626300090997,14914.0,2023-01-07,6.0
2022-11-12,,,,,,,,,,,258.333912029862,8.38797232827764,14914.0,2023-01-07,5.0
2022-11-13,,,,,,,,,,,291.78337598592003,6.95835311234589,14914.0,2023-01-07,3.0
2022-11-14,,,,,,,,,,,327.749131439719,8.30773577614601,14914.0,2023-01-07,5.0
2022-11-15,,,,,,,,,,,363.054742791224,13.5376862854894,14914.0,2023-01-07,13.0
2022-11-16,,,,,,,,,,,395.33897251077,15.155898772168698,14914.0,2023-01-07,6.0
2022-11-17,,,,,,,,,,,423.75544075761,16.6883318748331,14914.0,2023-01-07,13.0
2022-11-18,,,,,,,,,,,447.287915649824,15.6486543188731,14914.0,2023-01-07,9.0
2022-11-19,,,,,,,,,,,465.342206284869,13.305592416850901,14914.0,2023-01-07,7.0
2022-11-20,,,,,,,,,,,477.247000797186,13.131635385579,14914.0,2023-01-07,10.0
2022-11-21,,,,,,,,,,,482.70988846384,14.061621001960301,14914.0,2023-01-07,34.0
2022-11-22,,,,,,,,,,,481.136800365057,26.606191766230396,14914.0,2023-01-07,112.0
2022-11-23,,,,,,,,,,,472.93616823433,27.64405012979,14914.0,2023-01-07,40.0
2022-11-24,,,,,,,,,,,454.880053547677,23.046082681404,14914.0,2023-01-07,49.0
2022-11-25,,,,,,,,,,,429.899697084446,24.207418883548,14914.0,2023-01-07,56.0
2022-11-26,,,,,,,,,,,401.274494706653,23.8588449980325,14914.0,2023-01-07,74.0
2022-11-27,,,,,,,,,,,370.487931337208,21.2825519212078,14914.0,2023-01-07,0.0
2022-11-28,,,,,,,,,,,338.563749346882,12.6022488032147,14914.0,2023-01-07,0.0
2022-11-29,,,,,,,,,,,307.103008368518,12.7141928977509,14914.0,2023-01-07,0.0
2022-11-30,,,,,,,,,,,276.858668217435,11.731544767179301,14914.0,2023-01-07,0.0
2022-12-01,,,,,,,,,,,248.29778634198,25.174464477100802,14914.0,2023-01-07,0.0
2022-12-02,,,,,,,,,,,222.167956479825,12.958200155503599,14914.0,2023-01-07,0.0
2022-12-03,,,,,,,,,,,198.70383280422502,26.704981074755203,14914.0,2023-01-07,0.0
2022-12-04,,,,,,,,,,,177.434365555178,18.9417494447341,14914.0,2023-01-07,0.0
2022-12-05,,,,,,,,,,,161.354437087197,12.366444178296799,14914.0,2023-01-07,0.0
2022-12-06,,,,,,,,,,,158.86349166929702,8.583807394052219,14914.0,2023-01-07,0.0
2022-12-07,,,,,,,,,,,163.181611410808,21.312687853384602,14914.0,2023-01-07,0.0
2022-12-08,,,,,,,,,,,168.049501033965,30.841328713289197,14914.0,2023-01-07,0.0
2022-12-09,,,,,,,,,,,174.29922931781002,28.4509040769452,14914.0,2023-01-07,0.0
2022-12-10,,,,,,,,,,,193.54758263518997,31.559622427737104,14914.0,2023-01-07,0.0
2022-12-11,,,,,,,,,,,225.163051518146,50.665205647634004,14914.0,2023-01-07,0.0
2022-12-12,,,,,,,,,,,266.407844743691,33.220936654409996,14914.0,2023-01-07,0.0
2022-12-13,,,,,,,,,,,327.14451044146,52.239188537927,14914.0,2023-01-07,0.0
2022-12-14,,,,,,,,,,,410.612897237763,52.0210000693812,14914.0,2023-01-07,0.0
2022-12-15,,,,,,,,,,,519.895095579792,34.6142061647232,14914.0,2023-01-07,0.0
2022-12-16,,,,,,,,,,,660.771052785683,93.67761968894779,14914.0,2023-01-07,0.0
2022-12-17,,,,,,,,,,,841.406638765708,138.25662384615802,14914.0,2023-01-07,0.0
2022-12-18,,,,,,,,,,,1072.29471900919,212.50085139787498,14914.0,2023-01-07,7835.0
2022-12-19,,,,,,,,,,,1367.01654666709,130.899967111779,14914.0,2023-01-07,416.0
2022-12-20,,,,,,,,,,,1741.31061417749,179.459804884972,14914.0,2023-01-07,441.0
2022-12-21,,,,,,,,,,,2203.7889934279997,142.33762250071,14914.0,2023-01-07,650.0
2022-12-22,,,,,,,,,,,2732.9273956385396,206.939716946707,14914.0,2023-01-07,521.0
2022-12-23,,,,,,,,,,,3296.6963533572903,376.364863833973,14914.0,2023-01-07,494.0